Company name,LA type,Start date,End date
Geovert Ground Engineering Pty Ltd,Company Specific,15-Dec-2022,14-Dec-2027
Milskil Pty Ltd,Company Specific,12-Jul-2023,11-Jul-2028
Lee Fishing Company Pty Ltd,Industry - Fishing,13-Jul-2023,12-Jul-2028
Rockfish 1 Pty Limited,Industry - Fishing,28-Nov-2022,27-Nov-2027
HARVEY INDUSTRIES GROUP PTY LTD,Skilled Refugee Pilot,23-Jan-2023,22-Jan-2028
Macro Meat Processing Pty Ltd,Industry - Meat,09-Feb-2023,08-Feb-2028
Teys Australia Naracoorte Pty Ltd,South Australia Regional DAMA,05-Jan-2022,04-Jan-2027
Wodonga Rendering Pty Ltd,Industry - Meat,28-Feb-2022,27-Feb-2027
Queensland Police Service,Company Specific,06-Feb-2023,05-Feb-2028
Ararat Abattoirs Pty Ltd,Industry - Meat,25-Oct-2022,24-Oct-2027
FLETCHER INTERNATIONAL EXPORTS PTY LTD,Orana DAMA,16-Feb-2023,15-Feb-2028
FLIGHT CENTRE TRAVEL GROUP LIMITED,GTS - Established business,22-Mar-2023,21-Mar-2028
THE BUDDHIST SOCIETY OF WA (INC.),Industry - Minister of Religion,22-Jun-2023,21-Jun-2028
NOSKE-KAESER MARINE AUSTRALIA PTY LTD,Adelaide City Tech and Innovation DAMA,25-Feb-2020,24-Feb-2025
Teys Australia Beenleigh Pty Ltd,Industry - Meat,12-May-2023,11-May-2028
TEYS AUSTRALIA BILOELA PTY LTD,Industry - Meat,12-May-2023,11-May-2028
Teys Australia Central Qld Pty Ltd,Industry - Meat,08-May-2023,07-May-2028
Dtown Group Pty Ltd,Northern Territory DAMA,27-Jul-2020,26-Jul-2025
Energy Resourcing Australia Pty Limited,Industry - On-Hire,01-Sep-2020,30-Aug-2025
ASC PTY LTD,Company Specific,16-Apr-2021,15-Apr-2026
Auspork Australia Pty Ltd,Industry - Meat,17-May-2021,16-May-2026
Australia Bay Seafoods Pty Ltd,Industry - Fishing,17-Mar-2021,16-Mar-2026
Australian Episcopal Conference of the Roman Catholic Church,Company Specific,22-Apr-2021,21-Apr-2026
AUSTRALIAN VINTAGE LTD,GTS - Established business,25-Feb-2021,24-Feb-2026
BARDOC GOLD LIMITED,Goldfields DAMA,23-Feb-2021,22-Feb-2026
BETTAFIELD PIGGERY PTY LTD,Industry - Pork,23-Feb-2021,22-Feb-2026
BJSS Australia Pty Ltd,GTS - Established business,28-Apr-2021,27-Apr-2026
Bolt Scaffolding Pty Ltd,Company Specific,11-May-2021,10-May-2026
Cape Australia Holdings Pty Ltd,Company Specific,17-Mar-2021,16-Mar-2026
CEFN PTY LTD,Industry - Pork,22-Mar-2021,21-Mar-2026
CHACEON PTY LTD,Industry - Fishing,30-Mar-2021,29-Mar-2026
CONCEPT CARE DISABILITY SOLUTIONS PTY LTD,Company Specific,03-May-2020,02-May-2025
CONDI PTY LTD,Industry – Premium Dining,17-Mar-2021,16-Mar-2026
Department of Defence,Company Specific,30-Mar-2021,29-Mar-2026
DONVALE PRESBYTERIAN CHURCH,Industry - Minister of Religion,17-Mar-2021,17-Mar-2026
DRA Pacific Pty Ltd,GTS - Established business,15-Mar-2021,14-Mar-2026
EVANGELICAL FREE CHURCH OF AUSTRALIA,Industry - Minister of Religion,10-Mar-2021,09-Mar-2026
EXMOUTH CHRISTIAN FELLOWSHIP,Industry - Minister of Religion,10-Mar-2021,09-Mar-2026
FLICK ANTICIMEX PTY LTD,GTS - Established business,17-May-2021,16-May-2026
Food Security International Pty Ltd,Industry - Pork,11-May-2021,10-May-2026
Free Reformed Church of Legana,Industry - Minister of Religion,05-Mar-2021,04-Mar-2026
GEORGE WESTON FOODS LIMITED,Company Specific,12-Apr-2021,11-Apr-2026
HAMPTON TRANSPORT SERVICES PTY LTD,Goldfields DAMA,13-May-2021,12-May-2026
KL Fishing Pty Ltd,Industry - Fishing,03-May-2021,02-May-2026
KLOKAN FISHING PTY LTD,Industry - Fishing,11-May-2021,12-May-2026
KTE Mining Services Pty Ltd,Goldfields DAMA,13-May-2021,12-May-2026
Little Possums Childcare & Early Learning Centre Pty Ltd,Orana DAMA,25-Feb-2021,24-Feb-2026
Manpower Services (Australia) Pty Ltd,Industry - On-Hire,01-Mar-2021,28-Feb-2026
Monash University,GTS - Established business,31-Mar-2021,30-Mar-2026
MPJS PTY LTD,Industry - Fishing,31-Mar-2021,30-Mar-2026
NETWORK NURSING AGENCY PTY LTD,Industry - On-Hire,02-Mar-2021,01-Mar-2026
NORTHPOINTE BAPTIST CHURCH INCORPORATED,Industry - Minister of Religion,16-Apr-2021,14-Apr-2026
ONE2ONE GILLIES STREET CHURCH OF CHRIST,Industry - Minister of Religion,05-Mar-2021,04-Mar-2026
ONG NOMINEES (WA) PTY LTD,Goldfields DAMA,28-Apr-2021,27-Apr-2026
PERTH CHINESE CHRISTIAN CHURCH,Industry - Minister of Religion,19-Mar-2021,18-Mar-2026
POLYGLOT GROUP PTY LIMITED,Industry - On-Hire,31-Mar-2021,30-Mar-2026
Reliable Nursing Agency Pty Ltd,Industry - On-Hire,30-Mar-2021,29-Mar-2026
RISEN ENERGY (AUSTRALIA) PTY LTD,GTS - Established business,06-May-2021,05-May-2026
Ryans Management Pty Ltd,Great South Coast DAMA,06-May-2021,05-May-2026
SAI HS KALYAN PTY LTD,Northern Territory DAMA,05-Mar-2021,04-Mar-2026
St Joseph's Catholic College,Northern Territory DAMA,29-Apr-2021,28-Apr-2026
Swoop Aero Pty Ltd,GTS - Start up,17-Mar-2021,16-Mar-2026
The Green Gallery Pty Ltd,Industry - Horticulture,16-Apr-2021,15-Apr-2026
Rugby Employment Pty Ltd,Industry - Horticulture,05-May-2021,04-May-2026
The Trustee for the G H A L & A T Bremner Produce Trust,Industry - Horticulture,28-Apr-2021,27-Apr-2026
VINCENT CIRILLO & PATRICIA CIRILLO,Industry - Horticulture,03-May-2021,02-May-2026
VOYAGER SEAFOODS PTY LTD,Industry - Fishing,19-Mar-2021,18-Mar-2026
West Hills Farm Pty Ltd,Industry - Horticulture,29-Apr-2021,28-Apr-2026
A.J GALLO & J.A GALLO,Far North Queensland DAMA,10-Aug-2021,09-Aug-2026
Accenture Australia Holdings Pty Ltd,Skilled Refugee Pilot,06-Aug-2021,05-Aug-2026
ACTS GLOBAL CHURCHES LIMITED,Industry - Minister of Religion,24-Jun-2021,23-Jun-2026
AGRIFRESH PTY LTD,Industry - Horticulture,02-Aug-2021,01-Aug-2026
Ahmadiyya Muslim Association Australia,Industry - Minister of Religion,01-Jul-2021,30-Jun-2026
AL SIRAAT COLLEGE INC,Industry - Minister of Religion,08-Sep-2021,07-Sep-2026
ALJOTA PTY LTD,Industry - Pork,23-Aug-2021,22-Aug-2026
ALL ABOUT PIZZA PTY LTD,Northern Territory DAMA,01-Jul-2021,30-Jun-2026
ALL FENCE & GATES (NT) PTY LTD,Northern Territory DAMA,19-Jul-2021,18-Jul-2026
ALL RUBBER TMH PTY LTD,Company Specific,16-Jul-2021,15-Jul-2026
ALL RUBBER TMH PTY LTD,Goldfields DAMA,15-Jul-2021,14-Jul-2026
AMDOCS (AUSTRALIA) PTY LTD,GTS - Established business,29-Jun-2021,28-Jun-2026
AMIGOS MEXICAN CANTINA PTY LTD,Northern Territory DAMA,26-Jul-2021,25-Jul-2026
ARABIC PRESBYTERIAN CHURCH,Industry - Minister of Religion,12-Jul-2021,11-Jul-2026
AUSTRALIAN FOOD GROUP PTY LTD,Industry - Meat,17-Jun-2021,16-Jun-2026
Bluemar Pty Ltd,Skilled Refugee Pilot,13-Jul-2021,12-Jul-2026
BMS Heavy Cranes Australia Pty Ltd,Company Specific,11-Aug-2021,10-Aug-2026
Bohemia Group Pty Ltd,Industry - Advertising,06-Jul-2021,05-Jul-2026
Boston Scientific Pty Ltd,GTS - Established business,24-Aug-2021,23-Aug-2026
BRISBANE BUDDHIST VIHARA (TEMPLE) INC,Industry - Minister of Religion,02-Aug-2021,01-Aug-2026
Cadopen Pty. Ltd.,Industry - Meat,01-Jul-2021,30-Jun-2026
CAIRNS BUNGY CENTRE PTY. LTD.,Far North Queensland DAMA,02-Jun-2021,01-Jun-2026
BW THOMAS NOMINEES PTY LTD ATF BW THOMAS FAMILY TRUST AND HELEN JOANNA THOMAS AND WAYNE MICHAEL THOMAS,South Australia Regional DAMA,15-Sep-2021,14-Sep-2026
Canberra Austral-Asian Christian Church Inc,Industry - Minister of Religion,13-Sep-2021,12-Sep-2026
Canning Orchard Pty Ltd,Company Specific,09-Aug-2021,08-Aug-2026
CHANCELLOR PARK COMMUNITY CHURCH,Industry - Minister of Religion,10-Sep-2021,09-Sep-2026
CHE PROXIMITY PTY LTD,Industry - Advertising,16-Jun-2021,15-Jun-2026
CO.AS.IT. - ITALIAN ASSISTANCE ASSOCIATION,Company Specific,21-Sep-2021,20-Sep-2026
Cooktown Bowls Club Incorporated,Far North Queensland DAMA,25-Aug-2021,24-Aug-2026
DISCIPLES CHURCH INCORPORATED,Industry - Minister of Religion,13-Jul-2021,12-Jul-2026
DIXIE RIDGE FARM PTY LTD,Great South Coast DAMA,12-Jul-2021,11-Jul-2026
DUBPLAST PTY LIMITED,Orana DAMA,25-Jun-2021,24-Jun-2026
Emerge Church Ltd,Industry - Minister of Religion,09-Jul-2021,08-Jul-2026
EVERY HOME GLOBAL CONCERN LIMITED,Industry - Minister of Religion,29-Jun-2021,28-Jun-2026
EVERY NATION MELBOURNE INC,Industry - Minister of Religion,11-Jun-2021,10-Jun-2026
Faith Baptist Christian School,Industry - Minister of Religion,15-Jul-2021,14-Jul-2026
Familiga Pty Ltd,Northern Territory DAMA,04-Aug-2021,03-Aug-2026
Fannie Bay Cool Spot Pty Ltd,Northern Territory DAMA,22-Jun-2021,21-Jun-2026
FOR YOUNG SYNERGY PTY LTD,Adelaide City Tech and Innovation DAMA,15-Jul-2021,14-Jul-2026
Fortune Coffee Pty Ltd,Northern Territory DAMA,13-Sep-2021,12-Sep-2026
FRANKLIN TEMPLETON INVESTMENTS AUSTRALIA LTD,GTS - Established business,22-Jun-2021,21-Jun-2026
FORTUNATE COOKIES PTY LTD,Northern Territory DAMA,17-Aug-2021,16-Aug-2026
Frew Foods International Pty Ltd,Industry - Meat,17-Jun-2021,16-Jun-2026
FRUIT MASTER FARM OPERATIONS PTY LTD,Industry - Horticulture,08-Sep-2021,07-Sep-2026
GCI Consulting Pty Ltd,Industry - On-Hire,16-Jun-2021,15-Jun-2026
GILLEBRI COTTON CO PTY LTD,Industry - Horticulture,23-Jul-2021,22-Jul-2026
GLOBAL MISSION CHURCH OF GOLD COAST,Industry - Minister of Religion,04-Aug-2021,03-Aug-2026
GOLD COAST CHINESE CHRISTIAN CHURCH INC,Industry - Minister of Religion,16-Jun-2021,15-Jun-2026
GOLDEN CUP PTY. LTD.,Great South Coast DAMA,17-Aug-2021,16-Aug-2026
HAPPY GARDENS DARWIN CENTRAL PTY LTD,Northern Territory DAMA,16-Jun-2021,15-Jun-2026
Holmelea Farm Trust,Great South Coast DAMA,02-Aug-2021,01-Aug-2026
HRSG Australasia Pty Ltd,Northern Territory DAMA,29-Jul-2021,28-Jul-2026
ICOMPLY HORTICULTURAL COMPLIANCE SPECIALISTS PTY LIMITED,Industry - Horticulture,30-Jul-2021,29-Jul-2026
IQRA YOUTH WELFARE CENTRE INC.,Industry - Minister of Religion,02-Sep-2021,01-Sep-2026
Islamic Charitable Organisation Pty Ltd,Industry - Minister of Religion,26-Aug-2021,25-Aug-2026
ISphere Global Pty Ltd,GTS - Established business,13-Sep-2021,12-Sep-2026
J & N HAW UT PTY LTD,Industry - Horticulture,16-Jun-2021,15-Jun-2026
J.V MORGAN FRENCH & C.A MORGAN-FRENCH,Industry - Dairy,16-Jul-2021,15-Jul-2026
JAS Trawl Pty Ltd,Industry - Fishing,03-Jun-2021,02-Jun-2026
JJL (NT) PTY LTD,Northern Territory DAMA,25-Aug-2021,24-Aug-2026
K Food Land Pty Ltd,Northern Territory DAMA,02-Sep-2021,01-Sep-2026
KALREGAL PTY LTD,Industry - Horticulture,09-Aug-2021,08-Aug-2026
KANDASAMY (NT) PTY LTD,Northern Territory DAMA,11-Aug-2021,10-Aug-2026
Kyvalley Farms Pty Ltd,Industry - Dairy,02-Sep-2021,01-Sep-2026
Landy Centre Cairns Pty Ltd.,Far North Queensland DAMA,06-Sep-2021,05-Sep-2026
Leigh Presbyterian Charge,Industry - Minister of Religion,23-Jul-2021,22-Jul-2026
LIBERTY CHURCH INC,Industry - Minister of Religion,19-Aug-2021,18-Aug-2026
LOBETHAL ABATTOIRS PTY LTD,Industry - Meat,22-Sep-2021,21-Sep-2026
M & H ACOCKS PTY LTD,Industry - Dairy,05-Aug-2021,04-Aug-2026
M.A NEVILL & T.L NEVILL,Great South Coast DAMA,07-Sep-2021,06-Sep-2026
MACEDONIAN ORTHODOX COMMUNITY OF THE CITY OF GREATER WOLLONGONG 'SAINT DIMITRIJA SOLUNSKI',Industry - Minister of Religion,01-Jul-2021,30-Jun-2026
MAF INTERNATIONAL,Company Specific,24-Jun-2021,23-Jun-2026
Maranello Trading Pty Ltd,South Australia Regional DAMA,17-May-2021,16-May-2026
MATT HOLMES CONCRETE& STEEL FIXING PTY LTD,Northern Territory DAMA,07-Jun-2021,06-Jun-2026
MAX CRANE & EQUIPMENT HIRE (SA) PTY LTD,Company Specific,22-Jun-2021,21-Jun-2026
MEDIABRANDS AUSTRALIA PTY LTD,Industry - Advertising,20-Jul-2021,19-Jul-2026
MELBOURNE HOSANNA CHURCH OF CHRIST,Industry - Minister of Religion,17-Jun-2021,16-Jun-2026
Mt Boothby Pastoral Co Pty Limited,South Australia Regional DAMA,09-Aug-2021,08-Aug-2026
MYUNGSUNG PRESBYTERIAN CHURCH OF SYDNEY INC,Industry - Minister of Religion,18-Aug-2021,17-Aug-2026
NB AUTOMOTIVE PTY LTD,Northern Territory DAMA,07-Sep-2021,06-Sep-2026
NINTH TEPELUX PTY LTD,Industry - Horticulture,28-May-2021,27-May-2026
NIXIL PTY LTD,Company Specific,06-Jul-2021,05-Jul-2026
NORTHERN BEACHES PRESBYTERIAN CHURCH,Industry - Minister of Religion,20-Sep-2021,19-Sep-2026
NORTHERN COOPERATIVE MEAT COMPANY LTD,Industry - Meat,19-Apr-2021,18-Apr-2026
ONE STONE WORKS PTY LTD,Northern Territory DAMA,15-Jul-2021,14-Jul-2026
Ormeggio Pty Ltd,Industry – Premium Dining,08-Jul-2021,07-Jul-2026
Oven Fresh Bakers PTY LTD,Northern Territory DAMA,06-Sep-2021,05-Sep-2026
Parramatta Islamic Cultural Association Incorporated,Industry - Minister of Religion,08-Jul-2021,07-Jul-2026
Pegasus International Logistics Pty Ltd,Adelaide City Tech and Innovation DAMA,05-Aug-2021,04-Aug-2026
PENINSULA HEALTH,Company Specific,04-Aug-2021,03-Aug-2026
"PHAM, THI BACH TUYET",Northern Territory DAMA,19-Jul-2021,18-Jul-2026
PILU AT FRESHWATER PTY LTD,Industry – Premium Dining,03-Aug-2021,02-Aug-2026
PUBLICIS COMMUNICATIONS AUSTRALIA PTY LTD,Industry - Advertising,03-Aug-2021,02-Aug-2026
PUBLICIS MEDIA AUSTRALIA PTY LTD,Industry - Advertising,03-Aug-2021,02-Aug-2026
J F & A M Boyd,Great South Coast DAMA,28-Jul-2021,27-Jul-2026
RALPHS MEAT COMPANY PTY LTD,Industry - Meat,09-Jul-2021,08-Jul-2026
REFINITIV AUSTRALIA PTY LIMITED,GTS - Established business,14-Jul-2021,13-Jul-2026
Rema Tip Top Industrie Pty Ltd,Company Specific,09-Jun-2021,08-Jun-2026
ROD PILON TRANSPORT PTY LTD,Orana DAMA,05-Aug-2021,04-Aug-2026
ROSENC Pty Ltd,Industry - Fishing,22-Sep-2021,21-Sep-2026
Safran Helicopter Engines Australia Pty Ltd,Company Specific,26-Jul-2021,25-Jul-2026
SEA HARVEST FISHING COMPANY PTY LTD,Industry - Fishing,16-Aug-2021,15-Aug-2026
SEVEN FIELDS PTY LTD,Industry - Horticulture,30-Aug-2021,29-Aug-2026
Solidarity Cleaning Services Pty Ltd,Northern Territory DAMA,02-Aug-2021,01-Aug-2026
SOUSEIKAI INTERNATIONAL PTY. LTD.,Company Specific,06-Sep-2021,05-Sep-2026
Sunpork Consolidated Pty Ltd,Industry - Pork,25-May-2021,24-May-2026
SYDNEY JIREH PRESBYTERIAN CHURCH INC,Industry - Minister of Religion,03-Aug-2021,02-Aug-2026
SYMES AGRICULTURE PTY LTD,Northern Territory DAMA,23-Aug-2021,22-Aug-2026
SYNOD OF DIOCESE OF ADELAIDE OF ANGLICAN CHURCH OF AUST INC,Industry - Minister of Religion,21-Jul-2021,20-Jul-2026
T & N DANG PTY LTD,Northern Territory DAMA,26-Aug-2021,25-Aug-2026
Ten Minutes By Tractor Wine Co Pty Ltd,Industry – Premium Dining,01-Sep-2021,31-Aug-2026
TENRIKYO OCEANIA CENTRE LIMITED,Industry - Minister of Religion,15-Jul-2021,14-Jul-2026
Territory Child Care Group Inc,Northern Territory DAMA,09-Jun-2021,08-Jun-2026
THE DIOCESE OF THE ARMENIAN CHURCH OF AUSTRALIA AND NEW ZEALAND (PROPERTIES) LTD,Industry - Minister of Religion,06-May-2021,05-May-2026
THE JEWELLERY GROUP PTY LIMITED,Adelaide City Tech and Innovation DAMA,23-Jun-2021,22-Jun-2026
The Trustee for Hillsong Church Australia,Industry - Minister of Religion,18-Aug-2021,17-Aug-2026
The Trustee for MARK OBERTHUR FAMILY TRUST,Far North Queensland DAMA,11-Aug-2021,10-Aug-2026
THE UNITING CHURCH IN AUSTRALIA PROPERTY TRUST (VICTORIA),Industry - Minister of Religion,20-Aug-2021,19-Aug-2026
THI NGOC HIEU NGUYEN & VAN BUI,Goldfields DAMA,27-Aug-2021,26-Aug-2026
THUBTEN SHEDRUP LING MONASTERY INC,Industry - Minister of Religion,15-Sep-2021,14-Sep-2026
TIPU PTY LTD,Industry – Premium Dining,29-Jun-2021,28-Jun-2026
TOOWOOMBA ISLAMIC CHARITABLE ORGANISATION PTY LTD,Industry - Minister of Religion,13-Jul-2021,12-Jul-2026
TOTAL SOLUTIONS (QLD) PTY LTD,Far North Queensland DAMA,02-Jul-2021,01-Jul-2026
Touch Community Church Incorporated,Industry - Minister of Religion,21-Jul-2021,20-Jul-2026
TROPICANA BANANA PTY LIMITED,Far North Queensland DAMA,27-Jul-2021,26-Jul-2026
VANGATE PTY. LTD,Far North Queensland DAMA,22-Sep-2021,21-Sep-2026
VERSATILE PROPERTY SERVICES PTY LTD,Industry - On-Hire,11-Jun-2021,10-Jun-2026
Veterinary Emergency Treatment Services Pty Ltd,Far North Queensland DAMA,07-Jun-2021,06-Jun-2026
VIGR HOLDINGS PTY LTD,Northern Territory DAMA,04-Aug-2021,03-Aug-2026
Viticon Investments Pty Ltd,Industry - Horticulture,05-Aug-2021,04-Aug-2026
Vue Group Pty Ltd,Industry – Premium Dining,05-Aug-2021,04-Aug-2026
WAVERTREE FARMS (NSW) PTY LTD,Industry - Horticulture,07-Sep-2021,06-Sep-2026
Wendy Dorothy Jones,Industry - Dairy,22-Jun-2021,21-Jun-2026
WOODWARD FOODS AUSTRALIA PTY LTD,Industry - Meat,04-Aug-2021,03-Aug-2026
YAMBUK DAIRIES LP,Great South Coast DAMA,30-Jul-2021,29-Jul-2026
YOUNGHOLMES PTY LTD,Company Specific,17-Sep-2021,16-Sep-2026
Adara Development (Australia),Skilled Refugee Pilot,07-Feb-2022,06-Feb-2027
Ai Group Limited,Skilled Refugee Pilot,04-Feb-2022,03-Feb-2027
ALDI STORES (A LIMITED PARTNERSHIP),GTS - Established business,29-Jun-2021,28-Jun-2026
ALICE SPRINGS CASINO OPERATIONS PTY LTD,Northern Territory DAMA,11-Feb-2022,10-Feb-2027
Alice Springs Islamic Society Inc,Industry - Minister of Religion,20-Oct-2021,19-Oct-2026
Ampeadji Pty Ltd,Orana DAMA,07-Dec-2021,06-Dec-2026
APNIC Pty Ltd,Skilled Refugee Pilot,05-Jan-2022,04-Jan-2027
ARTEMIS AGRICULTURE PTY LTD ATF ARTEMIS AGRICULTURE TRUST,Industry - Horticulture,29-Nov-2021,28-Nov-2026
australian islamic cultural center,Industry - Minister of Religion,15-Oct-2021,14-Oct-2026
Australian Longline Fishing Pty Ltd,Industry - Fishing,13-Dec-2021,12-Dec-2026
Australian Ocean Producers Pty Ltd,Industry - Fishing,06-Aug-2021,05-Aug-2026
AUSTRALIAN SUSTAINABLE TIMBERS PTY LIMITED,Skilled Refugee Pilot,11-Jan-2022,10-Jan-2027
Baillies Longitude 131 Pty Ltd,Northern Territory DAMA,10-Jan-2022,09-Jan-2027
BANCROFT CONSULTING PTY. LIMITED,Company Specific,24-Feb-2022,23-Feb-2027
BEAUTE ON THE MALL PTY LTD,Northern Territory DAMA,10-Dec-2021,09-Dec-2026
Bernardi Group Pty Ltd,Company Specific,16-Mar-2022,15-Mar-2027
BERRAFORD PTY LTD,Industry - Pork,17-Feb-2022,16-Feb-2027
BERRY HOLDINGS OF AUSTRALIA PTY LTD & COSTA BERRY HOLDINGS PTY LTD,Industry - Horticulture,01-Mar-2022,28-Feb-2027
Bethany Brisbane International Church Inc.,Industry - Minister of Religion,11-Oct-2021,10-Oct-2026
BEYOND ESSENTIAL SYSTEMS PTY LTD,Company Specific,05-Oct-2021,04-Oct-2026
Bingil Bay Beef Pty Ltd,Industry - Meat,20-Jan-2022,19-Jan-2027
Bishdun Pty Ltd,Northern Territory DAMA,07-Mar-2022,06-Mar-2027
Bowhill Engineering Pty Ltd,South Australia Regional DAMA,21-Feb-2022,20-Feb-2027
Bradken Resources Pty Limited,South Australia Regional DAMA,25-Nov-2021,24-Nov-2026
BRILLIANT BOTON (AUSTRALIA) CONVEYOR SERVICES PTY LTD,Company Specific,07-Mar-2022,06-Mar-2027
Bristol-Myers Squibb Australia Pty Ltd,GTS - Established business,21-Dec-2021,20-Dec-2026
Budage Pty Ltd,Skilled Refugee Pilot,10-Feb-2022,09-Feb-2027
CA & JL PEACOCK,Industry - Dairy,03-Mar-2022,02-Mar-2027
Callaghan Motors PTY LTD,Great South Coast DAMA,21-Feb-2022,20-Feb-2027
Carinya Home for the Aged,Far North Queensland DAMA,28-Feb-2022,27-Feb-2027
Cast Professional Services Pty Ltd,Skilled Refugee Pilot,12-Nov-2021,11-Nov-2026
Castlegate Dental Associates PTY LTD ATF Castlegate Family Dental Care Unit Trust,Company Specific,29-Apr-2021,28-Apr-2026
CCL FAMILY INVESTMENT PTY LTD,Far North Queensland DAMA,06-Dec-2021,05-Dec-2026
Celebrate Messiah Ltd,Industry - Minister of Religion,17-Dec-2021,16-Dec-2026
CELLCON AUSTRALIA PTY LTD,Company Specific,15-Nov-2021,14-Nov-2026
CENTRAL DESERT DISTRIBUTORS PTY LTD,Company Specific,18-Nov-2021,17-Nov-2026
Charles I.F.E. Pty Ltd,Industry - Pork,24-Jan-2022,23-Jan-2027
THE CHINESE CHRISTIAN CHURCH,Industry - Minister of Religion,30-Sep-2021,29-Sep-2026
Chris Barnard Nursing Agency Pty Ltd,Industry - On-Hire,28-Jan-2022,27-Jan-2027
Christian Aboriginal Parent Directed School Kurrawang,Goldfields DAMA,17-Jan-2022,16-Jan-2027
CHURCH OF GOD WORLD MISSION SOCIETY INCORPORATED,Industry - Minister of Religion,05-Oct-2021,04-Oct-2026
Clipper Pearls Pty Ltd,Company Specific,24-Dec-2021,23-Dec-2026
COBAR SHIRE COUNCIL,Orana DAMA,21-Oct-2021,20-Oct-2026
Comfresh Pty Ltd,Industry - Horticulture,11-Mar-2022,10-Mar-2027
Conlon Management Pty Ltd,Industry - On-Hire,31-Jan-2023,30-Jan-2028
COPTIC ORTHODOX CHURCH - DIOCESE OF SYDNEY AND AFFILIATED REGIONS,Industry - Minister of Religion,01-Nov-2021,31-Oct-2026
Coptic Orthodox Church Diocese of Melbourne,Industry - Minister of Religion,06-Sep-2021,05-Sep-2026
CSDC Nominees Pty Ltd,Northern Territory DAMA,12-Jul-2021,11-Jul-2026
CURIUM PTY LIMITED,Far North Queensland DAMA,02-Dec-2021,01-Dec-2026
D. TRANDOS & SONS PTY LTD,Industry - Horticulture,28-Jan-2022,27-Jan-2027
D.M O'BRIEN & M.J O'BRIEN & T.M O'BRIEN,Orana DAMA,31-Jan-2022,30-Jan-2027
DANG & VU ENTERPRISE PTY LTD,Northern Territory DAMA,15-Oct-2021,14-Oct-2026
DAY CONSULTING PTY LTD,Skilled Refugee Pilot,03-Nov-2021,02-Nov-2026
DAYS EGGS PTY LTD,South Australia Regional DAMA,12-Jan-2022,11-Jan-2027
EC CARPETS PTY LTD,South Australia Regional DAMA,24-Sep-2021,23-Sep-2026
Edjones Pty Ltd as Trustee for Edward Jones Family Trust,Company Specific,19-Jan-2022,18-Jan-2027
EL- JASBELLA GROUP HR PTY LTD,South Australia Regional DAMA,04-Mar-2022,03-Mar-2027
EMU DOWNS WA PTY LTD,Industry - Pork,20-Dec-2021,19-Dec-2026
ENSPEC PTY LTD,Company Specific,12-Nov-2021,11-Nov-2026
Epilogue Enterprises Pty Ltd,Northern Territory DAMA,09-Dec-2021,08-Dec-2026
ERNST & YOUNG SERVICES PTY LIMITED,Skilled Refugee Pilot,28-Jan-2022,27-Jan-2027
Exact Contracting Services Pty Ltd,Northern Territory DAMA,31-Jan-2022,30-Jan-2027
Faith Community Church Inc,Industry - Minister of Religion,06-Dec-2021,05-Dec-2026
Fitzroy Island Investments Pty Ltd,Far North Queensland DAMA,17-Nov-2021,16-Nov-2026
FOSTERS PRACTICE GROUP PTY LTD ATF FOSTERS PRACTICE TRUST,Company Specific,01-Dec-2021,30-Nov-2026
FREE SERBIAN ORTHODOX CHURCH & SCHOOL CONGREGATION OF ST SAVA AT HINDMARCH SA INC,Industry - Minister of Religion,29-Oct-2021,28-Oct-2026
Freedom Dairying Pty Ltd,Great South Coast DAMA,23-Nov-2021,22-Nov-2026
FUSE HAIR AND BEAUTY PTY LTD,Northern Territory DAMA,06-Jan-2022,05-Jan-2027
Gap Child Care Community Centre,Northern Territory DAMA,09-Dec-2021,08-Dec-2026
GERMAN LUTHERAN CHURCH SYDNEY INC,Industry - Minister of Religion,02-Nov-2021,01-Nov-2026
"GONZALEZ FONTE, MAXIMILIANO HERNAN",Northern Territory DAMA,22-Dec-2021,21-Dec-2026
GOOD NEWS FELLOWSHIP OF THE RUSSIAN SPEAKING SLAVIC EVANGELICAL BAPTISTS IN SYDNEY,Industry - Minister of Religion,05-Nov-2021,04-Nov-2026
GRAY CHILD CARE CENTRE INCORPORATED,Northern Territory DAMA,17-Dec-2021,16-Dec-2026
GREENMOUNTAIN FOOD PROCESSING PTY LTD,Industry - Meat,10-Nov-2021,09-Nov-2026
GROUP HOMES AUSTRALIA PTY LTD,Company Specific,08-Oct-2021,07-Oct-2026
GroupM Communications Pty Ltd,Industry - Advertising,08-Jul-2021,07-Jul-2026
GUNPORK MANAGEMENT PTY LIMITED,Industry - Pork,15-Nov-2021,14-Nov-2026
H&O KILPATRICK PTY LTD,Great South Coast DAMA,24-Nov-2021,23-Nov-2026
HACHETTE AUSTRALIA PTY LTD,Skilled Refugee Pilot,22-Feb-2022,21-Feb-2027
HARDWICKS MEAT WORKS PTY LTD,Industry - Meat,11-Feb-2022,10-Feb-2027
Hindu Society of NT INC,Industry - Minister of Religion,22-Oct-2021,21-Oct-2026
HOPSCOTCH & CO PTY LTD,Far North Queensland DAMA,01-Nov-2021,31-Oct-2026
HOUSE OF CARNIVORE PTY LTD,South Australia Regional DAMA,05-Jan-2022,04-Jan-2027
Inside Out Nutritious Goods Pty Ltd,Company Specific,16-Feb-2022,15-Feb-2027
IRESS LIMITED,Skilled Refugee Pilot,18-Oct-2021,17-Oct-2026
IT & KM RICHARDSON & THE STELVA PTY LTD,Company Specific,20-Sep-2021,19-Sep-2026
J A BRAUN INVESTMENTS PTY LTD,Industry - Pork,12-Jan-2022,11-Jan-2027
JA & NJ BAKER PTY LTD,Orana DAMA,07-Feb-2022,06-Feb-2027
JAGNER INVESTMENTS PTY LTD,Far North Queensland DAMA,11-Mar-2022,10-Mar-2027
Jaliz Enterprises Pty Ltd,Company Specific,11-Nov-2021,10-Nov-2026
JBS AUSTRALIA PTY LIMITED,Industry - Meat,12-Jan-2023,11-Jan-2028
Jet Aviation Australia Pty Ltd,Far North Queensland DAMA,30-Nov-2021,29-Nov-2026
JMJ Disability Services,Northern Territory DAMA,05-Jan-2022,04-Jan-2027
JOFIRA PTY LTD ATF JOFIRA UNIT TRUST,Far North Queensland DAMA,17-Dec-2021,16-Dec-2026
John Frankham Pty Ltd,Company Specific,05-Nov-2021,04-Nov-2026
Johnson & Johnson Medical Pty Ltd,Company Specific,16-Feb-2022,15-Feb-2027
JPS Retail Services Pty Ltd,South Australia Regional DAMA,16-Nov-2021,15-Nov-2026
K.E.A. PTY LTD,Far North Queensland DAMA,07-Oct-2021,06-Oct-2026
KALADARI HOLDINGS PTY. LTD.,South Australia Regional DAMA,21-Dec-2021,20-Dec-2026
Kalidonis Hotels Pty Ltd,Northern Territory DAMA,26-Nov-2021,25-Nov-2026
Karingal Pty Ltd,Company Specific,21-Oct-2021,20-Oct-2026
KATHERINE CLUB INC,Northern Territory DAMA,17-Dec-2021,16-Dec-2026
Kentish Lifelong Learning and Care Inc,Northern Territory DAMA,28-Sep-2021,27-Sep-2026
Kew Art Pty Ltd ATF Ewart Family Trust,Company Specific,11-Nov-2021,10-Nov-2026
KINGSLEY'S CHICKEN PTY LTD,Company Specific,15-Nov-2021,14-Nov-2026
Kushi 1914 Pty Ltd,Far North Queensland DAMA,10-Dec-2021,09-Dec-2026
L.P & B.J. ALLEN PTY. LTD.,Great South Coast DAMA,25-Oct-2021,24-Oct-2026
LACY BROS PTY LTD,Company Specific,19-Oct-2021,18-Oct-2026
Lai Industries PTY LTD,South Australia Regional DAMA,04-Mar-2022,03-Mar-2027
LAMATTINA HOLDINGS PTY LTD,Industry - Horticulture,15-Mar-2022,14-Mar-2027
Laynhapuy Homelands Aboriginal Corporation,Northern Territory DAMA,01-Feb-2022,31-Jan-2027
LEGION DRILLING PTY LTD,Company Specific,21-Jan-2022,20-Jan-2027
LIBERTY FIELDS PORK PTY LTD,Industry - Pork,25-Oct-2021,24-Oct-2026
LIMESTONE BUILDING BLOCK COMPANY PTY LTD,Company Specific,20-Dec-2021,19-Dec-2026
LORTSIM PTY LTD,Industry - Horticulture,22-Nov-2021,21-Nov-2026
Lorwellen Farming Pty Ltd,Skilled Refugee Pilot,08-Oct-2021,07-Oct-2026
Lucky Saddle PTY LTD,Northern Territory DAMA,27-Jul-2021,26-Jul-2026
L'UNICO TRATTORIA PTY LTD,Far North Queensland DAMA,22-Feb-2022,21-Feb-2027
M&J LANTERI PTY LTD,Industry - Horticulture,30-Sep-2021,29-Sep-2026
Mai Wiru Regional Stores Council Aboriginal Corporation,Northern Territory DAMA,15-Mar-2022,14-Mar-2027
Mandurah Physiotherapy Pty Ltd,Company Specific,21-Jan-2022,20-Jan-2027
MARRONE FRESH PTY LTD,South Australia Regional DAMA,17-Aug-2021,16-Aug-2026
Martin Engineering Australia Pty. Ltd.,Company Specific,01-Mar-2022,28-Feb-2027
Mary Help of Christians Limited,Industry - Minister of Religion,25-Oct-2021,24-Oct-2026
MBC National Pty Ltd,Great South Coast DAMA,06-Jan-2022,05-Jan-2027
MBL BANANAS PTY LTD,Far North Queensland DAMA,01-Oct-2021,30-Sep-2026
MCELLIGOTTS (QLD) PTY LTD,Company Specific,12-Jan-2022,11-Jan-2027
MEGA HAND CAR WASH PTY LTD,Goldfields DAMA,08-Dec-2021,07-Dec-2026
MERINO & CO. PTY LTD,Company Specific,28-Feb-2022,27-Feb-2027
Methodist Church in Australia Inc,Industry - Minister of Religion,16-Sep-2021,15-Sep-2026
MICHAEL CASSEL GROUP PTY LTD,Company Specific,14-Dec-2021,13-Dec-2026
MINISTRY OF HEALTH,Company Specific,13-Jan-2022,12-Jan-2027
MINTER ELLISON SERVICES PTY LIMITED,Skilled Refugee Pilot,28-Jan-2022,27-Jan-2027
My Support My Way Pty Ltd,Adelaide City Tech and Innovation DAMA,17-Dec-2021,16-Dec-2026
MYER PTY LTD,GTS - Established business,05-Oct-2021,04-Oct-2026
MyModular Pty Ltd,South Australia Regional DAMA,09-Mar-2022,08-Mar-2027
NARASELL PTY. LIMITED,Industry - Meat,26-Aug-2021,25-Aug-2026
Newall Holdings Pty Ltd,Goldfields DAMA,02-Jun-2021,01-Jun-2026
North Australia Global Services,Northern Territory DAMA,09-Mar-2022,08-Mar-2027
North Australian Fishing Co. Pty Ltd,Industry - Fishing,15-Feb-2022,14-Feb-2027
Olivet Assembly Incorporated,Industry - Minister of Religion,22-Nov-2021,21-Nov-2026
ONE TREE COMMUNITY SERVICES INC,Northern Territory DAMA,16-Dec-2021,15-Dec-2026
P BREYER-MENKE & D.R MENKE & P.A RING,Northern Territory DAMA,06-Dec-2021,05-Dec-2026
P.J. MEATS PTY.LTD.,Industry - Meat,18-Nov-2021,17-Nov-2026
PACIFIC BUILDING SUPPLIES (NT) PTY LTD,Northern Territory DAMA,04-Mar-2022,03-Mar-2027
PHILLIP RILEY PROJECTS PTY LTD,Industry - On-Hire,06-Aug-2021,05-Aug-2026
Philous KP Pty Ltd,Northern Territory DAMA,28-Oct-2021,27-Oct-2026
Pollination Foundation Limited,Skilled Refugee Pilot,06-Jan-2022,05-Jan-2027
POSITIVE APE PTY LTD,Skilled Refugee Pilot,29-Oct-2021,28-Oct-2026
POWER TO CHANGE,Industry - Minister of Religion,20-Oct-2021,19-Oct-2026
Premium Dental Lab Pty Ltd,Skilled Refugee Pilot,29-Nov-2021,28-Nov-2026
PRIME VALUE DAIRY MANAGEMENT NO 2 PTY LTD,Industry - Dairy,28-Oct-2021,27-Oct-2026
QIU THAI PTY LTD,Far North Queensland DAMA,21-Oct-2021,20-Oct-2026
Quick Steps School of Dance Pty Ltd,South Australia Regional DAMA,02-Feb-2023,01-Feb-2028
R.M. WILLIAMS PROPRIETARY LIMITED,GTS - Established business,12-Jan-2022,11-Jan-2027
Raglan Drilling Pty Ltd,Company Specific,25-Jan-2022,24-Jan-2027
RANJIT KAUR SARANAH,Industry - Horticulture,01-Mar-2022,28-Feb-2027
Realstorm Pty Ltd,Goldfields DAMA,26-Oct-2021,25-Oct-2026
RED GUM CHILD CARE CENTRE PTY LTD,Orana DAMA,07-Dec-2021,06-Dec-2026
REILLY PASTORAL CO PTY LTD,Industry - Pork,28-Feb-2022,27-Feb-2027
RIBBON HAIR SALON DARWIN PTY LTD ATF BROTHER 2 TRUST,Northern Territory DAMA,03-Dec-2021,02-Dec-2026
Riviera Farms Pty Ltd,Industry - Horticulture,11-Feb-2022,10-Feb-2027
Rogue NTT Pty Ltd,Northern Territory DAMA,07-Mar-2022,06-Mar-2027
Rombola Family Farms Pty Ltd,Industry - Horticulture,20-Dec-2021,19-Dec-2026
RPC GLENGALLAN PTY LTD,Industry - Pork,28-Feb-2022,27-Feb-2027
RSCS All Suburbs Pty Ltd,South Australia Regional DAMA,11-Mar-2022,10-Mar-2027
SABINE TRADING CO PTY LTD,Northern Territory DAMA,15-Oct-2021,14-Oct-2026
Safe Trans NSW PTY LTD,Orana DAMA,18-Jan-2022,17-Jan-2027
SALMON ASSET MANAGEMENT PTY LTD,Northern Territory DAMA,08-Dec-2021,07-Dec-2026
Seventh -Day Adventist Church (South New South Wales Conference) Limited,Industry - Minister of Religion,07-Dec-2021,06-Dec-2026
Shangri-La Hotel (Cairns) Pty Ltd,Far North Queensland DAMA,11-Oct-2021,10-Oct-2026
Smart Fabrication,South Australia Regional DAMA,11-Mar-2022,10-Mar-2027
Softtest Pays Pty Ltd,Industry - On-Hire,14-Jan-2022,13-Jan-2027
Star & Garter Hotel Pty Ltd,Goldfields DAMA,17-Nov-2021,16-Nov-2026
STAR LABOUR SERVICES PTY LTD,Company Specific,15-Mar-2022,14-Mar-2027
STEPPING STONES CHILDCARE CENTRE(ACT) PTY LTD,Far North Queensland DAMA,20-Dec-2021,19-Dec-2026
SWJR NOMINEES PTY LTD,Northern Territory DAMA,16-Feb-2022,15-Feb-2027
Sydney Nepali Church Incorporated,Industry - Minister of Religion,27-Oct-2021,26-Oct-2026
Symbio Holdings Ltd,Company Specific,21-Feb-2022,20-Feb-2027
Tasmanian Quality Meats Pty Ltd,Industry - Meat,21-Jan-2022,20-Jan-2027
TASSAL OPERATIONS PTY LTD,Company Specific,27-Jan-2022,26-Jan-2027
Thai Thai Restaurant Casuarina,Northern Territory DAMA,22-Oct-2021,21-Oct-2026
The Antiochian Orthodox Archdiocese of Australia New Zealand and the Philippines Inc,Industry - Minister of Religion,26-Oct-2021,25-Oct-2026
THE AUSTRALIAN ISLAMIC HOUSE IN LIVERPOOL AREA INCORPORATED,Industry - Minister of Religion,02-Nov-2021,01-Nov-2026
THE AUSTRALIAN SIKH ASSOCIATION LIMITED,Industry - Minister of Religion,03-Nov-2021,02-Nov-2026
THE BAPTIST UNION OF WESTERN AUSTRALIA INCORPORATED,Industry - Minister of Religion,03-Nov-2021,02-Nov-2026
THE HILLS DISTRICT MUSLIM SOCIETY INCORPORATED,Industry - Minister of Religion,09-Dec-2021,08-Dec-2026
THE LEBANESE MOSLEM ASSOCIATION,Industry - Minister of Religion,22-Feb-2022,21-Feb-2027
THE LITTLE YELLOW BOAT PTY LTD,Far North Queensland DAMA,20-Dec-2021,19-Dec-2026
The Melbourne Vinayagar Hindu Sangam,Industry - Minister of Religion,12-Nov-2021,11-Nov-2026
THE OPEN DOOR CHURCH INC.,Industry - Minister of Religion,02-Feb-2022,01-Feb-2027
THE PURE LAND LEARNING CENTRE OF VICTORIA INC,Industry - Minister of Religion,14-Jan-2022,13-Jan-2027
The Redeemed Christian Church of God- Desire of Nations Centre,Industry - Minister of Religion,21-Oct-2021,20-Oct-2026
THE UNITED VIETNAMESE BUDDHIST CONGREGATION OF CANBERRA AND SURROUND,Industry - Minister of Religion,11-Oct-2021,10-Oct-2026
The University of Sydney,GTS - Established business,17-Mar-2021,16-Mar-2026
The Y&F (DARWIN) PTY LTD,Northern Territory DAMA,06-Dec-2021,05-Dec-2026
TITAN RECRUITMENT PTY LTD,Industry - On-Hire,20-Jan-2022,19-Jan-2027
Todaro Group Pty Ltd,Industry - Horticulture,01-Feb-2022,31-Jan-2027
TOP END EARLY LEARNING CENTRE INCORPORATED,Northern Territory DAMA,09-Feb-2022,08-Feb-2027
TOP END SOUNDS PTY LTD,Northern Territory DAMA,08-Jul-2021,07-Jul-2026
TOP MULTIPLIER PTY LTD,South Australia Regional DAMA,02-Jun-2021,01-Jun-2026
Trans Australia Glass Pty Ltd,Company Specific,22-Nov-2021,21-Nov-2026
Trinity Mining Services and Supplies PTy Ltd,Industry - On-Hire,22-Oct-2021,21-Oct-2026
Tyrrell Group Holdings Pty Ltd,Company Specific,13-Oct-2021,12-Oct-2026
USINCH PTY LIMITED,Industry - Meat,28-Apr-2023,27-Apr-2028
V&V WALSH PTY LTD,Industry - Meat,03-Mar-2021,02-Mar-2026
VICKERY BROS PTY LTD,Great South Coast DAMA,13-Jan-2022,12-Jan-2027
VIP MEAT PROCESSING PTY LTD,Industry - Meat,09-Mar-2022,08-Mar-2027
Vipassna Buddhist Meditation Association of Wat Sereychum Australia Inc.,Industry - Minister of Religion,24-Jan-2022,23-Jan-2027
Vitor Pty Ltd,Company Specific,01-Mar-2022,28-Feb-2027
VIVO PALM COVE PTY LTD,Far North Queensland DAMA,15-Mar-2022,14-Mar-2027
WALKER SEAFOOD (AUSTRALIA) PTY LTD,Industry - Fishing,25-May-2023,24-May-2028
WDA Drilling Services Pty Ltd,Goldfields DAMA,09-Feb-2022,08-Feb-2027
We Own a Pty Limited,Far North Queensland DAMA,08-Dec-2021,07-Dec-2026
WEST PEAK PTY LTD,Skilled Refugee Pilot,08-Oct-2021,07-Oct-2026
William Reddie & Laura Lenore Wallace,Far North Queensland DAMA,07-Mar-2022,06-Mar-2027
WORKERS CHOICE NQ PTY LTD,Far North Queensland DAMA,19-Jan-2022,18-Jan-2027
Xdrift Industries Pty Ltd,Northern Territory DAMA,23-Feb-2022,22-Feb-2027
Y CHENG & C WENG,Northern Territory DAMA,03-Dec-2021,02-Dec-2026
YAPP INVESTMENT HOLDINGS PTY. LIMITED,Northern Territory DAMA,17-Jan-2022,16-Jan-2027
Youth With A Mission (Perth) Inc,Industry - Minister of Religion,01-Oct-2021,30-Sep-2026
Zi & Yi Management Pty Ltd,South Australia Regional DAMA,01-Feb-2022,31-Jan-2027
Zonge Engineering & Research Organization ( Aust ) Pty Ltd,Adelaide City Tech and Innovation DAMA,22-Dec-2021,21-Dec-2026
A & L Romeo Pty Ltd,Industry - Horticulture,30-Jun-2022,29-Jun-2027
A Musumeci Pty Ltd,Industry - Fishing,05-Jul-2022,04-Jul-2027
A Vecchio Ruggeri & F Vecchio Ruggeri & V Vecchio Ruggeri & A.V Vecchio Ruggeri,Far North Queensland DAMA,13-May-2022,12-May-2027
"A, M and Z Pty Ltd",Far North Queensland DAMA,20-Apr-2022,19-Apr-2027
A.S Nurpuri & G.K Nurpuri,Industry - Horticulture,26-Apr-2022,25-Apr-2027
Abacus Fisheries Company Pty Ltd,Industry - Fishing,12-Jul-2022,11-Jul-2027
AEM Consolidated Pty Ltd,South Australia Regional DAMA,05-Apr-2022,04-Apr-2027
Aerotech Aviation Pty Ltd,Northern Territory DAMA,13-Apr-2022,12-Apr-2027
Affiliate Aged Care Pty Ltd,Far North Queensland DAMA,01-Aug-2022,31-Jul-2027
Agquip Fresh Farming Pty Ltd,Industry - Horticulture,21-Jul-2022,20-Jul-2027
Air Consulting Australia Pty Ltd,Industry - On-Hire,30-Mar-2022,29-Mar-2027
Akers Farms Pty Ltd,Industry - Horticulture,28-Mar-2022,27-Mar-2027
Allcare Community Support Incorporated,South Australia Regional DAMA,06-Apr-2022,05-Apr-2027
Alyangula Daycare Incorporated,Northern Territory DAMA,29-Apr-2022,28-Apr-2027
Animal Logic Pty Limited,Skilled Refugee Pilot,24-Mar-2022,23-Mar-2027
Archer Access Pty Ltd,Goldfields DAMA,13-May-2022,12-May-2027
Asia Pacific Finance Co Pty Ltd,Far North Queensland DAMA,08-Apr-2022,07-Apr-2027
At Home Care Pty Ltd,Company Specific,04-Apr-2022,03-Apr-2027
Aurora Dairies Pty Ltd,Industry - Dairy,27-Apr-2022,26-Apr-2027
Austral Fisheries Pty Ltd,Industry - Fishing,16-Jun-2022,15-Jun-2027
Australian Dairy Pastures Pty Ltd,Industry - Dairy,22-Jun-2022,21-Jun-2027
Australian Passionfruit Company Pty Ltd,Far North Queensland DAMA,13-May-2022,12-May-2027
Avk Australia Holding Pty Ltd,South Australia Regional DAMA,28-Mar-2022,27-Mar-2027
B D G And P Singh,Far North Queensland DAMA,13-May-2022,12-May-2027
B. C. Harriman,Far North Queensland DAMA,14-Jul-2022,13-Jul-2027
Bartle Frere Bananas Pty. Ltd.,Far North Queensland DAMA,13-May-2022,12-May-2027
Beachfood Pty Ltd,Industry – Premium Dining,05-Jul-2022,04-Jul-2027
Bethel Presbyterian Church Inc,Industry - Minister of Religion,02-Jun-2022,01-Jun-2027
BFG Investments Pty Ltd,Industry – Premium Dining,05-Jul-2022,04-Jul-2027
Bipo Service Australia Pty Ltd,Industry - On-Hire,02-May-2022,01-May-2027
Bluemar Pty Ltd,Goldfields DAMA,04-Apr-2022,03-Apr-2027
Border Sheetmetal & Ducting Pty Ltd,Company Specific,17-May-2022,16-May-2027
Bruno John Cuda,Far North Queensland DAMA,13-Apr-2022,12-Apr-2027
C Moloney & Yenolom Dairy Pty. Ltd.,Great South Coast DAMA,15-Jul-2022,14-Jul-2027
Caffeinated Jacks Pty. Ltd,Far North Queensland DAMA,07-Apr-2022,06-Apr-2027
Care Services Australia Limited,Company Specific,06-Jul-2021,05-Jul-2026
Castaways Mission Beach Pty Ltd,Far North Queensland DAMA,13-Apr-2022,12-Apr-2027
Catalina's (Rose Bay) Pty. Limited,Industry – Premium Dining,20-May-2022,19-May-2027
Charis Management Services Pty Ltd,Northern Territory DAMA,13-May-2022,12-May-2027
China Home Cuisine Culture Pty Ltd,Far North Queensland DAMA,13-Apr-2022,12-Apr-2027
City Of Kalgoorlie- Boulder,Goldfields DAMA,03-Jul-2023,02-Jul-2028
City Of Kalgoorlie- Boulder,Goldfields DAMA,05-Jan-2022,04-Jan-2027
Coleman Cranes Pty Ltd,Goldfields DAMA,08-Jun-2022,07-Jun-2027
Como Holdings Pty Ltd,Goldfields DAMA,18-Jul-2022,17-Jul-2027
Cooriemungle Ag Pty Ltd,Great South Coast DAMA,19-Jan-2023,18-Jan-2028
CORDOMA GROUP PTY LTD ATF CORDOMA UNIT TRUST,Industry - Horticulture,16-May-2022,15-May-2027
Cox Purtell Staffing Services Pty Ltd,Industry - On-Hire,20-Jul-2022,19-Jul-2027
Cutri Fruit Pty Ltd,Industry - Horticulture,10-Jun-2022,09-Jun-2027
Daniela Durko Holdings Pty Ltd,Goldfields DAMA,21-Feb-2022,20-Feb-2027
Daniela Durko Holdings Pty Ltd,Company Specific,13-Oct-2021,12-Oct-2026
Darwin Golf Club Incorporated,Northern Territory DAMA,10-Jan-2022,09-Jan-2027
David Partridge Pty Ltd & D.W. Partridge & E.R. Partridge & M.S. Partridge,Industry - Dairy,18-May-2022,17-May-2027
DBC RSA Holdings Pty Ltd,Industry - Horticulture,07-Feb-2022,06-Feb-2027
Dermal Essence Pty Ltd,Northern Territory DAMA,11-Apr-2022,10-Apr-2027
Diamond Valley Pork Pty Ltd,Industry - Meat,17-May-2022,16-May-2027
Dig Investments Pty Ltd,Company Specific,08-Jun-2022,07-Jun-2027
Dreamedia Events Pty Limited,Northern Territory DAMA,13-May-2022,12-May-2027
"Duan, Xiao Kai",Far North Queensland DAMA,16-May-2022,15-May-2027
E.G Chesworth & S.D Chesworth & The Trustee For D & D Chesworth Family Trust,Industry - Dairy,24-May-2022,23-May-2027
Elekta Pty Ltd,Company Specific,17-May-2022,16-May-2027
Everability Group Limited,Company Specific,25-May-2022,24-May-2027
Firedoor Pty Limited,Industry – Premium Dining,02-Aug-2022,01-Aug-2027
Fox Dairies Pty Ltd,Industry - Dairy,06-May-2022,05-May-2027
FR Consultancy Pty Ltd,Industry - On-Hire,18-May-2022,17-May-2027
Free Serbian Orthodox Church Diocese For Australia & New Zealand,Industry - Minister of Religion,28-Jul-2022,27-Jul-2027
Fu Wah Wa Pty Ltd,Goldfields DAMA,27-Jul-2022,26-Jul-2027
G. W Stansfield and T Stansfield,Great South Coast DAMA,02-Aug-2022,01-Aug-2027
Gardens Catering Pty Ltd,Northern Territory DAMA,17-May-2022,16-May-2027
Garrett Hospitality Pty Ltd,Company Specific,11-Apr-2022,10-Apr-2027
Genashtim Pty Ltd,Skilled Refugee Pilot,28-Jul-2022,27-Jul-2027
Genius Education Pty Ltd,Far North Queensland DAMA,29-Jul-2022,28-Jul-2027
German Lutheran Trinity Church East Melbourne Inc,Industry - Minister of Religion,29-Jul-2022,28-Jul-2027
GJ & AD Turnbull Pty Ltd,Northern Territory DAMA,13-May-2022,12-May-2027
Gold Fields Australia Pty Ltd,Company Specific,12-Apr-2022,11-Apr-2027
Golden Nails And Beauty Palmerston,Northern Territory DAMA,24-Nov-2022,23-Nov-2027
Gundjeihmi Aboriginal Corporation,Northern Territory DAMA,29-Jul-2022,28-Jul-2027
HA & M Investment Pty Ltd,Northern Territory DAMA,06-Jan-2022,05-Jan-2027
HAMMONDCARE,Company Specific,26-Jul-2022,25-Jul-2027
Hancock Industries Pty Ltd,Northern Territory DAMA,21-Mar-2022,20-Mar-2027
Harvey Fresh (1994) Ltd,Company Specific,12-May-2022,11-May-2027
Head Republic Pty Ltd,Northern Territory DAMA,11-Apr-2022,10-Apr-2027
Hidrostal Australia Pty Ltd,South Australia Regional DAMA,06-Jul-2022,05-Jul-2027
Hillside Meat Processors Pty Ltd,Industry - Meat,24-Mar-2022,23-Mar-2027
Hospitality North Pty Ltd,Far North Queensland DAMA,18-Jul-2022,17-Jul-2027
HTC Global Services (Australia) Pty Ltd,Industry - On-Hire,19-Jul-2022,18-Jul-2027
Imagawa Gakuen Australia Pty Ltd,Company Specific,08-Jun-2022,07-Jun-2027
Independent Seafood Producers Pty Ltd,Industry - Fishing,07-Jul-2022,06-Jul-2027
International City Church,Industry - Minister of Religion,31-May-2022,30-May-2027
IQVIA RDS Pty. Limited,Adelaide City Tech and Innovation DAMA,27-May-2022,26-May-2027
Islamic Society Of Gold Coast Incorporated,Industry - Minister of Religion,01-Aug-2022,31-Jul-2027
Itbility Pty Ltd,Industry - On-Hire,20-May-2022,19-May-2027
ITV Studios Australia Pty Ltd,GTS - Established business,25-Jul-2022,24-Jul-2027
J.D NORTON & T.D NORTON,Industry - Dairy,06-May-2022,05-May-2027
J.B Poppi & R.C Poppi,Far North Queensland DAMA,28-Mar-2022,27-Mar-2027
J.E White & B.P White,Industry - Dairy,08-Jul-2022,07-Jul-2027
Japoonvale Golden Bananas Pty Ltd,Far North Queensland DAMA,12-Jul-2022,11-Jul-2027
Kagome Foods Australia Pty Ltd,Goulburn Valley DAMA,04-Jul-2022,03-Jul-2027
Kakadu Tourism (Gch) Pty Limited,Northern Territory DAMA,30-Mar-2022,29-Mar-2027
Kalik.Co Pty Ltd,Far North Queensland DAMA,17-Mar-2022,16-Mar-2027
Karma Darwin Pty Ltd,Northern Territory DAMA,12-Jul-2022,11-Jul-2027
Kelly Warburton,Northern Territory DAMA,28-Jun-2022,27-Jun-2027
Kinross Farm Services Pty Ltd,Company Specific,23-May-2022,22-May-2027
Korean Central Presbyterian Church,Industry - Minister of Religion,04-Jul-2022,03-Jul-2027
Lewis Lewis Properties Pty Ltd,Goldfields DAMA,20-Jun-2022,19-Jun-2027
LJM Produce Pty Ltd,Industry - Horticulture,05-Jul-2022,04-Jul-2027
MAF International,Northern Territory DAMA,15-Mar-2022,14-Mar-2027
Maranatha House,Orana DAMA,08-Apr-2022,07-Apr-2027
Matthew James Grant,Great South Coast DAMA,28-Jul-2022,27-Jul-2027
Midfield Meat International Pty Ltd,Great South Coast DAMA,08-Apr-2022,07-Apr-2027
Midfield Meat International Pty Ltd,Industry - Meat,08-Apr-2022,07-Apr-2027
Millwood Holdings Pty Ltd,Industry - Horticulture,26-Nov-2021,25-Nov-2026
Mitchelson Fisheries Pty Ltd,Industry - Fishing,23-Jun-2022,22-Jun-2027
MLG Oz Limited,Goldfields DAMA,29-Jul-2022,28-Jul-2027
Mondelez Australia Pty Ltd,GTS - Established business,29-Jul-2022,28-Jul-2027
National Community Care Pty Ltd,Company Specific,11-Jul-2022,10-Jul-2027
Nine Entertainment Co Pty Ltd,Skilled Refugee Pilot,06-Apr-2022,05-Apr-2027
Nourish Banana Co Pty Ltd,Far North Queensland DAMA,20-Apr-2022,19-Apr-2027
O.B. South Pty Ltd,Industry – Premium Dining,21-Jun-2022,20-Jun-2027
Otto Sydney Pty Ltd,Industry – Premium Dining,31-May-2022,30-May-2027
Patane Produce (WA) Pty Ltd,Industry - Horticulture,01-Apr-2022,31-Mar-2027
Pavoni Plus Pty Ltd,Industry – Premium Dining,25-May-2022,24-May-2027
Peninsula Downs Pty Ltd,Industry - Dairy,17-May-2022,16-May-2027
Petit Early Learning Journey Pty Ltd,Far North Queensland DAMA,22-Apr-2022,21-Apr-2027
Piacentini & Son Pty Ltd,South West DAMA,25-Jul-2022,24-Jul-2027
PJ's Concrete Pumping Pty Ltd,Goulburn Valley DAMA,31-May-2022,30-May-2027
Playmates Cottage Childcare Centre Dubbo Inc,Orana DAMA,17-Mar-2022,16-Mar-2027
Presbyterian Church of Australia in the State of New South Wales Parish of Concord,Industry - Minister of Religion,01-Aug-2022,31-Jul-2027
Presbyterian Church Of Eastern Australia Ulverstone Congregation,Industry - Minister of Religion,14-Oct-2021,13-Oct-2026
Prime Catch Pty Ltd,Industry - Fishing,05-Jul-2022,04-Jul-2027
Prosperity Services Pty Ltd,Skilled Refugee Pilot,07-Jul-2022,06-Jul-2027
R.M. Williams Proprietary Limited,South Australia Regional DAMA,31-May-2022,30-May-2027
Rajvinder Kaur Thind,Northern Territory DAMA,28-Mar-2022,27-Mar-2027
Red Rock Drilling Pty Ltd,Goldfields DAMA,16-May-2022,15-May-2027
Remick Pty Ltd,Far North Queensland DAMA,07-Apr-2022,06-Apr-2027
Rivalea (Australia) Pty Ltd,Industry - Meat,09-Dec-2021,08-Dec-2026
Royal Bank Of Canada,GTS - Established business,28-Mar-2022,27-Mar-2027
Royal Freemasons' Benevolent Institution,Company Specific,26-Jul-2022,25-Jul-2027
Royalty Scope Pty Ltd,Company Specific,04-Apr-2022,03-Apr-2027
Rugby Employment Pty Ltd,Industry - Horticulture,01-Oct-2021,30-Sep-2026
S. Ledgar & A. Heath Pty Ltd,Far North Queensland DAMA,07-Apr-2022,06-Apr-2027
SA Mushrooms Pty Ltd,South Australia Regional DAMA,20-Apr-2022,19-Apr-2027
Saint Thomas Syrian Orthodox Benevolent Association,Industry - Minister of Religion,23-Jun-2022,22-Jun-2027
Salini Australia Pty Ltd,GTS - Established business,19-May-2022,18-May-2027
Sapphire Coast Community Aged Care Ltd,Company Specific,18-May-2022,17-May-2027
Scallywags Childcare Centre Palmerston Incorporated,Northern Territory DAMA,28-Mar-2022,27-Mar-2027
Seaford Distributors Pty Ltd,South Australia Regional DAMA,27-Apr-2022,26-Apr-2027
Seiko Australia Pty Ltd,Company Specific,06-Jun-2022,05-Jun-2027
Shefa Dental Care Pty Ltd,Skilled Refugee Pilot,13-Jul-2022,12-Jul-2027
SKL Executive Pty Ltd,Industry - On-Hire,05-Jul-2022,04-Jul-2027
SMS Contracting Pty Ltd,Company Specific,23-Mar-2022,22-Mar-2027
St. John's German Lutheran Parish Springvale Inc.,Industry - Minister of Religion,15-Jun-2022,14-Jun-2027
"Stephen, Nicola Therese",Skilled Refugee Pilot,02-May-2022,01-May-2027
Summer Honey Pty Ltd,Industry – Premium Dining,19-Jul-2022,18-Jul-2027
Suntel Communications Pty Ltd,Northern Territory DAMA,08-Apr-2022,07-Apr-2027
Sutton Employment Pty Ltd,Industry - Horticulture,09-Jun-2022,08-Jun-2027
SWICKER'S KINGAROY BACON FACTORY PTY.LTD.,Industry - Meat,12-Apr-2022,11-Apr-2027
Sydney Jesus Baptist Church,Industry - Minister of Religion,17-May-2022,16-May-2027
Sydney Onnuri Church Incorporated,Industry - Minister of Religion,24-May-2022,23-May-2027
TBWA Melbourne Pty Ltd,Industry - Advertising,20-Jun-2022,19-Jun-2027
TGT Pty Ltd,Industry - Horticulture,19-Apr-2022,18-Apr-2027
The Dynamic Engineering Solution Pty Ltd,South Australia Regional DAMA,29-Mar-2022,28-Mar-2027
The Essington School Darwin,Northern Territory DAMA,13-May-2022,12-May-2027
The Monkeys Pty Limited,Industry - Advertising,24-Jun-2022,23-Jun-2027
The Raikot Group Pty Ltd,Northern Territory DAMA,14-Apr-2022,13-Apr-2027
The Trustee for Rai Family Trust,Industry - Horticulture,25-Jul-2022,24-Jul-2027
The Trustee for Ryan Meat Trust,Industry - Meat,18-Mar-2022,17-Mar-2027
The Trustee for The Woolwash Trust,South Australia Regional DAMA,01-Aug-2022,31-Jul-2027
The Trustee for Tye Farming Trust,Far North Queensland DAMA,13-May-2022,12-May-2027
The Wesleyan Methodist Church of Australia,Industry - Minister of Religion,22-Jun-2022,21-Jun-2027
Thind Family Pty Ltd,Industry - Dairy,17-Mar-2022,16-Mar-2027
Tippings Transport Pty Ltd,Orana DAMA,13-Jul-2022,12-Jul-2027
Topdrill Pty Ltd,Company Specific,17-Mar-2022,16-Mar-2027
Toren Fishing and Trading Pty Ltd,Northern Territory DAMA,08-Jun-2023,07-Jun-2028
Total Livestock Genetics Victoria Pty Ltd,Great South Coast DAMA,29-Jun-2022,27-Jun-2027
Tropic Coast Farming Pty Ltd,Far North Queensland DAMA,21-Apr-2022,20-Apr-2027
Uniting Church Australia Sydney Cheil Church,Industry - Minister of Religion,01-Jun-2022,31-May-2027
Vmware Australia Pty Ltd,GTS - Established business,14-Oct-2021,13-Oct-2026
Voag Pty Ltd,Company Specific,25-May-2022,24-May-2027
Wade Business Enterprises Pty Ltd,Great South Coast DAMA,27-May-2022,26-May-2027
Wagstaff Cranbourne Pty Ltd,Industry - Meat,24-Mar-2022,23-Mar-2027
Warakirri 2 Pty Ltd,Goldfields DAMA,27-Apr-2022,26-Apr-2027
Warrina Innisfail,Far North Queensland DAMA,16-May-2022,15-May-2027
Welcome Street Church Incorporated,Industry - Minister of Religion,16-Jun-2022,15-Jun-2027
Windridge Farms Pty Limited,Industry - Pork,08-Apr-2022,07-Apr-2027
Your Nursing Agency Pty Ltd,Industry - On-Hire,31-May-2022,30-May-2027
Yuki In The Hills Pty Ltd,South Australia Regional DAMA,16-May-2022,15-May-2027
Zerella Holdings Pty Ltd,South Australia Regional DAMA,04-Feb-2022,03-Feb-2027
Zerella Holdings Pty Ltd,Industry - Horticulture,27-Jul-2021,26-Jul-2026
Riverbend Employment Services Pty Ltd,Industry - Pork,05-May-2022,04-May-2027
Greek Orthodox Archdiocese of Australia,Industry - Minister of Religion,21-Jul-2021,20-Jul-2026
A T & B Middlebrook Pty Ltd,Industry - Dairy,08-Nov-2022,07-Nov-2027
A.L SEE KEE & F SEE KEE & R.S SEE KEE,Far North Queensland DAMA,17-Nov-2022,16-Nov-2027
A.P. ROWETT & S.B. ROWETT,South Australia Regional DAMA,05-Aug-2022,04-Aug-2027
A.W. STEICKE & SONS PTY. LIMITED,Industry - Horticulture,03-Feb-2022,02-Feb-2027
AAG Labour Services Pty Ltd,Industry - Dairy,04-Aug-2022,03-Aug-2027
ABC Hotels Pty Ltd,Company Specific,02-Dec-2022,01-Dec-2027
AECOR ENTERPRISES PTY LTD,Northern Territory DAMA,13-Dec-2022,12-Dec-2027
Aegis Aged Care Group Pty Ltd,South West DAMA,03-Jan-2023,02-Jan-2028
ALEXANDER DOWNS WHOLESALE PTY LIMITED,Industry - Meat,27-Oct-2022,26-Oct-2027
All Saints Estate Pty Limited,Industry – Premium Dining,09-Aug-2022,08-Aug-2027
ALUMINIUM SPECIALTIES GROUP PTY LTD,Company Specific,06-Oct-2022,05-Oct-2027
Always Care Services Pty Ltd,South Australia Regional DAMA,10-Nov-2022,09-Nov-2027
AMANA LIVING INCORPORATED,Goldfields DAMA,13-Oct-2022,12-Oct-2027
ARAKIWA FISHING PTY LTD,Industry - Fishing,16-Sep-2022,15-Sep-2027
Arnhemland Pest Control Pty Ltd,Northern Territory DAMA,05-Dec-2022,04-Dec-2027
ASPLUM PTY LTD,Northern Territory DAMA,24-Nov-2022,23-Nov-2027
AURORA DAIRIES PTY LTD,South Australia Regional DAMA,01-Mar-2023,29-Feb-2028
Aussie pride produce pty ltd,Industry - Horticulture,04-Oct-2022,03-Oct-2027
AUSTRALIAN BRANDS ALLIANCE PTY LTD,Company Specific,19-Dec-2022,18-Dec-2027
AUSTRALIAN FOOD GROUP PTY LTD,Industry - Pork,28-Sep-2021,27-Sep-2026
AUSTRALIAN LAMB (COLAC) PTY LTD,Industry - Meat,06-May-2021,05-May-2026
AUSTRALIAN REGIONAL AND REMOTE COMMUNITY SERVICES LIMITED,Northern Territory DAMA,29-Nov-2022,28-Nov-2027
AUSTWAY INVESTMENTS PTY LTD,Company Specific,27-Oct-2022,26-Oct-2027
Ausvision Meat Processors Pty Ltd,Industry - Meat,30-Sep-2022,29-Sep-2027
AUTO & GENERAL HOLDINGS PTY LTD,Skilled Refugee Pilot,03-Jan-2023,02-Jan-2028
AUZZIEEYE PTY LTD,East Kimberley DAMA,14-Dec-2022,13-Dec-2027
B.P. Kelleher Fishing Services Pty. Ltd.,Industry - Fishing,07-Nov-2022,06-Nov-2027
BABATJIE HOLDINGS PTY LTD,Northern Territory DAMA,22-Dec-2022,21-Dec-2027
BAIADA FARMS PTY LIMITED,South Australia Regional DAMA,15-Dec-2022,14-Dec-2027
Bamboo Creek Farming Pty Ltd,Far North Queensland DAMA,15-Sep-2022,14-Sep-2027
Banksia Gardens Association Incorporated,Skilled Refugee Pilot,26-Aug-2022,25-Aug-2027
Barlin Pty Ltd T/A Coastal Hydroponics,Industry - Horticulture,13-Oct-2022,12-Oct-2027
BARRY K DOBRA; KEVAN M DOBRA AND MAUREEN C DOBRA ATF KBM GARDEN TRUST,Industry - Horticulture,18-Nov-2022,17-Nov-2027
BE Campbell Services Pty Ltd,Industry - Meat,08-Jul-2022,07-Jul-2027
BE CLEANED GROUP PTY LTD,Skilled Refugee Pilot,24-Nov-2022,23-Nov-2027
Benchmark Landscape Group Pty Ltd,Far North Queensland DAMA,06-Dec-2022,05-Dec-2027
BERRYSON PTY LTD,Industry - Dairy,17-Nov-2022,16-Nov-2027
BET Group Global Pty. Ltd.,South Australia Regional DAMA,01-Nov-2022,31-Oct-2027
Beverly Group Pty Ltd,Company Specific,12-Oct-2022,11-Oct-2027
BLUFF KNOLL AUTO PTY LTD,Pilbara DAMA,14-Dec-2022,13-Dec-2027
Blushing Acres Packing Pty Ltd,Far North Queensland DAMA,25-Oct-2022,24-Oct-2027
BMF Advertising Pty Ltd,Industry - Advertising,05-Dec-2022,04-Dec-2027
BONACCORD QUALITY PRODUCE CO PTY LTD,Industry - Horticulture,21-Nov-2022,19-Nov-2027
BRAITLING NEIGHBOURHOOD CENTRE INC,Northern Territory DAMA,08-Sep-2021,07-Sep-2026
Bruce Hartwig Flying School Pty Ltd,South Australia Regional DAMA,03-Jan-2023,02-Jan-2028
BULLA MUSHROOMS (AUST) PTY LTD,Industry - Horticulture,20-Sep-2022,19-Sep-2027
Burger Urge Pty Ltd,Northern Territory DAMA,06-Oct-2022,05-Oct-2027
Busy Bees Australia Employer Pty Ltd,Far North Queensland DAMA,08-Dec-2022,07-Dec-2027
Busy Bees Australia Employer Pty Ltd,Goldfields DAMA,24-Nov-2022,23-Nov-2027
Bute Times! Pty Ltd,South West DAMA,21-Dec-2022,20-Dec-2027
C & R DENTAL PTY LTD,South Australia Regional DAMA,06-Dec-2022,05-Dec-2027
C.D MINSON & C.N MINSON,Industry - Dairy,05-Sep-2022,04-Sep-2027
Cairns Boatshed Pty Ltd,Far North Queensland DAMA,22-Nov-2022,21-Nov-2027
Cairns Property Shop Pty Ltd,Far North Queensland DAMA,21-Nov-2022,20-Nov-2027
CAMPASPE SHIRE COUNCIL,Goulburn Valley DAMA,29-Sep-2022,28-Sep-2027
CARRIER ELECTRICAL SERVICES (AUST) PTY LTD,Company Specific,13-Dec-2022,12-Dec-2027
Carroll Bros Fishing Pty Ltd,Industry - Fishing,07-Nov-2022,06-Nov-2027
CHATEAU WOOD PTY LTD,Northern Territory DAMA,05-Aug-2022,04-Aug-2027
Childrens Integrated Management Services Ltd,Northern Territory DAMA,28-Oct-2022,27-Oct-2027
Chiorino Australia Pty Ltd,Company Specific,02-Dec-2022,01-Dec-2027
Ciyu Confucian Culture Association Inc,Industry - Minister of Religion,12-Dec-2022,11-Dec-2027
CM Chapman & FA Chapman & Chapman Family Farms Trust,South Australia Regional DAMA,11-Aug-2022,10-Aug-2027
Collie Pizza Pty Ltd,South West DAMA,03-Jan-2023,02-Jan-2028
Comfresh Pty Ltd,South Australia Regional DAMA,13-Dec-2022,12-Dec-2027
Connect Personnel Medical Pty Ltd,Industry - On-Hire,05-Dec-2022,04-Dec-2027
Cooinda Terang Inc,Great South Coast DAMA,04-Oct-2022,03-Oct-2027
Crystal Gardon Pty Ltd,Far North Queensland DAMA,06-Dec-2022,05-Dec-2027
D&M SEAFOODS PTY LTD,Industry - Fishing,18-Oct-2022,17-Oct-2027
D.R & J FABBRIS PTY LTD,Industry - Meat,21-Sep-2022,20-Sep-2027
Darley Group Pty Ltd,Industry - On-Hire,09-Nov-2022,08-Nov-2027
DARREN TROY BISHOP AND MELISSA ANN BISHOP,South Australia Regional DAMA,20-Apr-2022,19-Apr-2027
Department of Health Qld,GTS - Established business,21-Apr-2021,20-Apr-2026
DERBY INDUSTRIES PTY LTD,Industry - Meat,28-Oct-2021,27-Oct-2026
DETMOLD AUSTRALIA SALES PTY LTD,South Australia Regional DAMA,10-Oct-2022,09-Oct-2027
DICUGIN PTY LTD,Industry – Premium Dining,15-Aug-2022,14-Aug-2027
Dorglen Pty Ltd,Industry - Horticulture,22-Aug-2022,21-Aug-2027
Duxton Bees Pty Ltd,South Australia Regional DAMA,20-Dec-2022,19-Dec-2027
Duxton Viticulture Pty Ltd,Industry - Horticulture,03-Jan-2023,02-Jan-2028
EARLY AUTISM SERVICES (AUSTRALIA) PTY LTD,Company Specific,01-Dec-2022,30-Nov-2027
Elliminyt Investments Pty Ltd,Great South Coast DAMA,22-Dec-2022,22-Dec-2027
Employ me Pty Ltd,Industry - On-Hire,09-Nov-2022,08-Nov-2027
EP STRAWBERRIES PTY LTD,Industry - Horticulture,07-May-2021,06-May-2026
Etheridge Shire Council,Far North Queensland DAMA,14-Nov-2022,13-Nov-2027
Eurostyle Group Pty Ltd,South Australia Regional DAMA,11-Aug-2022,10-Aug-2027
Evolve Talent Pty Ltd,Industry - On-Hire,01-Nov-2022,31-Oct-2027
Ewin Early Learning Centre Inc,East Kimberley DAMA,10-Oct-2022,09-Oct-2027
Exaudy Care Pty Ltd,Company Specific,20-Oct-2022,19-Oct-2027
FABTECH AUSTRALIA PTY LTD,South Australia Regional DAMA,02-Mar-2021,01-Mar-2026
FADA PTY LTD,Far North Queensland DAMA,14-Dec-2022,13-Dec-2027
FAST LABOUR HIRE MELBOURNE PTY LTD,Industry - On-Hire,02-Dec-2022,01-Dec-2027
FRESH CHOICE PTY LTD,Industry - Horticulture,11-May-2021,10-May-2026
FIRST CHOICE CARE PTY LTD,Industry - On-Hire,14-Oct-2022,13-Oct-2027
Five Seasons VI (A) Pty Ltd,Far North Queensland DAMA,28-Sep-2022,27-Sep-2027
Forte Marketing Pty Ltd,Far North Queensland DAMA,22-Nov-2022,21-Nov-2027
Foxtel Management Pty Limited,Skilled Refugee Pilot,24-Oct-2022,23-Oct-2027
FRYDAYS FISH & CHIPPERY PTY LTD,Far North Queensland DAMA,03-Nov-2022,02-Nov-2027
GAG RILEY (CAIRNS) BUSINESS COMPANY PTY LTD,Far North Queensland DAMA,05-Dec-2022,04-Dec-2027
Galati Nominees Pty Ltd,South West DAMA,04-Oct-2022,03-Oct-2027
Garman Nominees Pty Ltd,Pilbara DAMA,13-Dec-2022,12-Dec-2027
GENEROCITY CHURCH LIMITED,Industry - Minister of Religion,11-Jan-2023,10-Jan-2028
GEOVERT GROUND ENGINEERING PTY LTD,Company Specific,15-Dec-2022,14-Dec-2027
GILLEN CLUB INCORPORATED,Northern Territory DAMA,03-Jan-2023,02-Jan-2028
GLENARTY ROAD FARMS PTY LTD,South West DAMA,05-Jan-2023,04-Jan-2028
Globalscope Brisbane: The Garden Ltd,Industry - Minister of Religion,18-Aug-2022,17-Aug-2027
GOLD FIELDS AUSTRALIA PTY LTD,Goldfields DAMA,25-Oct-2022,24-Oct-2027
GOOD FORTUNE CAIRNS PTY LTD,Far North Queensland DAMA,28-Sep-2022,27-Sep-2027
GOOD THINGS IN LIFE PTY LTD,South West DAMA,09-Jan-2023,08-Jan-2028
GOOD TURN SERVICES PTY LTD,Pilbara DAMA,04-Oct-2022,03-Oct-2027
GOODSTART EARLY LEARNING LTD,Far North Queensland DAMA,08-Sep-2022,07-Sep-2027
GOODSTART EARLY LEARNING LTD,Northern Territory DAMA,29-Sep-2021,28-Sep-2026
GOTECH SOLUTIONS PTY LTD,Industry - On-Hire,17-Aug-2022,16-Aug-2027
Granite Engineering and Manufacturing Co Pty Ltd,Far North Queensland DAMA,04-Jan-2023,03-Jan-2028
GREENHAM TASMANIA PTY LTD,Industry - Meat,21-Sep-2022,20-Sep-2027
GUARDIAN COMMUNITY EARLY LEARNING CENTRES PTY LTD,Company Specific,17-Nov-2022,16-Nov-2027
GULF ENTERPRISES PTY LTD,Far North Queensland DAMA,12-Dec-2022,11-Dec-2027
H A Gill Pty Ltd,Far North Queensland DAMA,21-Nov-2022,20-Nov-2027
HALIKOS HOSPITALITY PTY LTD,Northern Territory DAMA,16-Sep-2022,15-Sep-2027
Harvest Community Church Perth Inc,Industry - Minister of Religion,01-Dec-2022,30-Nov-2027
HATCH PTY LTD,Skilled Refugee Pilot,05-Sep-2022,04-Sep-2027
HEH Civil Pty Ltd,Far North Queensland DAMA,15-Nov-2022,14-Nov-2027
Hindu Ahlaya Sangam Qld Inc.,Industry - Minister of Religion,31-Oct-2022,30-Oct-2027
Hispec Heavy Haulage Pty Ltd,South Australia Regional DAMA,24-Oct-2022,23-Oct-2027
HOLIDAY MASSAGE BROOME CO. PTY LTD,Northern Territory DAMA,21-Dec-2022,20-Dec-2027
HOSECO (WA) PTY LTD,Northern Territory DAMA,04-Jan-2023,03-Jan-2028
Integrity Pty Ltd,Northern Territory DAMA,14-Dec-2022,13-Dec-2027
INTERNATIONAL BUDDHIST ASSOC OF WESTERN AUSTRALIA INC,Industry - Minister of Religion,03-Jan-2023,02-Jan-2028
J AN R JENKINS PTY LTD,Northern Territory DAMA,06-Jan-2023,05-Jan-2028
Jade Dental Laboratory Pty Ltd,Company Specific,14-Nov-2022,13-Nov-2027
JMD Operations Pty Ltd,Pilbara DAMA,05-Dec-2022,04-Dec-2027
Journey Recruitment Pty Ltd,Industry - On-Hire,21-Sep-2022,20-Sep-2027
Kaefer Integrated Services Pty Ltd,Company Specific,10-Aug-2022,09-Aug-2027
Kaleden Farms Pty Ltd,Industry - Dairy,21-Sep-2022,20-Sep-2027
Kalgoorlie Creche Inc,Goldfields DAMA,04-Oct-2022,03-Oct-2027
KEMPE SERVICES PTY LTD,Pilbara DAMA,30-Nov-2022,29-Nov-2027
Khmer Buddhist Association of SA Inc,Industry - Minister of Religion,29-Nov-2022,27-Nov-2027
KI PROFESSIONALS PTY LTD,Northern Territory DAMA,19-Oct-2022,18-Oct-2027
Kilcoy Pastoral Company Limited,Industry - Meat,18-Mar-2022,17-Mar-2027
Kimberley Manufacturing Pty Ltd,Skilled Refugee Pilot,20-Dec-2022,19-Dec-2027
KOOYONG PTY LTD,Northern Territory DAMA,14-Dec-2022,13-Dec-2027
KOREAN CANAAN PRESBYTERIAN CHURCH,Industry - Minister of Religion,21-Nov-2022,20-Nov-2027
KR & V McBride & Co Pty Ltd,South Australia Regional DAMA,08-Nov-2022,07-Nov-2027
Kylie's International Pty Ltd,Northern Territory DAMA,05-Oct-2022,04-Oct-2027
LAKELAND ROADHOUSE,Far North Queensland DAMA,04-Nov-2022,03-Nov-2027
LE MARMITON PTY LTD,Industry – Premium Dining,27-Oct-2022,26-Oct-2027
LEADWOOD PTY LTD,Far North Queensland DAMA,19-Oct-2022,18-Oct-2027
LINDALE PASTORAL COMPANY PTY LTD,Industry - Dairy,04-Nov-2022,03-Nov-2027
LUTHERAN CHURCH OF AUSTRALIA INC.,Industry - Minister of Religion,08-Oct-2021,07-Oct-2026
MACA Mining Pty Ltd,Company Specific,24-Aug-2022,23-Aug-2027
Macleay River Meats,Industry - Meat,05-Oct-2022,04-Oct-2027
Magnus Recruitment Solutions Pty Ltd,Industry - On-Hire,10-Nov-2022,09-Nov-2027
MAHAMEVNAWA BUDDHIST MONASTERY OF MELBOURNE,Industry - Minister of Religion,25-Nov-2022,24-Nov-2027
MANTRA HOSPITALITY ADMIN PTY LTD,Townsville DAMA,05-Jul-2023,04-Jul-2028
MARAIS ENTERPRISES PTY LTD,Company Specific,21-Mar-2022,20-Mar-2027
MC Peters Pty Ltd,Northern Territory DAMA,16-Dec-2022,15-Dec-2027
MCMAHON FAMILY ENTERPRISES PTY LTD,Industry - Pork,03-Jan-2023,02-Jan-2028
Mexican Express PTY LTD,South Australia Regional DAMA,09-Sep-2022,08-Sep-2027
MHS (NT) Pty Ltd,Northern Territory DAMA,11-Nov-2022,10-Nov-2027
Mika.Two Pty Ltd,Far North Queensland DAMA,05-Oct-2022,04-Oct-2027
Mike Ball Dive Expeditions Pty. Limited,Far North Queensland DAMA,30-Nov-2022,29-Nov-2027
MILC NOMINEES PTY LTD ATF JESSOP FAMILY TRUST,Pilbara DAMA,21-Dec-2022,20-Dec-2027
MILLVILLE CHILDCARE CENTRE PTY LTD,Great South Coast DAMA,27-Oct-2022,26-Oct-2027
Millwood Holdings Pty Ltd,South West DAMA,05-Aug-2022,04-Aug-2027
Minghui Education Pty Ltd,Company Specific,18-Oct-2022,17-Oct-2027
Mofo Fishing Pty Ltd,Industry - Fishing,09-Sep-2022,08-Sep-2027
MONK AG SERVICES PTY LTD,Great South Coast DAMA,27-Nov-2022,26-Nov-2027
MT BOOTHBY PASTORAL CO PTY LIMITED,South Australia Regional DAMA,31-Jan-2022,30-Jan-2027
MU DE CULTURAL AND EDUCATIONAL FOUNDATION INC,Industry - Minister of Religion,03-Aug-2022,02-Aug-2027
MY GUARDIAN GROUP PTY. LTD.,Company Specific,13-Dec-2022,12-Dec-2027
N& N De Palma Pty Ltd,Industry - Horticulture,25-Oct-2022,24-Oct-2027
NICKANDDAN PTY LTD,Orana DAMA,19-Oct-2022,18-Oct-2027
NORDENT PTY LTD & T TRAN,Northern Territory DAMA,29-Sep-2022,28-Sep-2027
North West Constructions Pty Ltd,Northern Territory DAMA,27-Nov-2022,26-Nov-2027
Northbridge IT Recruitment Pty Ltd,Industry - On-Hire,08-Nov-2022,07-Nov-2027
Northern Projects Pty Ltd,Skilled Refugee Pilot,17-Nov-2022,16-Nov-2027
Northside Healthcare Pty Ltd,Company Specific,18-Nov-2022,17-Nov-2027
Nottus FNQ PTY LTD,Far North Queensland DAMA,17-Nov-2022,16-Nov-2027
Novus Logistics Pty Ltd,Far North Queensland DAMA,01-Sep-2022,31-Aug-2027
Ochre Catering Pty Ltd,Far North Queensland DAMA,15-Sep-2022,14-Sep-2027
ONE TREE COMMUNITY SERVICES INC,Pilbara DAMA,22-Nov-2022,21-Nov-2027
ONE TREE COMMUNITY SERVICES INC,Company Specific,02-Dec-2022,01-Dec-2027
ONICAP PTY LTD AND PURPLE GROVE PTY LTD,Company Specific,03-Aug-2022,02-Aug-2027
OS ACPM Pty Ltd,Company Specific,23-Nov-2022,22-Nov-2027
P. & N. Blumann,Goldfields DAMA,05-Oct-2022,04-Oct-2027
P. COSTI & SONS (SA) PTY LTD,South Australia Regional DAMA,05-Sep-2022,04-Sep-2027
PADDY'S (CAIRNS) PTY LTD,Far North Queensland DAMA,24-Nov-2022,23-Nov-2027
PALM FRONT ENTERPRISE PTY LTD,Far North Queensland DAMA,06-Dec-2022,05-Dec-2027
"PATANE, CARLO LEONARD",South West DAMA,01-Nov-2022,31-Oct-2027
Phoenix Nights International Pty Ltd,South West DAMA,08-Dec-2022,07-Dec-2027
Pinata Farms,Industry - Horticulture,24-Nov-2022,23-Nov-2027
PINZONE BROTHERS PTY LTD,Industry - Fishing,15-Nov-2022,14-Nov-2027
PITCHFORD PRODUCE PTY LTD,South Australia Regional DAMA,05-Aug-2022,04-Aug-2027
Plaza Wellbeing Centre Pty Ltd,Northern Territory DAMA,21-Dec-2022,20-Dec-2027
PROMPT CONTRACTING & FENCING PTY LTD,Pilbara DAMA,21-Dec-2022,20-Dec-2027
PSYCHE EUDAIMONIA PTY LTD,Townsville DAMA,23-Nov-2022,22-Nov-2027
PTM Pilbara Traffic Management Pty Ltd,Pilbara DAMA,21-Dec-2022,20-Dec-2027
PTRG Accounting Pty Ltd,Townsville DAMA,20-Dec-2022,19-Dec-2027
QRA PTY LIMITED ATF THE QUAY UNIT TRUST,Industry – Premium Dining,04-Nov-2022,03-Nov-2027
QUANG NHAT DO PTY LTD & DASHOCK PTY LTD,South West DAMA,21-Dec-2022,20-Dec-2027
QUEENSLAND VENUE CO. PTY LTD,Far North Queensland DAMA,12-Aug-2022,11-Aug-2027
R. E & P. R MCCLYMONT,Far North Queensland DAMA,22-Nov-2022,21-Nov-2027
"REGAN, LILIBETH",Northern Territory DAMA,04-Jan-2023,03-Jan-2028
RENDE-DU-VIETNAM PTY LTD,Far North Queensland DAMA,05-Oct-2022,04-Oct-2027
RIO TINTO ALUMINIUM LIMITED,Far North Queensland DAMA,28-Oct-2022,27-Oct-2027
RIVER BLEU PTY LTD,Northern Territory DAMA,17-Nov-2022,16-Nov-2027
RIVERVIEW CHURCH INCORPORATED,Industry - Minister of Religion,30-Nov-2022,29-Nov-2027
Rock Ridge Farming Pty Ltd,Far North Queensland DAMA,27-Sep-2022,26-Sep-2027
Rose Nowers Early Learning Centre Inc,Pilbara DAMA,31-Oct-2022,30-Oct-2027
RUC CEMENTATION MINING CONTRACTORS PTY LTD,Goldfields DAMA,28-Nov-2022,27-Nov-2027
SALT HOUSE PTY LTD,Far North Queensland DAMA,09-Nov-2022,08-Nov-2027
SAMOAN INDEPENDENT SEVENTH DAY ADVENTIST CHURCH WESTERN SYDNEY DIVISION INCORPORATED,Industry - Minister of Religion,30-Nov-2022,29-Nov-2027
SAVING RAINS PTY LTD,Industry - Horticulture,09-Nov-2022,08-Nov-2027
SC and CA Timms Pastoral PTY LTD - ATF - SC and CA Timms Pastoral Trust,Great South Coast DAMA,05-Aug-2022,04-Aug-2027
Seafresh Holdings Pty Ltd,Industry - Fishing,25-Oct-2022,24-Oct-2027
SERCO AUSTRALIA PTY LIMITED,Industry - On-Hire,21-Sep-2022,20-Sep-2027
SEVENTH-DAY ADVENTIST CHURCH (VICTORIAN CONFERENCE) LIMITED,Industry - Minister of Religion,20-Dec-2022,19-Dec-2027
Sheree Star Seafood Pty Ltd,Industry - Fishing,29-Sep-2022,28-Sep-2027
SHIRE OF DARDANUP,South West DAMA,29-Nov-2022,28-Nov-2027
Shire of Ravensthorpe,Goldfields DAMA,22-Dec-2022,21-Dec-2027
SILKY OAKS LODGE PTY LTD,Far North Queensland DAMA,04-Aug-2022,03-Aug-2027
SILVINIA PTY LTD,Far North Queensland DAMA,24-Aug-2022,23-Aug-2027
SKVV Pty Ltd,South West DAMA,04-Jan-2023,03-Jan-2028
Slainte Mhath (QLD) PTY LTD,Far North Queensland DAMA,25-Oct-2022,24-Oct-2027
Southern Presbyterian Church Launceston,Industry - Minister of Religion,29-Nov-2022,28-Nov-2027
SRG GLOBAL MINING (AUSTRALIA) PTY LTD,Goldfields DAMA,10-Feb-2022,09-Feb-2027
Star Consolidated Holdings Pty Ltd,Townsville DAMA,09-Jan-2023,08-Jan-2028
Sterling NT Pty Ltd,Northern Territory DAMA,29-Nov-2022,28-Nov-2027
STEWART GROUP (WA) PTY LTD,Goldfields DAMA,10-Jan-2023,09-Jan-2028
Strawberry Colour Pty Ltd,Skilled Refugee Pilot,29-Aug-2022,28-Aug-2027
Styx River Farm Pty ltd,Industry - Dairy,13-Sep-2022,12-Sep-2027
Sunnyside House Inc,Great South Coast DAMA,10-Oct-2022,09-Oct-2027
SUPREME ISLAMIC COUNCIL OF HALAL MEAT IN AUSTRALIA INC (SICHMA),Company Specific,21-Nov-2022,20-Nov-2027
T BENNING & N BENNING,Industry - Horticulture,14-Nov-2022,13-Nov-2027
T.T. Nguyen & A.Vu,South West DAMA,21-Nov-2022,20-Nov-2027
TABLEW PTY LTD as Trustee for the Lewthwaite Family Trust,Townsville DAMA,14-Oct-2022,13-Oct-2027
TAGSFOE PTY LTD,Pilbara DAMA,24-Nov-2022,23-Nov-2027
TAK OPERATIONS PTY LTD,Far North Queensland DAMA,17-Nov-2022,16-Nov-2027
TANKAL PTY LTD,Far North Queensland DAMA,06-Oct-2022,05-Oct-2027
Techforce Personnel Pty Limited,Industry - On-Hire,22-Aug-2022,21-Aug-2027
TERRACE COURT PTY LTD,Pilbara DAMA,07-Dec-2022,06-Dec-2027
Terroir Investments Pty Ltd,South West DAMA,02-Nov-2022,01-Nov-2027
TEYS AUSTRALIA NARACOORTE PTY LTD,Industry - Meat,08-May-2023,07-May-2028
The Boston Consulting Group Pty Ltd,Skilled Refugee Pilot,14-Oct-2022,13-Oct-2027
"The Department of Families, Fairness and Housing",Company Specific,11-Jan-2023,10-Jan-2028
THE FRANK WHIDDON MASONIC HOMES OF NEW SOUTH WALES,Company Specific,14-Nov-2022,13-Nov-2027
The Migration Agency Pty Ltd,Industry - On-Hire,02-Nov-2022,01-Nov-2027
THE TRUSTEE FOR PALACE HOTEL UNIT TRUST,Goldfields DAMA,11-Jan-2022,10-Jan-2027
THE TRUSTEE FOR TAN'S FAMILY TRUST,South Australia Regional DAMA,05-Dec-2022,04-Dec-2027
THE TRUSTEE FOR THE NOBLE FAMILY TRUST,Industry - Dairy,30-Nov-2022,29-Nov-2027
THE TRUSTEE FOR THE TAYASH TRUST,Great South Coast DAMA,11-Aug-2022,10-Aug-2027
The Union Pastoral Co Pty Ltd,Great South Coast DAMA,14-Mar-2023,13-Mar-2028
THE UNITING CHURCH IN AUSTRALIA PROPERTY TRUST (Q.),Industry - Minister of Religion,08-Oct-2021,07-Oct-2026
THE YOUNG MEN'S CHRISTIAN ASSOCIATION OF WESTERN AUSTRALIA INCORPORATED,Pilbara DAMA,21-Mar-2023,20-Mar-2028
THI THUY GIANG NGUYEN AND CHI TRUNG NGUYEN,South West DAMA,30-Nov-2022,29-Nov-2027
TINY TOWN EARLY LEARNING CENTRE PTY LTD,Northern Territory DAMA,14-Oct-2022,13-Oct-2027
TL PANEL WORKS PTY LTD,Northern Territory DAMA,30-Nov-2022,29-Nov-2027
Total Air Pollution Control Pty. Ltd.,Company Specific,28-Sep-2022,27-Sep-2027
TRINITY GENERAL PRACTITIONERS PTY LTD,Far North Queensland DAMA,29-Aug-2022,28-Aug-2027
TRIPOD SERVICES PTY LTD,Industry - Horticulture,04-Jul-2022,03-Jul-2027
TYRE AND AUTO PTY LTD,Far North Queensland DAMA,17-Nov-2022,16-Nov-2027
Uniting Church Homes,East Kimberley DAMA,21-Dec-2022,20-Dec-2027
VASSE BAKERY PTY LTD,South West DAMA,21-Nov-2022,20-Nov-2027
VIETNAMESE CHRISTIAN CHURCH (BRISBANE),Industry - Minister of Religion,30-Nov-2022,29-Nov-2027
VINODKUMAR PANGULURI,Far North Queensland DAMA,22-Nov-2022,21-Nov-2027
VR AND KM RODWELL ATFT RODWELL FAMILY TRUS,Industry - Dairy,03-Nov-2022,02-Nov-2027
VT AP Pty Ltd,South Australia Regional DAMA,05-Dec-2022,04-Dec-2027
WAITARERE PTY LTD,Far North Queensland DAMA,14-Oct-2022,13-Oct-2027
WESFARMERS CHEMICALS ENERGY & FERTILISERS LIMITED,Skilled Refugee Pilot,01-Nov-2022,31-Oct-2027
West Australian Octopus Pty Ltd,Industry - Fishing,31-Oct-2022,30-Oct-2027
Western Australia Police Force,Company Specific,13-Sep-2022,12-Sep-2027
WICKED WENDY PTY LTD,Far North Queensland DAMA,20-Sep-2022,20-Sep-2027
Withnell Dairying Company Pty Ltd,Great South Coast DAMA,19-Oct-2021,18-Oct-2026
WOKS UP TENNANT CREEK PTY LTD,Northern Territory DAMA,10-Nov-2022,09-Nov-2027
WPCPR PTY LTD,Industry - Pork,04-Oct-2022,03-Oct-2027
Wyoming Dairy Inc,Industry - Dairy,28-Sep-2022,27-Sep-2027
YAP ASSOCIATED HOLDINGS PTY LTD,Northern Territory DAMA,11-Nov-2022,10-Nov-2027
YARDARM PTY. LIMITED,Far North Queensland DAMA,24-Nov-2022,23-Nov-2027
Yorkeys Knob Boating Club INC,Far North Queensland DAMA,28-Nov-2022,27-Nov-2027
YOUTH WITH A MISSION SUNSHINE COAST INC,Industry - Minister of Religion,23-Nov-2022,22-Nov-2027
"ZANDA, VITALIA",Far North Queensland DAMA,24-Oct-2022,23-Oct-2027
Bekaert Deslee (Aust) Pty Ltd,Company Specific,16-Sep-2024,15-Sep-2029
Andersons Alfresco Pty Ltd,Far North Queensland DAMA,09-Oct-2024,08-Oct-2029
The trustee for The Jo Sommer Family Trust,Far North Queensland DAMA,06-Jul-2024,05-Jul-2029
Reliable Nursing Agency Pty Ltd,Industry - Aged Care,08-Oct-2024,07-Oct-2029
Tall Timbers Manjimup Pty Ltd,South West DAMA,27-Sep-2024,26-Sep-2029
S & H SODHI PTY LTD,Industry - Horticulture,17-Jul-2021,16-Jul-2026
GO SOLAR GROUP PTY. LTD.,Adelaide City Tech and Innovation DAMA,11-Aug-2021,10-Aug-2026
THE HOLY SPIRIT ASSOCIATION FOR THE UNIFICATION OF WORLD CHRISTIANITY LTD.,Industry - Minister of Religion,02-Sep-2021,01-Sep-2026
ISLAMIC PRACTICE  AND DAWAH CIRCLE INCORPORATED,Industry - Minister of Religion,13-Sep-2021,12-Sep-2026
Thomas Foods International Tamworth Pty Limited,Industry - Meat,22-Sep-2021,21-Sep-2026
Clough Projects Pty Ltd,Company Specific,25-Nov-2021,24-Nov-2026
PERENTI LIMITED,Goldfields DAMA,26-Nov-2021,25-Nov-2026
DAPPER & BOSS SHOPS PTY LTD,Northern Territory DAMA,29-Nov-2021,28-Nov-2026
THE TRUSTEE FOR AGOSTINO FAMILY TRUST,Company Specific,21-Dec-2021,20-Dec-2026
SRG GLOBAL ASSET CARE PTY LTD,Company Specific,11-Jan-2022,10-Jan-2027
PROTEN PTY LIMITED,South Australia Regional DAMA,12-Jan-2022,11-Jan-2027
SARANAE FOOD PTY LTD,Northern Territory DAMA,25-Jan-2022,24-Jan-2027
Romeo's Best Vineyards PTY LTD,Industry - Horticulture,08-Feb-2022,07-Feb-2027
REGIONAL EARLY EDUCATION AND DEVELOPMENT INC,Company Specific,11-Feb-2022,10-Feb-2027
Foundations for Life Early Learning,Northern Territory DAMA,09-Mar-2022,08-Mar-2027
BUILD2GROW PTY LTD ATF THE MICHAEL NIKOLOVSKI INVESTMENT TRUST,Company Specific,11-Apr-2022,10-Apr-2027
Dongamere Farming PTY LTD,Industry - Horticulture,12-Apr-2022,11-Apr-2027
OAKHAMPTON AG PTY LTD,Great South Coast DAMA,13-Apr-2022,12-Apr-2027
JASSAR AND MANESH PTY LTD ATF JASSAR AND MANESH UNIT TRUST,Far North Queensland DAMA,16-May-2022,15-May-2027
TRINITY POINT8 F&B PTY LTD,Industry – Premium Dining,09-Jun-2022,08-Jun-2027
PACIFIC CENTER PLANET OF ADVENTURES PTY. LTD.,Skilled Refugee Pilot,20-Jun-2022,19-Jun-2027
ARC INFRASTRUCTURE EMPLOYMENT PTY LTD,Company Specific,29-Jun-2022,28-Jun-2027
WOODFROG PTY. LTD.,Company Specific,11-Jul-2022,11-Jul-2027
OzAurum Resources,Goldfields DAMA,14-Jul-2022,13-Jul-2027
RED EARTH FARMS (RIVERLAND) PTY LTD,South Australia Regional DAMA,18-Jul-2022,17-Jul-2027
RHG (Aust) Pty Ltd,Industry - Fishing,29-Jul-2022,28-Jul-2027
STELLAR CARE PTY LTD,Company Specific,13-Oct-2022,12-Oct-2027
3 Metals PTY LTD,Company Specific,03-Nov-2022,02-Nov-2027
ESTIA INVESTMENTS PTY. LTD. ,South Australia Regional DAMA,04-Nov-2022,03-Nov-2027
SPORTSCENE SUPER WAREHOUSE (CAIRNS) PTY LTD AS TRUSTEE ATF SPORTSCENE SUPER WAREHOUSE,Far North Queensland DAMA,21-Nov-2022,20-Nov-2027
La Pala,Northern Territory DAMA,28-Nov-2022,27-Nov-2027
THE TRUSTEE FOR BARTON FAMILY TRUST,South West DAMA,28-Nov-2022,27-Nov-2027
KAMAL DEEP SINGH,Far North Queensland DAMA,30-Nov-2022,29-Nov-2027
The Trustee for TU Trust,Far North Queensland DAMA,06-Dec-2022,05-Dec-2027
"BROWN, COMFORT ADOOFO",Goldfields DAMA,21-Dec-2022,20-Dec-2027
RACEBOLT PTY. LIMITED,Far North Queensland DAMA,03-Jan-2023,02-Jan-2028
MOLLKING HOLDINGS PTY LTD,Far North Queensland DAMA,12-Jan-2023,11-Jan-2028
RAVENSTHORPE NOMINEES PTY LTD,South West DAMA,12-Jan-2023,11-Jan-2028
Gin Ricky Hospitality Pty Ltd,Far North Queensland DAMA,13-Jan-2023,12-Jan-2028
"SOUTHERN CROSS CARE (SA, NT & VIC) INCORPORATED",Northern Territory DAMA,13-Jan-2023,12-Jan-2028
Macbar Nominees Pty Ltd,South Australia Regional DAMA,13-Jan-2023,12-Jan-2028
Richemont Australia Pty Limited,Company Specific,16-Jan-2023,15-Jan-2028
Helicopter Film Services Pty Ltd,East Kimberley DAMA,16-Jan-2023,15-Jan-2028
KONECRANES AND DEMAG PTY LTD,Goldfields DAMA,17-Jan-2023,16-Jan-2028
NATIONAL NURSES PLUS PTY LTD,Industry - On-Hire,17-Jan-2023,16-Jan-2028
Far North Community Services Ltd.,East Kimberley DAMA,18-Jan-2023,17-Jan-2028
Promotor Trailers Pty Ltd,Northern Territory DAMA,18-Jan-2023,17-Jan-2028
Alvinleigh Pty Ltd,Far North Queensland DAMA,19-Jan-2023,18-Jan-2028
LLAN INVESTMENTS PTY LTD,Industry - Dairy,20-Jan-2023,19-Jan-2028
ZamHedland Pty Ltd,Pilbara DAMA,20-Jan-2023,19-Jan-2028
ORD RIVER DISTRICT CO-OPERATIVE LTD,East Kimberley DAMA,21-Jan-2023,20-Jan-2028
JTR Trading Pty Ltd,Northern Territory DAMA,23-Jan-2023,22-Jan-2028
BOSHIER FARMS (SOUTHWEST VIC) PTY LTD,Great South Coast DAMA,24-Jan-2023,23-Jan-2028
PDA HOLDINGS PTY LTD,Industry – Premium Dining,25-Jan-2023,24-Jan-2028
Wohlfahrt Chooks PTY LTD,Far North Queensland DAMA,27-Jan-2023,26-Jan-2028
WESTRAC PTY LTD,Goldfields DAMA,27-Jan-2023,26-Jan-2028
Buddhist Society of the NT INC,Industry - Minister of Religion,27-Jan-2023,26-Jan-2028
ANTS PANTS BUILDING CO PTY LTD,Industry - On-Hire,27-Jan-2023,26-Jan-2028
Convaline Pty Ltd,Goldfields DAMA,30-Jan-2023,29-Jan-2028
J WARREN & R.W WARREN,Industry - Dairy,30-Jan-2023,29-Jan-2028
HOPPICORP PTY LTD,Company Specific,31-Jan-2023,30-Jan-2028
DALLY LESLIE TEECE,Far North Queensland DAMA,31-Jan-2023,30-Jan-2028
Lecker Farming pty Ltd,Far North Queensland DAMA,01-Feb-2023,31-Jan-2028
Creese Management Services Pty Ltd,Industry - Horticulture,01-Feb-2023,31-Jan-2028
PARADISIS HOLDINGS PTY LTD,Northern Territory DAMA,01-Feb-2023,31-Jan-2028
M.P MCKENNA & J.M SHANKS & E.A THOMPSON,Orana DAMA,01-Feb-2023,31-Jan-2028
KARRATHA BAKERY PTY LTD,Pilbara DAMA,01-Feb-2023,31-Jan-2028
PLATEITFORWARD LTD,Skilled Refugee Pilot,01-Feb-2023,31-Jan-2028
Beak and Johnston Pty Ltd,Company Specific,02-Feb-2023,01-Feb-2028
HUEKEN PTY LTD,Far North Queensland DAMA,02-Feb-2023,01-Feb-2028
Oakumgold Pty Ltd,Far North Queensland DAMA,02-Feb-2023,01-Feb-2028
D BORSATO PTY LTD,Far North Queensland DAMA,02-Feb-2023,01-Feb-2028
Viridian Ag Pty Ltd,Goldfields DAMA,02-Feb-2023,01-Feb-2028
DEGREY CIVIL PTY LTD,Pilbara DAMA,02-Feb-2023,01-Feb-2028
Ostojic Group Pty Ltd,Northern Territory DAMA,03-Feb-2023,02-Feb-2028
The Adelaide Grace Evangelical Holiness Church Incorporated,Industry - Minister of Religion,06-Feb-2023,05-Feb-2028
Community Construction Pty Ltd,Skilled Refugee Pilot,06-Feb-2023,05-Feb-2028
CWC AUTO SERVICES PTY LTD,Skilled Refugee Pilot,06-Feb-2023,05-Feb-2028
Australian First Construction Group Pty Ltd,Skilled Refugee Pilot,06-Feb-2023,05-Feb-2028
DIANA HOLDINGS PTY LTD,South West DAMA,06-Feb-2023,05-Feb-2028
ANKA ENTERPRISES PTY LTD,South West DAMA,06-Feb-2023,05-Feb-2028
The Trustee for The Roshana Family Trust,Company Specific,07-Feb-2023,06-Feb-2028
RFM OS PTY LTD,Industry - On-Hire,07-Feb-2023,06-Feb-2028
GPP INNISFAIL PTY LTD,Far North Queensland DAMA,08-Feb-2023,07-Feb-2028
TOWNSVILLE PHARMACY NO.3 PTY LTD,Far North Queensland DAMA,08-Feb-2023,07-Feb-2028
A.G CHESSELLS & S.G CHESSELLS,Industry - Dairy,08-Feb-2023,07-Feb-2028
INTERNATIONAL BUDDHIST ASSOCIATION OF AUSTRALIA CO-OPERATIVE LIMITED,Industry - Minister of Religion,08-Feb-2023,07-Feb-2028
MEDIAHUB WORLDWIDE ASIA PACIFIC PTY LIMITED,Industry - Advertising,09-Feb-2023,08-Feb-2028
Johville Park Farms Pty Ltd,Industry - Dairy,09-Feb-2023,08-Feb-2028
SECURITECH CONSULTANCY SOLUTIONS PTY LTD,Industry - On-Hire,09-Feb-2023,08-Feb-2028
Cafe Squared Pty Ltd,Skilled Refugee Pilot,09-Feb-2023,08-Feb-2028
APTL Beam Builders Pty Ltd,Skilled Refugee Pilot,09-Feb-2023,08-Feb-2028
SpeechEase Pty Ltd,Townsville DAMA,09-Feb-2023,08-Feb-2028
Calypso Productions Pty Ltd,Far North Queensland DAMA,10-Feb-2023,09-Feb-2028
Te Mania Angus Pty Ltd,Great South Coast DAMA,10-Feb-2023,09-Feb-2028
DDD LAVALLE FISHERIES PTY LTD,Industry - Fishing,10-Feb-2023,09-Feb-2028
MAAS GROUP HOLDINGS LIMITED,Orana DAMA,10-Feb-2023,09-Feb-2028
CONTITECH AUSTRALIA PTY LTD,Company Specific,13-Feb-2023,12-Feb-2028
JASSAR & MANESH PTY LTD ATF JASSAR MANESH CONSULTANTS UNIT TRUST,Far North Queensland DAMA,13-Feb-2023,12-Feb-2028
NICKEL TO DIME PTY LTD,Far North Queensland DAMA,14-Feb-2023,13-Feb-2028
Britespark Energy Solutions Pty Ltd,Far North Queensland DAMA,14-Feb-2023,13-Feb-2028
Bella Alice Pty Ltd,Northern Territory DAMA,14-Feb-2023,13-Feb-2028
Jo Emanuele Pty Ltd,South Australia Regional DAMA,14-Feb-2023,13-Feb-2028
Three Wolves Pty Ltd,Far North Queensland DAMA,16-Feb-2023,15-Feb-2028
Pilbara Juice & Smoothy Pty Ltd,Pilbara DAMA,16-Feb-2023,15-Feb-2028
The Trustee for V L Garic Discretionary Trust,South West DAMA,16-Feb-2023,15-Feb-2028
JASON STERLING AND ELIZA STERLING,Far North Queensland DAMA,17-Feb-2023,16-Feb-2028
FREO GROUP PTY LTD,Pilbara DAMA,17-Feb-2023,16-Feb-2028
M.R.V.L. Investments Pty Ltd,Company Specific,20-Feb-2023,19-Feb-2028
Lingalonga Early Years Learning Centre Inc,Goldfields DAMA,20-Feb-2023,19-Feb-2028
M.R.V.L. Investments Pty Ltd,Industry – Premium Dining,20-Feb-2023,19-Feb-2028
Murray River North Pty Ltd,Northern Territory DAMA,20-Feb-2023,19-Feb-2028
Hedland Bakery Pty Ltd,Pilbara DAMA,20-Feb-2023,19-Feb-2028
D.T NOY & M.J NOY,Great South Coast DAMA,21-Feb-2023,20-Feb-2028
S.C FINGER & L.A Finger,Industry - Dairy,21-Feb-2023,20-Feb-2028
Joga Fisheries Pty Ltd,Industry - Fishing,21-Feb-2023,20-Feb-2028
B&W INTERNATIONAL TRADING PTY LTD,Northern Territory DAMA,21-Feb-2023,20-Feb-2028
Swings & Roundabouts Pty Ltd,South West DAMA,21-Feb-2023,20-Feb-2028
Invermay Farms Pty Ltd,Industry - Dairy,22-Feb-2023,21-Feb-2028
Bulmer Farms Pty Ltd,Industry - Horticulture,22-Feb-2023,21-Feb-2028
A.P SCHMIDT & P.A. SCHMIDT & P.J SCHMIDT,Industry - Pork,22-Feb-2023,21-Feb-2028
AUSDRILL PTY LTD,Goldfields DAMA,23-Feb-2023,22-Feb-2028
VOYAGER ESTATE (W.A.) PTY LTD,South West DAMA,23-Feb-2023,22-Feb-2028
Treloar Child Care Centre Inc.,Pilbara DAMA,24-Feb-2023,23-Feb-2028
Kununurra Hair & Beauty Retreat Pty Ltd,East Kimberley DAMA,27-Feb-2023,26-Feb-2028
Mattben Pty Ltd,Northern Territory DAMA,28-Feb-2023,27-Feb-2028
BEAU TRADING PTY LTD,Townsville DAMA,01-Mar-2023,28-Feb-2028
BARAMA INVESTMENTS PTY LTD,Far North Queensland DAMA,02-Mar-2023,01-Mar-2028
N&J WA JUICE AND SMOOTHIES PTY LTD,Pilbara DAMA,02-Mar-2023,01-Mar-2028
Champion Impex Pty Ltd,Northern Territory DAMA,06-Mar-2023,05-Mar-2028
LVANT MECCA PTY LTD,Orana DAMA,06-Mar-2023,05-Mar-2028
WALTERS PHARMACY PTY LTD & MALTAM PHARMACY PTY LTD,Far North Queensland DAMA,07-Mar-2023,06-Mar-2028
APE Cars MGMT Pty Ltd,Northern Territory DAMA,07-Mar-2023,06-Mar-2028
OPERA SERVICES PTY LIMITED,Skilled Refugee Pilot,07-Mar-2023,06-Mar-2028
VIMOKKHARAM FOREST HERMITAGE INC,Industry - Minister of Religion,08-Mar-2023,07-Mar-2028
VEHICLE REPAIRHUB PTY LIMITED,Company Specific,09-Mar-2023,08-Mar-2028
VAWDREY AUSTRALIA PTY LTD,Company Specific,09-Mar-2023,08-Mar-2028
C DWYER & T.M DWYER,Industry - Dairy,09-Mar-2023,08-Mar-2028
THE LUCAS GROUP SERVICES PTY LTD,Industry – Premium Dining,09-Mar-2023,08-Mar-2028
MIND BODY AND SOUL THERAPIES AUSTRALIA PTY LTD,Northern Territory DAMA,09-Mar-2023,08-Mar-2028
Kimberley Air Maintenance Pty Ltd,East Kimberley DAMA,10-Mar-2023,09-Mar-2028
Local Glass Company Pty Ltd,Far North Queensland DAMA,10-Mar-2023,09-Mar-2028
B & J CITY KITCHEN PTY LTD,Company Specific,13-Mar-2023,12-Mar-2028
Velocity Global Australia Pty Ltd,Skilled Refugee Pilot,13-Mar-2023,12-Mar-2028
Novita Services,South Australia Regional DAMA,13-Mar-2023,12-Mar-2028
B.J SANFORD & I.P SANFORD & SANFORD PASTORAL PTY LTD,Goldfields DAMA,14-Mar-2023,13-Mar-2028
VLI Pty Limited,Goldfields DAMA,14-Mar-2023,13-Mar-2028
CLAUDARAH PTY LTD,Industry - Fishing,15-Mar-2023,14-Mar-2028
AMPERSAND ESTATES PTY LTD,Industry - Horticulture,15-Mar-2023,14-Mar-2028
DUSTINS INVESTMENTS PTY LTD,Northern Territory DAMA,15-Mar-2023,14-Mar-2028
RURAL DEVELOPMENTS PTY LTD,South West DAMA,15-Mar-2023,14-Mar-2028
THE TRUSTEE FOR ARTEMIS AGRICULTURE TRUST & THE TRUSTEE FOR THE BARRADALE FARM UNIT TRUST,East Kimberley DAMA,16-Mar-2023,15-Mar-2028
EM Dental Pty Ltd,Northern Territory DAMA,16-Mar-2023,15-Mar-2028
Global Fruit Protection Pty Ltd,Far North Queensland DAMA,17-Mar-2023,16-Mar-2028
PASWOOD PTY LTD,Far North Queensland DAMA,20-Mar-2023,19-Mar-2028
Temp Accounting and Admin Pty Ltd,Far North Queensland DAMA,21-Mar-2023,20-Mar-2028
HOMEPLACE LIVING SUPPORTS INCORPORATED,South Australia Regional DAMA,21-Mar-2023,20-Mar-2028
Gourmand China on Abbott Pty Ltd,Far North Queensland DAMA,22-Mar-2023,21-Mar-2028
CUCKOO VALLEY PTY LTD,Industry - Meat,22-Mar-2023,21-Mar-2028
MIKHLEE PTY LTD,Northern Territory DAMA,22-Mar-2023,21-Mar-2028
HILCI AUSTRALIA PTY LTD,Northern Territory DAMA,22-Mar-2023,21-Mar-2028
QUBE HOLDINGS LIMITED,South Australia Regional DAMA,22-Mar-2023,21-Mar-2028
Three Friends Fishing Company Pty Ltd,Industry - Fishing,23-Mar-2023,22-Mar-2028
Trinsand Fisheries Pty Ltd,Industry - Fishing,23-Mar-2023,22-Mar-2028
Chislett Farms Pty Ltd,Industry - Horticulture,23-Mar-2023,22-Mar-2028
GARDEN CITY INDEPENDENT BAPTISTS PTY LTD,Industry - Minister of Religion,23-Mar-2023,22-Mar-2028
Kennedy Valley Bananas Pty Ltd,Far North Queensland DAMA,24-Mar-2023,23-Mar-2028
LOCKHART RIVER ABORIGINAL COUNCIL,Far North Queensland DAMA,24-Mar-2023,23-Mar-2028
PICWN PTY LTD,Great South Coast DAMA,24-Mar-2023,23-Mar-2028
O'Connor Wooltech Pty Ltd,Skilled Refugee Pilot,24-Mar-2023,23-Mar-2028
DIXIE PARK PTY LTD,Industry - Dairy,27-Mar-2023,26-Mar-2028
D.M & P.C WHITE,Industry - Horticulture,28-Mar-2023,27-Mar-2028
WYNDHAM VACATION CLUBS SOUTH PACIFIC LTD,South West DAMA,28-Mar-2023,27-Mar-2028
J.P. Hampson Investments Pty Ltd,Far North Queensland DAMA,29-Mar-2023,28-Mar-2028
GWR SHEARING & AG GROUP PTY LTD,Great South Coast DAMA,29-Mar-2023,28-Mar-2028
HVSTn MANAGEMENT PTY LTD,Northern Territory DAMA,29-Mar-2023,28-Mar-2028
WH & GL MARTEL PTY LTD ATF WH & GL MARTEL TRUST FUND,Orana DAMA,29-Mar-2023,28-Mar-2028
CARTA AND CO. PTY. LTD.,Townsville DAMA,29-Mar-2023,28-Mar-2028
AUSTREECON PTY LTD ATF LJ GAMBLE FAMILY TRUST,Industry - Horticulture,30-Mar-2023,29-Mar-2028
Michael's Seafood Pty Ltd,Industry - Fishing,31-Mar-2023,30-Mar-2028
GRAPELAND PTY LTD,Industry - Horticulture,31-Mar-2023,30-Mar-2028
Thomas Foods International Bourke Pty Ltd,Industry - Meat,31-Mar-2023,30-Mar-2028
Q Labour Solutions Pty Ltd,Industry - On-Hire,31-Mar-2023,30-Mar-2028
Townbrook Motels Pty Ltd,Great South Coast DAMA,03-Apr-2023,02-Apr-2028
H.U VOGEL & S.S VOGEL,Great South Coast DAMA,03-Apr-2023,02-Apr-2028
Campsey Ash Farms Pty Ltd,Industry - Horticulture,03-Apr-2023,02-Apr-2028
U DON'T NEED A NEW ROOF PTY LTD,Far North Queensland DAMA,04-Apr-2023,03-Apr-2028
J & F Lazzara & Sons Pty Ltd,Industry - Horticulture,04-Apr-2023,03-Apr-2028
Thomas Foods International Murray Bridge Pty Ltd,Industry - Meat,04-Apr-2023,03-Apr-2028
NT 7 INSTA GROUP PTY LTD,Northern Territory DAMA,04-Apr-2023,03-Apr-2028
GOFORCE ENTERPRISE PTY LTD,Northern Territory DAMA,04-Apr-2023,03-Apr-2028
B.E.E. Centre Pty Ltd,South West DAMA,04-Apr-2023,03-Apr-2028
C N DUGUE & R B RUSSELL,Far North Queensland DAMA,05-Apr-2023,04-Apr-2028
KYKNOS PTY LTD & K TALIMANIDIS & P.M TALIMANIDIS,Industry – Premium Dining,05-Apr-2023,04-Apr-2028
ROSE LANDSCAPE SERVICES PTY LTD,Industry - Horticulture,05-Apr-2023,04-Apr-2028
Holemob Pty Ltd,East Kimberley DAMA,06-Apr-2023,05-Apr-2028
GRAY AUSTRALIA PTY LTD,East Kimberley DAMA,06-Apr-2023,05-Apr-2028
MANNA NT PTY LTD,Northern Territory DAMA,06-Apr-2023,05-Apr-2028
TECH LIFE GROUP PTY LTD,Northern Territory DAMA,06-Apr-2023,05-Apr-2028
ARC Disability Services Inc,Far North Queensland DAMA,12-Apr-2023,11-Apr-2028
MERVYN M & BONITA J KOCH,Industry - Dairy,12-Apr-2023,11-Apr-2028
REDGOLD PTY. LTD.,Industry - Horticulture,12-Apr-2023,11-Apr-2028
DHAMMADHARA BUDDHIST INCORPORATED,Industry - Minister of Religion,12-Apr-2023,11-Apr-2028
WELLS FARGO INTERNATIONAL FINANCE (Australia) Pty Ltd,GTS - Established business,13-Apr-2023,12-Apr-2028
WILHELMSEN PORT SERVICES (AUSTRALIA) PTY LTD,Northern Territory DAMA,13-Apr-2023,12-Apr-2028
The Mount Gambier Child Care Centre Inc,South Australia Regional DAMA,13-Apr-2023,12-Apr-2028
JOHN DEE WARWICK PTY. LTD.,Industry - Meat,14-Apr-2023,13-Apr-2028
BUDDHIST COMMUNITY GEELONG INCORPORATED,Industry - Minister of Religion,14-Apr-2023,13-Apr-2028
FL Pools Pty Ltd,Northern Territory DAMA,14-Apr-2023,13-Apr-2028
Jemmil Pty Ltd,Pilbara DAMA,14-Apr-2023,13-Apr-2028
ZAMSLADE PTY LTD,South Australia Regional DAMA,14-Apr-2023,13-Apr-2028
S.L. FRAZER ENTERPRISES PTY LTD,Industry – Premium Dining,17-Apr-2023,16-Apr-2028
Mark Brown Enterprises Pty Ltd,Industry - Fishing,18-Apr-2023,17-Apr-2028
SOUTHERN DISTRICTS ISLAMIC INSTITUTION BUILDING FOUNDATION LIMITED,Industry - Minister of Religion,18-Apr-2023,17-Apr-2028
GALAXY LITHIUM AUSTRALIA PTY LTD,Goldfields DAMA,19-Apr-2023,18-Apr-2028
S J Beaumont Investment Pty Ltd,Great South Coast DAMA,19-Apr-2023,18-Apr-2028
Klumin Fencing Pty Ltd,Northern Territory DAMA,19-Apr-2023,18-Apr-2028
G W & K M FORBES,Industry - Dairy,20-Apr-2023,19-Apr-2028
HINDU ASSOCIATION OF WESTERN AUSTRALIA INC,Industry - Minister of Religion,20-Apr-2023,19-Apr-2028
K.KAMITSIS & J.STUCKERT NOMINEES PTY LTD,Northern Territory DAMA,20-Apr-2023,19-Apr-2028
PATLEX PTY LTD ATF LOCKE FAMILY TRUST,Far North Queensland DAMA,21-Apr-2023,20-Apr-2028
Megalosaurus Pty Ltd,Goldfields DAMA,24-Apr-2023,23-Apr-2028
A & J NEWNHAM PTY LTD,Industry - Dairy,24-Apr-2023,23-Apr-2028
COONMOOR PASTORAL COMPANY PTY LTD,Industry - Dairy,24-Apr-2023,23-Apr-2028
HUNTER MECHANICAL PTY LTD,Pilbara DAMA,27-Apr-2023,26-Apr-2028
AUSTRALIAN PORTABLE CAMPS SERVICES PTY LTD,South Australia Regional DAMA,27-Apr-2023,26-Apr-2028
BLUE LIGHTING PTY LTD,Industry - Dairy,28-Apr-2023,27-Apr-2028
JS & KJ MacAulay,Industry - Dairy,01-May-2023,30-Apr-2028
AUSTRALIAN TUNA FISHERIES PTY LTD,Industry - Fishing,01-May-2023,30-Apr-2028
R & M UPSTON PTY LTD,Industry - Pork,01-May-2023,30-Apr-2028
GAG Flynn (Cairns) Business Company Pty Ltd,Far North Queensland DAMA,02-May-2023,01-May-2028
Lane Transport Pty Ltd,Great South Coast DAMA,02-May-2023,01-May-2028
PILBARA CLEANING & GARDENING SERVICES,Pilbara DAMA,02-May-2023,01-May-2028
RAY VILLAGE AGED SERVICES INC,South West DAMA,02-May-2023,01-May-2028
G8 EDUCATION LIMITED,Far North Queensland DAMA,04-May-2023,03-May-2028
M.T GIUMELLI & P.D GIUMELLI & S.D GIUMELLI,Industry - Dairy,04-May-2023,03-May-2028
Chalkwest Pty Ltd,Pilbara DAMA,04-May-2023,03-May-2028
SHEARN INVESTMENTS PTY LTD,Northern Territory DAMA,05-May-2023,04-May-2028
THE TRUSTEE FOR JUMIAM TRUST & THE TRUSTEE FOR THE DUGIES FAMILY TRUST,Northern Territory DAMA,05-May-2023,04-May-2028
JAMS MUIRHEAD PTY LTD,Northern Territory DAMA,08-May-2023,07-May-2028
SZPAK FAMILY TRUST,South Australia Regional DAMA,08-May-2023,07-May-2028
FLAVORITE HYDROPONIC TOMATOES PTY LTD,Industry - Horticulture,09-May-2023,08-May-2028
WA Chip & Pulp Co. Pty Ltd,South West DAMA,09-May-2023,08-May-2028
Northern Protective Services Pty. Ltd,East Kimberley DAMA,11-May-2023,10-May-2028
AGFO PTY LTD ATF THE KANE CROOT TRUST & THE LON CROOT TRADING TRUST,East Kimberley DAMA,11-May-2023,10-May-2028
Krisha Jeet Pty Ltd,Pilbara DAMA,11-May-2023,10-May-2028
D Tharle and J Tharle,Industry - Dairy,12-May-2023,11-May-2028
MAYBANK DAIRY PTY LTD,Industry - Dairy,12-May-2023,11-May-2028
4Kitchens Pty Ltd,Northern Territory DAMA,12-May-2023,11-May-2028
PRIME INDUSTRIAL PRODUCTS PTY LTD,South West DAMA,12-May-2023,11-May-2028
Russell River Packing Pty Ltd,Far North Queensland DAMA,15-May-2023,14-May-2028
Michael J & Moeris E Grima,Far North Queensland DAMA,15-May-2023,14-May-2028
Tou's Garden Pty Ltd,Northern Territory DAMA,15-May-2023,14-May-2028
Lunn Industries Pty Ltd,Skilled Refugee Pilot,15-May-2023,14-May-2028
Bissen Pty Ltd,South Australia Regional DAMA,16-May-2023,15-May-2028
Voyager Australia Pty Ltd,Far North Queensland DAMA,18-May-2023,17-May-2028
MARK AND KAYLENE WALPOLE PTY LTD,Industry - Dairy,18-May-2023,17-May-2028
A.C Green & J.R Green,Industry - Pork,18-May-2023,17-May-2028
Fox and Gordon Pty Ltd,Pilbara DAMA,18-May-2023,17-May-2028
BRAZIER MOTTI PTY LTD,Townsville DAMA,18-May-2023,17-May-2028
HPS Qld pty ltd,Far North Queensland DAMA,19-May-2023,18-May-2028
NIRAMAYA MANAGEMENT PTY LTD,Far North Queensland DAMA,19-May-2023,18-May-2028
Shire of Leonora,Goldfields DAMA,19-May-2023,18-May-2028
VIRIDIS AG SERVICES PTY LIMITED,Goldfields DAMA,19-May-2023,18-May-2028
Dolan Civil Pty Ltd,Northern Territory DAMA,19-May-2023,18-May-2028
Murujuga Aboriginal Corporation,Pilbara DAMA,19-May-2023,18-May-2028
ATJ AUSTRALIA PTY LTD,South Australia Regional DAMA,19-May-2023,18-May-2028
Henstock Technologies Pty Ltd,Skilled Refugee Pilot,22-May-2023,21-May-2028
R.G. & R.T.Trott Pty. Ltd.,South Australia Regional DAMA,23-May-2023,22-May-2028
H2GROW PTY LTD,Industry - Horticulture,24-May-2023,23-May-2028
"Schwarz, Carl Louis",Skilled Refugee Pilot,24-May-2023,23-May-2028
Kimberley Accommodation (East) Pty Ltd,East Kimberley DAMA,25-May-2023,24-May-2028
Ord River Distillery Pty Ltd,East Kimberley DAMA,25-May-2023,24-May-2028
Far North Hotels Pty Ltd,Far North Queensland DAMA,25-May-2023,24-May-2028
Croydon Cafe Pty Ltd,Far North Queensland DAMA,25-May-2023,24-May-2028
Flegler Group Pty Ltd,Far North Queensland DAMA,25-May-2023,24-May-2028
BILLEXI PTY LTD,Great South Coast DAMA,25-May-2023,24-May-2028
LADY BAY MOTORS PTY LTD,Great South Coast DAMA,25-May-2023,24-May-2028
RUM JUNGLE MEAT EXPORTS PTY LTD,Northern Territory DAMA,25-May-2023,24-May-2028
PETER ALLAN MCIVER,Northern Territory DAMA,25-May-2023,24-May-2028
Tren Trading Pty Ltd,Orana DAMA,25-May-2023,24-May-2028
BC Cartage Pty Ltd,Townsville DAMA,25-May-2023,24-May-2028
THE TRUSTEE FOR THE M & M FAMILY TRUST,South West DAMA,26-May-2023,25-May-2028
CROCODILE COOMBES PTY LTD,Northern Territory DAMA,29-May-2023,28-May-2028
GARV VANSH PTY LTD,Northern Territory DAMA,30-May-2023,29-May-2028
Titeline Drilling Pty Ltd,Northern Territory DAMA,30-May-2023,29-May-2028
Marlin Darwin Pty Ltd ATF The Hotel Darwin Unit Trust,Northern Territory DAMA,30-May-2023,29-May-2028
BALMAIN NB CORPORATION LIMITED,Skilled Refugee Pilot,30-May-2023,29-May-2028
Ericks and Fredericks International Consulting Pty Ltd,Far North Queensland DAMA,31-May-2023,30-May-2028
ACCIONA CONSTRUCTION AUSTRALIA PTY LTD,GTS - Established business,31-May-2023,30-May-2028
FEWSTONE PTY LTD,Northern Territory DAMA,31-May-2023,30-May-2028
CAPRICORNIA HOLDINGS NT PTY LTD,Northern Territory DAMA,31-May-2023,30-May-2028
REDFOREST HOLDINGS PTY LTD,South West DAMA,31-May-2023,30-May-2028
12TH EDGE PTY LTD,Townsville DAMA,31-May-2023,30-May-2028
LIFE CHRISTIAN CENTRE INC,Industry - Minister of Religion,01-Jun-2023,31-May-2028
STORYWATER PTY LTD,Far North Queensland DAMA,02-Jun-2023,01-Jun-2028
THE KALOS PRESBYTERIAN CHURCH INC,Industry - Minister of Religion,02-Jun-2023,01-Jun-2028
Chartair Pty Ltd,Northern Territory DAMA,02-Jun-2023,01-Jun-2028
MTR Goup Qld Pty Ltd,Far North Queensland DAMA,05-Jun-2023,04-Jun-2028
ELMBANKS HOLSTEINS PTY LTD,Great South Coast DAMA,05-Jun-2023,04-Jun-2028
Edelmanian Enterprises Pty Ltd,Northern Territory DAMA,05-Jun-2023,04-Jun-2028
We Fix IT (NT) Pty Ltd,Northern Territory DAMA,05-Jun-2023,04-Jun-2028
TT'S FAMILY PTY LTD,South Australia Regional DAMA,05-Jun-2023,04-Jun-2028
POTTINGER TRUFFLES AUSTRALIA PTY LTD (WA),South West DAMA,05-Jun-2023,04-Jun-2028
AUSTRALASIAN GROUNDWATER AND ENVIRONMENTAL CONSULTANTS PTY LTD,Townsville DAMA,05-Jun-2023,04-Jun-2028
Tasmanian Berries Pty Ltd,Industry - Horticulture,06-Jun-2023,05-Jun-2028
BENDULLA PTY. LTD.,South Australia Regional DAMA,06-Jun-2023,05-Jun-2028
L&R Collins Pty Ltd,Far North Queensland DAMA,07-Jun-2023,06-Jun-2028
CLEAR PATHWAY PTY LTD,Far North Queensland DAMA,07-Jun-2023,06-Jun-2028
PARKINSON SHAREFARMING PTY LTD,Great South Coast DAMA,07-Jun-2023,06-Jun-2028
AJ & VK Hibberson,Industry - Dairy,07-Jun-2023,06-Jun-2028
Ms Minnie Pty Ltd,Northern Territory DAMA,07-Jun-2023,06-Jun-2028
JNG INVESTMENTS PTY. LTD.,South West DAMA,07-Jun-2023,06-Jun-2028
MITCHELL STREET CHILD CARE CENTRE INC,Northern Territory DAMA,08-Jun-2023,07-Jun-2028
The Trustee for B W WILSON PRACTICE TRUST,South Australia Regional DAMA,08-Jun-2023,07-Jun-2028
Cleppy Pty,South West DAMA,08-Jun-2023,07-Jun-2028
TOWNSVILLE LOGISTICS PTY LTD,Townsville DAMA,08-Jun-2023,07-Jun-2028
TALIA FARMS PTY LTD,Industry - Horticulture,09-Jun-2023,08-Jun-2028
MEATS R US PTY LTD,Industry - Meat,09-Jun-2023,08-Jun-2028
TRANS TERRITORY FOODS PTY LTD,Northern Territory DAMA,09-Jun-2023,08-Jun-2028
KPMG AUSTRALIAN SERVICES PTY LTD,Skilled Refugee Pilot,09-Jun-2023,08-Jun-2028
THOMAS RICHARD PALTRIDGE,Skilled Refugee Pilot,09-Jun-2023,08-Jun-2028
Seed Producers Aust Pty Ltd,East Kimberley DAMA,13-Jun-2023,12-Jun-2028
THE TRUSTEE FOR THE SHANNON FAMILY TRUST,Far North Queensland DAMA,13-Jun-2023,12-Jun-2028
MYBUILD SOLUTIONS PTY LTD,Far North Queensland DAMA,13-Jun-2023,12-Jun-2028
MA & RE Gale,Great South Coast DAMA,13-Jun-2023,12-Jun-2028
Ranchway Pty Ltd,Industry - Dairy,13-Jun-2023,12-Jun-2028
Australia Bumkin International Pty Ltd,Industry - Meat,13-Jun-2023,12-Jun-2028
Ochre Support Services Pty Ltd,Northern Territory DAMA,13-Jun-2023,12-Jun-2028
PILBARA BAKEHOUSE PTY LTD,Pilbara DAMA,13-Jun-2023,12-Jun-2028
Everest Contracting Pty Ltd,Skilled Refugee Pilot,13-Jun-2023,12-Jun-2028
CHATKAZZ (SA) PTY LTD,South Australia Regional DAMA,13-Jun-2023,12-Jun-2028
Mitolo group Pty Ltd,South Australia Regional DAMA,13-Jun-2023,12-Jun-2028
Cazalys Cairns Ltd,Far North Queensland DAMA,14-Jun-2023,13-Jun-2028
Laundy Hotels Pty Ltd,Orana DAMA,14-Jun-2023,13-Jun-2028
QUINDANNING PTY. LIMITED,South Australia Regional DAMA,14-Jun-2023,13-Jun-2028
M & R Reitano & Sons,Far North Queensland DAMA,15-Jun-2023,14-Jun-2028
M.J HOLM & J WHEELER,Industry - Dairy,15-Jun-2023,14-Jun-2028
Monarchical Pty Ltd,Northern Territory DAMA,15-Jun-2023,14-Jun-2028
RIDDOCH TRADING PTY LTD,South Australia Regional DAMA,15-Jun-2023,14-Jun-2028
VIVA MUTUAL FOUNDATION LIMITED,South Australia Regional DAMA,15-Jun-2023,14-Jun-2028
Cutts Transport Pty Ltd,South West DAMA,15-Jun-2023,14-Jun-2028
Aviair Pty Ltd,East Kimberley DAMA,16-Jun-2023,15-Jun-2028
HEATHCORP PTY LTD,Far North Queensland DAMA,16-Jun-2023,15-Jun-2028
"TRAN, MINH AS TRUSTEE FOR PHO VIET DISCRETIONARY TRUST",Far North Queensland DAMA,16-Jun-2023,15-Jun-2028
Cutting Cart Pty Ltd,Industry - Meat,16-Jun-2023,15-Jun-2028
Rath Trading PTY LTD,Far North Queensland DAMA,19-Jun-2023,18-Jun-2028
RED BERET QLD PTY LTD,Far North Queensland DAMA,19-Jun-2023,18-Jun-2028
ROSEMOUNT DAIRY PTY LTD,Industry - Dairy,19-Jun-2023,18-Jun-2028
KEEP MOVING PTY LTD,Northern Territory DAMA,19-Jun-2023,18-Jun-2028
DD Tyre & Auto Pty Ltd,Orana DAMA,19-Jun-2023,18-Jun-2028
M&J HEALTH PTY. LTD.,South Australia Regional DAMA,19-Jun-2023,18-Jun-2028
LEEANNE NORMA TOZER AS TRUSTEE FOR MISSION FNQ TRUST,Far North Queensland DAMA,20-Jun-2023,19-Jun-2028
KOYUGA DOWNS PASTORAL CO. PTY. LTD.,Industry - Dairy,20-Jun-2023,19-Jun-2028
MINERVA FOODS AUSTRALIA PTY LTD,Industry - Meat,20-Jun-2023,19-Jun-2028
Thamarrurr Development Corporation Limited,Northern Territory DAMA,20-Jun-2023,19-Jun-2028
THEATRE SAFE AUSTRALIA PTY LTD,Company Specific,21-Jun-2023,20-Jun-2028
THE MEXICAN - PORT DOUGLAS,Far North Queensland DAMA,21-Jun-2023,20-Jun-2028
TODD RIVER PASTORAL COMPANY,Northern Territory DAMA,21-Jun-2023,20-Jun-2028
CMS NO 2 PTY LTD,Pilbara DAMA,21-Jun-2023,20-Jun-2028
H10 Engineering Pty Ltd,Skilled Refugee Pilot,21-Jun-2023,20-Jun-2028
ESP Project Group Pty Ltd,Skilled Refugee Pilot,21-Jun-2023,20-Jun-2028
YOSHIAN PTY LTD,Far North Queensland DAMA,22-Jun-2023,21-Jun-2028
JJ & BL Evans,Industry - Dairy,22-Jun-2023,21-Jun-2028
K & C CHAPMAN PTY LTD,Industry - Dairy,22-Jun-2023,21-Jun-2028
MAFL PTY LTD,Industry - Meat,22-Jun-2023,21-Jun-2028
FEI LI AND CHUN YANG,Far North Queensland DAMA,23-Jun-2023,22-Jun-2028
OK GIFT SHOP (AUST) PTY LTD,Far North Queensland DAMA,23-Jun-2023,22-Jun-2028
Wafex Pty Ltd,Industry - Horticulture,23-Jun-2023,22-Jun-2028
C D & B A NATALE PTY LTD,Industry - Horticulture,23-Jun-2023,22-Jun-2028
Unique Foot Clinic Pty Ltd,Skilled Refugee Pilot,23-Jun-2023,22-Jun-2028
GAZZOLA FARMS PTY LTD,Industry - Horticulture,26-Jun-2023,25-Jun-2028
PERROTTA'S AT THE GALLERY PTY. LTD.,Far North Queensland DAMA,27-Jun-2023,26-Jun-2028
ASAKURA PTY LTD,Far North Queensland DAMA,27-Jun-2023,26-Jun-2028
Orana Gardens Ltd,Orana DAMA,27-Jun-2023,26-Jun-2028
THE TRUSTEE FOR NATURES ACADEMY DUBBO UNIT TRUST,Orana DAMA,27-Jun-2023,26-Jun-2028
Tropic Spirit Catering Pty Ltd,Far North Queensland DAMA,28-Jun-2023,27-Jun-2028
ALLARO HOMES CAIRNS PTY LTD,Far North Queensland DAMA,28-Jun-2023,27-Jun-2028
R.G.M. MAINTENANCE PTY LTD,Northern Territory DAMA,28-Jun-2023,27-Jun-2028
AIRCREW LOGISTICS PTY LTD,Northern Territory DAMA,28-Jun-2023,27-Jun-2028
Neuro-Rehab At Home Pty Ltd,Skilled Refugee Pilot,28-Jun-2023,27-Jun-2028
Experience Co Admin QLD Pty Ltd,Far North Queensland DAMA,29-Jun-2023,28-Jun-2028
Central Australian Aboriginal Congress Aboriginal Corporation,Northern Territory DAMA,29-Jun-2023,28-Jun-2028
Adjana Enterprise Pty Ltd,Northern Territory DAMA,29-Jun-2023,28-Jun-2028
CLINICAL LABORATORIES PTY LTD,Skilled Refugee Pilot,29-Jun-2023,28-Jun-2028
Quicksilver Connections Limited,Far North Queensland DAMA,30-Jun-2023,29-Jun-2028
CROSSMAGLEN PASTORAL COMPANY PTY LTD,Industry - Dairy,30-Jun-2023,29-Jun-2028
Fleming's Nurseries Qld Pty Ltd,Industry - Horticulture,30-Jun-2023,29-Jun-2028
CORPORATION OF THE DIOCESAN SYNOD OF NORTH QUEENSLAND,Industry - Minister of Religion,30-Jun-2023,29-Jun-2028
Hourani Enterprises Pty Ltd,Skilled Refugee Pilot,30-Jun-2023,29-Jun-2028
Trevi Australia Pty Ltd,Company Specific,03-Jul-2023,02-Jul-2028
Vexelpop Pty Ltd,Far North Queensland DAMA,03-Jul-2023,02-Jul-2028
THE TRUSTEE FOR THE CAIRNS BED & BAR UNIT TRUST ATF CAIRNS BED AND BAR PTY LTD,Far North Queensland DAMA,03-Jul-2023,02-Jul-2028
SHEPWOK DOWNS,Goldfields DAMA,03-Jul-2023,02-Jul-2028
UNITED AIR CONDITIONING AND MECHANICAL SERVICES PTY LTD,Northern Territory DAMA,03-Jul-2023,02-Jul-2028
The Blue Rabbit Pty Ltd,Northern Territory DAMA,03-Jul-2023,02-Jul-2028
VCT MULTIMEDIA PTY. LTD.,Skilled Refugee Pilot,03-Jul-2023,02-Jul-2028
MULTI PASSS PTY LTD,Skilled Refugee Pilot,03-Jul-2023,02-Jul-2028
ANGLICAN CARE,Skilled Refugee Pilot,03-Jul-2023,02-Jul-2028
Sanctuary Contract Recruitment Pty Ltd,Industry - On-Hire,04-Jul-2023,03-Jul-2028
Complete Pty Ltd,Pilbara DAMA,04-Jul-2023,03-Jul-2028
Garrett Hospitality Regional Hotels Pty Ltd,Pilbara DAMA,04-Jul-2023,03-Jul-2028
AEROTRANS AUSTRALIA PTY. LTD.,Skilled Refugee Pilot,04-Jul-2023,03-Jul-2028
MIDWEST BEEF PROCESSORS PTY LTD,Industry - Meat,05-Jul-2023,04-Jul-2028
HOLY TRINITY SERBIAN ORTHODOX CHURCH EAST BRUNSWICK,Industry - Minister of Religion,05-Jul-2023,04-Jul-2028
S & C GIARDINA PTY LTD,Northern Territory DAMA,05-Jul-2023,04-Jul-2028
ASPEN LIVING VILLAGES PTY LTD,Pilbara DAMA,05-Jul-2023,04-Jul-2028
"Lockheed Martin Global, Inc",Company Specific,06-Jul-2023,05-Jul-2028
Versa-Tile Specialists Pty Ltd,Skilled Refugee Pilot,06-Jul-2023,05-Jul-2028
Cisarua Learning Limited,Skilled Refugee Pilot,06-Jul-2023,05-Jul-2028
Kieser Therapy Pty Ltd,Skilled Refugee Pilot,06-Jul-2023,05-Jul-2028
BJ & RM COUCH PTY. LTD.,Great South Coast DAMA,07-Jul-2023,06-Jul-2028
KOPI EMPIRE PTY LTD,Northern Territory DAMA,07-Jul-2023,06-Jul-2028
Ramana Group Pty Ltd,Far North Queensland DAMA,10-Jul-2023,09-Jul-2028
Ovbiagele PTY Ltd,Goldfields DAMA,10-Jul-2023,09-Jul-2028
WESTERN AUSTRALIAN MEAT MARKETING CO-OPERATIVE LIMITED,Industry - Meat,10-Jul-2023,09-Jul-2028
SHIRDI SAI SANSTHAN MELBOURNE INC,Industry - Minister of Religion,10-Jul-2023,09-Jul-2028
MIKE EXCAVATIONS PTY. LTD.,Northern Territory DAMA,10-Jul-2023,09-Jul-2028
Bridgestone Australia Ltd.,Northern Territory DAMA,10-Jul-2023,09-Jul-2028
INSIGHT EARLY LEARNING SOUTHLAKES PTY LTD,Orana DAMA,10-Jul-2023,09-Jul-2028
Man Cave Workwear Australia Pty Ltd,Far North Queensland DAMA,10-Jul-2023,09-Jul-2028
JARVOR TRADING PTY LTD,Northern Territory DAMA,11-Jul-2023,10-Jul-2028
HB BLOCKS PTY. LTD.,Northern Territory DAMA,11-Jul-2023,10-Jul-2028
H B CONCRETE PTY LTD,Northern Territory DAMA,11-Jul-2023,10-Jul-2028
Gameking Australia Pty Ltd,Skilled Refugee Pilot,11-Jul-2023,10-Jul-2028
TWISTED PTY LTD,South West DAMA,11-Jul-2023,10-Jul-2028
WEST POINT FARMING PTY LTD,Goldfields DAMA,12-Jul-2023,11-Jul-2028
Alpha Joinery Pty Ltd,Northern Territory DAMA,12-Jul-2023,11-Jul-2028
Sloaney PTY LTD,Northern Territory DAMA,12-Jul-2023,11-Jul-2028
SHIVGEETA PTY. LTD,Orana DAMA,12-Jul-2023,11-Jul-2028
TIMBER CREEK PRODUCE PTY LTD,South Australia Regional DAMA,12-Jul-2023,11-Jul-2028
FLORENCE PARK PTY. LTD.,Industry - Dairy,13-Jul-2023,12-Jul-2028
A.R LAVALLE & C LAVALLE,Industry - Fishing,13-Jul-2023,12-Jul-2028
Struan Trading Pty Ltd,Great South Coast DAMA,14-Jul-2023,13-Jul-2028
Close Solutions Pty Ltd,Skilled Refugee Pilot,14-Jul-2023,13-Jul-2028
Health-i-Physio Pty Ltd,Skilled Refugee Pilot,14-Jul-2023,13-Jul-2028
B & R ENTERPRISES FNQ PTY LTD,Far North Queensland DAMA,17-Jul-2023,16-Jul-2028
Halikos Services Pty Ltd,Northern Territory DAMA,17-Jul-2023,16-Jul-2028
Eqbali Construction Pty Ltd,Skilled Refugee Pilot,17-Jul-2023,16-Jul-2028
EnPointe Fencing Pty Ltd,Skilled Refugee Pilot,17-Jul-2023,16-Jul-2028
BLUE LIGHTING PTY LTD,Great South Coast DAMA,18-Jul-2023,17-Jul-2028
TI HORTICULTURAL SUPPLIES PTY LTD,Industry - Horticulture,19-Jul-2023,18-Jul-2028
Greenwood Family Trust and The Trustee for The Newman Family Trust,Far North Queensland DAMA,20-Jul-2023,19-Jul-2028
Alanvale Dairy Pty Ltd,Great South Coast DAMA,21-Jul-2023,20-Jul-2028
DARRA MEAT PTY LTD,Industry - Meat,21-Jul-2023,20-Jul-2028
"BGM Associates Pty., Ltd.",South Australia Regional DAMA,21-Jul-2023,20-Jul-2028
Green Light Contractors Pty Ltd,Company Specific,24-Jul-2023,23-Jul-2028
THE HAD GROUP PTY LTD,Great South Coast DAMA,24-Jul-2023,23-Jul-2028
FRONTIER MIGRATION SOLUTIONS PTY LTD,Northern Territory DAMA,24-Jul-2023,23-Jul-2028
E-P-G SOLUTIONS PTY LTD,Northern Territory DAMA,24-Jul-2023,23-Jul-2028
Raw Hire Pty Ltd,Pilbara DAMA,24-Jul-2023,23-Jul-2028
Global Tradesearch Recruitment Pty Ltd,South Australia Regional DAMA,24-Jul-2023,23-Jul-2028
ISANDHU WA PTY LTD,South West DAMA,24-Jul-2023,23-Jul-2028
EDEN CORPORATION PTY LTD,South West DAMA,24-Jul-2023,23-Jul-2028
HMJ ZHENG PTY LTD,Great South Coast DAMA,25-Jul-2023,24-Jul-2028
EMU RUN TOURS PTY LTD,Northern Territory DAMA,25-Jul-2023,24-Jul-2028
Hicks Transport Group,Goulburn Valley DAMA,28-Feb-2023,27-Feb-2028
MCF Australia Pty Ltd,Goulburn Valley DAMA,29-Mar-2023,28-Mar-2028
CURTIN HERITAGE LIVING INC.,Industry - Aged Care,03-May-2023,02-May-2028
TLC AGED CARE PTY LTD,Industry - Aged Care,09-Jun-2023,08-Jun-2028
UNITING (NSW.ACT),Industry - Aged Care,13-Jun-2023,12-Jun-2028
SE NATIONAL PTY LTD,Goulburn Valley DAMA,26-Jun-2023,25-Jun-2028
GATTUSO TRANSPORT PTY. LTD.,Goulburn Valley DAMA,29-Jun-2023,28-Jun-2028
FREMANTLE ITALIAN AGED PERSONS SERVICES ASSOCIATION INC,Industry - Aged Care,29-Jun-2023,28-Jun-2028
Panaghia Myrtidiotissa Limited,Industry - Aged Care,19-Jul-2023,18-Jul-2028
P. & A. VIGLIATURO ORCHARDS PTY LTD,Goulburn Valley DAMA,25-Jul-2023,24-Jul-2028
Mantra Hospitality Admin Pty Ltd,Far North Queensland DAMA,28-Sep-2022,27-Sep-2027
Islamic Society of Gold Coast Incoporated ,Industry - Minister of Religion,01-Aug-2022,31-Jul-2027
BET Group Global Pty. Ltd. ,Adelaide City Tech and Innovation DAMA,26-Oct-2022,25-Oct-2027
Quick Steps School of Dance Pty Ltd,Adelaide City Tech and Innovation DAMA,15-Mar-2022,14-Mar-2027
The Union Pastoral Co Pty Ltd,Industry - Dairy,23-Nov-2022,22-Nov-2027
The Young Men's Christian Association of Western Australia Incorporated ,Goldfields DAMA,21-Dec-2022,20-Dec-2027
Toren Fishing and Trading Pty Ltd ,Industry - Fishing,18-May-2022,17-May-2027
World Changers Church-Gold Coast,Industry - Minister of Religion,13-Jan-2023,12-Jan-2028
Lavalle Fisheries Pty Ltd,Industry - Fishing,29-Jun-2023,28-Jun-2028
Just Group Limited,Company Specific,24-Jul-2023,23-Jul-2028
Canva Pty Ltd,Company Specific,16-Feb-2023,15-Feb-2028
Culture Amp Pty Ltd,Skilled Refugee Pilot,23-Mar-2023,22-Mar-2028
FABAL Vineyards Pty Ltd,South West DAMA,10-Sep-2024,09-Sep-2029
Department of Health Qld,GTS - Established business,29-Mar-2023,28-Mar-2028
J & J Daly Pty Ltd,Far North Queensland DAMA,28-Jul-2023,27-Jul-2028
L Apap Farming Pty Ltd,Far North Queensland DAMA,28-Jul-2023,27-Jul-2028
A SQUARE EVENTS PTY LTD,Goulburn Valley DAMA,28-Jul-2023,27-Jul-2028
SEVEN POINT PORK PTY LTD,Industry - Meat,28-Jul-2023,27-Jul-2028
"LUCEY, SHANE",South Australia Regional DAMA,28-Jul-2023,27-Jul-2028
VICTORIAN INSTITUTE OF FORENSIC MENTAL HEALTH,Company Specific,31-Jul-2023,30-Jul-2028
Improvision Design Pty Ltd,Skilled Refugee Pilot,31-Jul-2023,30-Jul-2028
Paul Papagelou,Far North Queensland DAMA,01-Aug-2023,31-Jul-2028
GJ AUSTRALIAN BANANAS PTY LTD,Far North Queensland DAMA,01-Aug-2023,31-Jul-2028
SHANDY NQ PTY LTD,Far North Queensland DAMA,01-Aug-2023,31-Jul-2028
Blue Aurora Pty Ltd,Far North Queensland DAMA,01-Aug-2023,31-Jul-2028
Alice Choice Caterers Pty Ltd,Northern Territory DAMA,01-Aug-2023,31-Jul-2028
BG Hotels (Darwin) Pty Ltd,Northern Territory DAMA,01-Aug-2023,31-Jul-2028
TIWI ENTERPRISES LTD,Northern Territory DAMA,01-Aug-2023,31-Jul-2028
Bora Group Pty Ltd,South Australia Regional DAMA,01-Aug-2023,31-Jul-2028
WHITE ROSE COLLISION PTY LTD,South West DAMA,01-Aug-2023,31-Jul-2028
Wongaburra Society,Industry - Aged Care,02-Aug-2023,01-Aug-2028
Warrigal Care,Industry - Aged Care,02-Aug-2023,01-Aug-2028
DELOITTE SERVICES PTY LTD,Skilled Refugee Pilot,02-Aug-2023,01-Aug-2028
SOWILO EIGHT PTY LTD,Skilled Refugee Pilot,02-Aug-2023,01-Aug-2028
Goulburn Valley Health,Goulburn Valley DAMA,03-Aug-2023,02-Aug-2028
SUN METALS CORPORATION PTY LTD,Townsville DAMA,03-Aug-2023,02-Aug-2028
Goterra Pty Ltd,Company Specific,07-Aug-2023,06-Aug-2028
Job Capital Pty Ltd,Industry - On-Hire,07-Aug-2023,06-Aug-2028
Bohan Holdings (WA) Pty Ltd,Company Specific,09-Aug-2023,08-Aug-2028
POLARON LANGUAGE SERVICES PTY LTD,Skilled Refugee Pilot,09-Aug-2023,08-Aug-2028
Regis Aged Care Pty Ltd,Far North Queensland DAMA,10-Aug-2023,09-Aug-2028
HUNGRY JACK'S PTY LTD,Far North Queensland DAMA,10-Aug-2023,09-Aug-2028
M.R.V.L. Investments Pty Ltd,GTS - Established business,10-Aug-2023,09-Aug-2028
DARWIN INTERNATIONAL HOTELS PTY LTD,Northern Territory DAMA,10-Aug-2023,09-Aug-2028
M & P HANLON INVESTMENTS PTY LTD,Company Specific,11-Aug-2023,10-Aug-2028
QUBE HOLDINGS LIMITED,Goldfields DAMA,11-Aug-2023,10-Aug-2028
FT FARMING MANAGEMENT PTY LTD,Industry - Horticulture,11-Aug-2023,10-Aug-2028
3D Thai Pty Ltd,South Australia Regional DAMA,11-Aug-2023,10-Aug-2028
QUBE HOLDINGS LIMITED,South West DAMA,11-Aug-2023,10-Aug-2028
Repscott Pty Ltd,South West DAMA,11-Aug-2023,10-Aug-2028
KATUNGA FRESH TRADING PTY LTD,Goulburn Valley DAMA,14-Aug-2023,13-Aug-2028
RIPPLES AT CHOWDER BAY PTY LTD,Industry – Premium Dining,14-Aug-2023,13-Aug-2028
THE MEAT AND WINE CO (MELBOURNE) PTY LIMITED,Industry – Premium Dining,14-Aug-2023,13-Aug-2028
Elmwood Holdings Pty Ltd ATF McGowan Brothers Family Trust,Industry - Fishing,14-Aug-2023,13-Aug-2028
Boundary Bend Olives Pty Ltd,Industry - Horticulture,14-Aug-2023,13-Aug-2028
Australian Meat Group Pty Ltd,Industry - Meat,14-Aug-2023,13-Aug-2028
YALLINGUP BREWING COMPANY PTY LTD,South West DAMA,14-Aug-2023,13-Aug-2028
REEF HOUSE RESORT PTY LTD,Far North Queensland DAMA,15-Aug-2023,14-Aug-2028
Cozie Homes Pty Ltd,Far North Queensland DAMA,15-Aug-2023,14-Aug-2028
AB Autos and Service Centre PTY LTD,Great South Coast DAMA,15-Aug-2023,14-Aug-2028
Prime Meat Processors Pty Ltd,Industry - Meat,15-Aug-2023,14-Aug-2028
MALLARD NOMINEES PTY. LTD.,Northern Territory DAMA,15-Aug-2023,14-Aug-2028
BENTLEY WOOD PTY LTD,Industry - Aged Care,16-Aug-2023,15-Aug-2028
THE GIDLEY SYDNEY PTY LTD,Industry – Premium Dining,16-Aug-2023,15-Aug-2028
FIRE AND EMBERS PTY LIMITED,Industry – Premium Dining,16-Aug-2023,15-Aug-2028
Bistecca Pty Ltd,Industry – Premium Dining,16-Aug-2023,15-Aug-2028
VICFISH PTY LTD,Industry - Fishing,16-Aug-2023,15-Aug-2028
Belair Ag Pty Ltd,Industry - Horticulture,16-Aug-2023,15-Aug-2028
FLAGSTONE FRESH PTY LTD,Industry - Horticulture,16-Aug-2023,15-Aug-2028
EDILAN PTY. LTD.,Industry - Pork,16-Aug-2023,15-Aug-2028
Cochlear Limited,GTS - Established business,17-Aug-2023,16-Aug-2028
EXOTIC NURSERIES & LANDSCAPING PTY LTD,Industry - Horticulture,22-Aug-2023,21-Aug-2028
Burlington Berries Pty Ltd,Industry - Horticulture,22-Aug-2023,21-Aug-2028
DANKONG PTY LTD,Far North Queensland DAMA,23-Aug-2023,22-Aug-2028
DARWIN DYNO TUNING PTY LTD,Northern Territory DAMA,23-Aug-2023,22-Aug-2028
Think Commercial Pty Ltd,Far North Queensland DAMA,24-Aug-2023,23-Aug-2028
The Fenwick Balmain Pty Ltd,Industry – Premium Dining,24-Aug-2023,23-Aug-2028
B Tunnage Fishing Pty Ltd,Industry - Fishing,24-Aug-2023,23-Aug-2028
Sydney Tiling Services Pty Ltd,Skilled Refugee Pilot,24-Aug-2023,23-Aug-2028
GOODSTART EARLY LEARNING LTD,Townsville DAMA,24-Aug-2023,23-Aug-2028
ANDREW CRAIG JENKINS AND CLAIRE ANNE JENKINS,Industry - Dairy,25-Aug-2023,24-Aug-2028
BNS Ag Pty Ltd ATF BNS Ag Trust,Industry - Dairy,25-Aug-2023,24-Aug-2028
Ogden Pastoral Company Pty Ltd,Orana DAMA,25-Aug-2023,24-Sep-2028
J.P. BOURKE & CO PTY LTD,Industry - Dairy,01-Sep-2023,31-Aug-2028
WHITEHEAD FARMS,Industry - Dairy,01-Sep-2023,31-Aug-2028
C AND E MITCHELL PTY LTD,Industry - Dairy,01-Sep-2023,31-Aug-2028
CASUARINA CHILDCARE CENTRE INC,Northern Territory DAMA,01-Sep-2023,31-Aug-2028
Q.H. & M. Birt Pty. Ltd.,Pilbara DAMA,04-Sep-2023,03-Sep-2028
BG HOTELS (CAIRNS) PTY LTD,Far North Queensland DAMA,05-Sep-2023,04-Sep-2028
"BOULTON, ANTHONY JAMES",Industry - Dairy,05-Sep-2023,04-Sep-2028
Michael Wohlstadt,Industry - Dairy,05-Sep-2023,04-Sep-2028
WAITARERE PTY LTD,Industry - Horticulture,05-Sep-2023,04-Sep-2028
Na Roach & Jb Wallace & Walrel Pty Ltd,Industry - Horticulture,05-Sep-2023,04-Sep-2028
Adelaide Community Healthcare Alliance Incorporated,South Australia Regional DAMA,05-Sep-2023,04-Sep-2028
Qantas Airways Limited,Company Specific,07-Sep-2023,06-Sep-2028
ROYAL FREEMASONS' BENEVOLENT INSTITUTION,Industry - Aged Care,07-Sep-2023,06-Sep-2028
LYNDOCH LIVING LIMITED,Industry - Aged Care,07-Sep-2023,06-Sep-2028
BERNROSA PASTORAL PTY LTD,Industry - Dairy,07-Sep-2023,06-Sep-2028
Westland Acres,Industry - Dairy,08-Sep-2023,07-Sep-2028
Macalister Milk Pty Ltd,Industry - Dairy,08-Sep-2023,07-Sep-2028
BORATTO FARMS PTY LTD,Industry - Horticulture,08-Sep-2023,07-Sep-2028
AYERS FARMS PTY LTD,Industry - Horticulture,08-Sep-2023,07-Sep-2028
Fresh Produce Group Western Australia Pty Limited,Industry - Horticulture,08-Sep-2023,07-Sep-2028
Bedeker Rural Transport Pty Ltd,Great South Coast DAMA,11-Sep-2023,10-Sep-2028
Ochre Support Services Pty Ltd,Industry - Aged Care,12-Sep-2023,11-Sep-2028
Remote Industries Australia Pty Ltd,Northern Territory DAMA,12-Sep-2023,11-Sep-2028
DALY WATERS WAYSIDE INN PTY LTD,Northern Territory DAMA,12-Sep-2023,11-Sep-2028
Y & F (DUMPLING) PTY LTD,Northern Territory DAMA,12-Sep-2023,11-Sep-2028
Stepping Stones Childcare Centre Dubbo PTY LTD,Orana DAMA,12-Sep-2023,11-Sep-2028
NL & SK PTY LTD,South Australia Regional DAMA,12-Sep-2023,11-Sep-2028
TenHills Winery Pty Ltd,South West DAMA,12-Sep-2023,11-Sep-2028
JJ & TL PEARSE,Industry - Dairy,13-Sep-2023,12-Sep-2028
CUSTOMS HOUSE CAFE PTY. LTD.,Industry – Premium Dining,13-Sep-2023,12-Sep-2028
Peter and Una Fishing Co. Pty Ltd,Industry - Fishing,13-Sep-2023,12-Sep-2028
Brooks Farms Pty Ltd,Industry - Horticulture,13-Sep-2023,12-Sep-2028
WULURA FARMS PTY LTD,Industry - Horticulture,13-Sep-2023,12-Sep-2028
Bindaree Beef Pty Limited,Industry - Meat,13-Sep-2023,12-Sep-2028
DEBEDD INVESTMENTS PTY LTD,South West DAMA,13-Sep-2023,12-Sep-2028
Nepean Baptist Church,Industry - Minister of Religion,14-Sep-2023,13-Sep-2028
WUPM AUSTRALIA INC,Industry - Minister of Religion,14-Sep-2023,13-Sep-2028
G.L WICKHAM & V.M WICKHAM,Industry - Dairy,18-Sep-2023,17-Sep-2028
AJ & RP TYLER,Industry - Dairy,18-Sep-2023,17-Sep-2028
LOTUS BARANGAROO PTY. LTD.,Industry – Premium Dining,18-Sep-2023,17-Sep-2028
Rich River Meat Exports Pty Ltd,Industry - Meat,18-Sep-2023,17-Sep-2028
BEMCORP PTY. LTD.,Industry - Meat,18-Sep-2023,17-Sep-2028
GURU NANAK CULTURAL SOCIETY OF TOWNSVILLE INCORPORATED,Industry - Minister of Religion,18-Sep-2023,17-Sep-2028
Mehmed Halilovic ATF Halilovic Plastering Trust,Skilled Refugee Pilot,18-Sep-2023,17-Sep-2028
RLR RESTAURANT PTY LTD,South Australia Regional DAMA,18-Sep-2023,17-Sep-2028
ZANARDO NOMINEES PTY LTD & THE ZANARDO GROUP PTY LTD,South Australia Regional DAMA,18-Sep-2023,17-Sep-2028
GJ ROWLANDS & KL ROWLANDS,Industry - Dairy,19-Sep-2023,18-Sep-2028
Anglican Diocese of Newcastle,Industry - Minister of Religion,19-Sep-2023,18-Sep-2028
JAJ Farming Pty Ltd,Far North Queensland DAMA,21-Sep-2023,20-Sep-2028
Shila Service Station and Super Market Pty. Ltd.,Orana DAMA,21-Sep-2023,20-Sep-2028
Brunning Frisina Family company pty ltd,South West DAMA,21-Sep-2023,20-Sep-2028
Annie's Angels Play And Development Centre Pty Ltd,South West DAMA,21-Sep-2023,20-Sep-2028
Darren J & Michelle J Berryman,Industry - Dairy,22-Sep-2023,21-Sep-2028
Whan & Boxsell Pty Ltd,Industry - Fishing,22-Sep-2023,21-Sep-2028
Lachlan Valley Mennonite Church Incorporated,Industry - Minister of Religion,22-Sep-2023,21-Sep-2028
Ellie Grace Pty Ltd,Far North Queensland DAMA,25-Sep-2023,24-Sep-2028
TFNQ PTY LTD,Far North Queensland DAMA,25-Sep-2023,24-Sep-2028
THE TRUSTEE FOR THE BLENNERHASSETT FAMILY TRUST,Far North Queensland DAMA,25-Sep-2023,24-Sep-2028
Territory Rent- A-Car Pty. Limited,Northern Territory DAMA,25-Sep-2023,24-Sep-2028
Harpil Pty Ltd,Orana DAMA,25-Sep-2023,24-Sep-2028
ABBEY BEACH RESORT MANAGEMENT LIMITED,South West DAMA,25-Sep-2023,24-Sep-2028
A KAEWWANGSAN & V TIA,Far North Queensland DAMA,26-Sep-2023,25-Sep-2028
Entrada Travel Group Pty Ltd,Far North Queensland DAMA,26-Sep-2023,25-Sep-2028
Rocky Creek Orchards N.Q. PTY LTD,Far North Queensland DAMA,26-Sep-2023,25-Sep-2028
THE ALBANIAN AUSTRALIAN ISLAMIC SOCIETY,Industry - Minister of Religion,26-Sep-2023,25-Sep-2028
H2O PTY. LIMITED,Northern Territory DAMA,26-Sep-2023,25-Sep-2028
GEN2 GROUP PTY LTD,South Australia Regional DAMA,26-Sep-2023,25-Sep-2028
L J & R A BRENNEN,South West DAMA,26-Sep-2023,25-Sep-2028
Jhutty & Sahota Pty Ltd,Townsville DAMA,26-Sep-2023,25-Sep-2028
R.V MCAVOY & ESTATE OF FJ MCAVOY (PAUL) WILL TRUST & ESTATE OF FJ MCAVOY (MARK) WILL TRUST,Far North Queensland DAMA,27-Sep-2023,26-Sep-2028
BROOKS BROTHERS AG PTY LTD,Industry - Dairy,27-Sep-2023,26-Sep-2028
Daisho Development Sydney Pty Ltd,Industry – Premium Dining,27-Sep-2023,26-Sep-2028
Perth Korean Baptist Church Incorporated,Industry - Minister of Religion,27-Sep-2023,26-Sep-2028
Halkitis Bros Pty Ltd,Northern Territory DAMA,27-Sep-2023,26-Sep-2028
MASUM NOMINEES PTY LTD,Northern Territory DAMA,28-Sep-2023,27-Sep-2028
Patrick Rose Dairies Pty Ltd,Industry - Dairy,29-Sep-2023,28-Sep-2028
Erin Jay Fishing Pty Ltd,Industry - Fishing,29-Sep-2023,28-Sep-2028
Experience Holdings Group Pty Ltd,Industry - Horticulture,29-Sep-2023,28-Sep-2028
Immanuel Farms Pty Ltd atf TJ Newton Family Trust,Industry - Dairy,04-Oct-2023,03-Oct-2028
CULL FISHERIES (AUST) PTY LTD,Industry - Fishing,04-Oct-2023,03-Oct-2028
Henchman Fishing Company Pty Ltd,Industry - Fishing,04-Oct-2023,03-Oct-2028
Wesley Douglas Hurrell and Rita Hurrell,Industry - Dairy,05-Oct-2023,04-Oct-2028
Fresh Island Seafood,Industry - Fishing,05-Oct-2023,04-Oct-2028
PACK CENTRE NQ PTY LTD,Far North Queensland DAMA,06-Oct-2023,05-Oct-2028
"MADANI, KIRAN KUMAR",Northern Territory DAMA,09-Oct-2023,18-Oct-2028
ECHUCA BENEVOLENT SOCIETY INCORPORATED,Industry - Aged Care,12-Oct-2023,11-Oct-2028
THE TRUSTEES FOR BENNING FAMILY TRUST,Industry - Horticulture,13-Oct-2023,12-Oct-2028
Kaloma Home for The Aged Ltd,Industry - Aged Care,17-Oct-2023,16-Oct-2028
Rivera Farm Management Pty Ltd,Industry - Horticulture,17-Oct-2023,16-Oct-2028
EAGLE BAY BREWING CO PTY LTD,South West DAMA,17-Oct-2023,16-Oct-2028
Exogren Pty Ltd,Adelaide City Tech and Innovation DAMA,19-Oct-2023,18-Oct-2028
Mann Farming (QLD) Pty Ltd,Far North Queensland DAMA,19-Oct-2023,18-Oct-2028
Star Hotel (Cairns) Pty Ltd,Far North Queensland DAMA,19-Oct-2023,18-Oct-2028
L'ARTTE PTY LTD,Far North Queensland DAMA,19-Oct-2023,18-Oct-2028
PRETTEJOHN ADMINISTRATION PTY LTD,Far North Queensland DAMA,19-Oct-2023,18-Oct-2028
D FERRARO & L FERRARO & M.A. FERRARO & P.D. FERRARO,Far North Queensland DAMA,19-Oct-2023,18-Oct-2028
J & K SWINDLES PTY LIMITED,Far North Queensland DAMA,19-Oct-2023,18-Oct-2028
Bluewater Financial Pty Ltd,Far North Queensland DAMA,19-Oct-2023,18-Oct-2028
LL MALTAM and TJ WALTERS,Far North Queensland DAMA,19-Oct-2023,18-Oct-2028
SUNLOVER OPERATIONS PTY LIMITED,Far North Queensland DAMA,19-Oct-2023,18-Oct-2028
HOWE FARMING ENTERPRISES PTY LTD,Far North Queensland DAMA,19-Oct-2023,18-Oct-2028
The Jungle Village Pty Ltd,Far North Queensland DAMA,19-Oct-2023,19-Oct-2028
SLAMBAM ENTERPRISES PTY LTD,Goldfields DAMA,19-Oct-2023,18-Oct-2028
H & L KIALLA PTY LTD,Goulburn Valley DAMA,19-Oct-2023,18-Oct-2028
CENTRAL PARK FRESH PTY LTD,Goulburn Valley DAMA,19-Oct-2023,18-Oct-2028
Benjamin Mark Holloway and Melissa Anne Holloway,Great South Coast DAMA,19-Oct-2023,18-Oct-2028
GEOFFREY FREDERICK O'BRIEN ATF THE LESLIE MANOR TRUST,Great South Coast DAMA,19-Oct-2023,18-Oct-2028
J A Conheady Pty Ltd,Great South Coast DAMA,19-Oct-2023,18-Oct-2028
HOME CARE HELPERS PTY LTD,Industry - Aged Care,19-Oct-2023,18-Oct-2028
TWILIGHT HOUSE,Industry - Aged Care,19-Oct-2023,18-Oct-2028
Perth Chinese Baptist Church Inc,Industry - Minister of Religion,19-Oct-2023,18-Oct-2028
Y & F (NT) PTY LTD,Northern Territory DAMA,19-Oct-2023,18-Oct-2028
Dual Support Pty Ltd,Northern Territory DAMA,19-Oct-2023,18-Oct-2028
Niceforo Farms Pty Ltd,Northern Territory DAMA,19-Oct-2023,18-Oct-2028
JABROK INVESTMENTS PTY LTD,Northern Territory DAMA,19-Oct-2023,18-Oct-2028
"TRAN, THI THAM",Northern Territory DAMA,19-Oct-2023,18-Oct-2028
ADNANTA PASTORAL COMPANY PTY LTD,Northern Territory DAMA,19-Oct-2023,18-Oct-2028
THE ELCHO GROUP PTY LTD,Northern Territory DAMA,19-Oct-2023,18-Oct-2028
Matthew Rowell Phillips,Northern Territory DAMA,19-Oct-2023,18-Oct-2028
Heath Motor Group Pty Ltd,Northern Territory DAMA,19-Oct-2023,18-Oct-2028
SOHN PTY LTD,Orana DAMA,19-Oct-2023,18-Oct-2028
LEVEN SMASH REPAIRS PTY LIMITED,Orana DAMA,19-Oct-2023,18-Oct-2028
QUALITY PEOPLE AND TRAINING SOLUTIONS PTY LTD,Pilbara DAMA,19-Oct-2023,18-Oct-2028
Connect Paediatric Therapy services Pty ltd,Pilbara DAMA,19-Oct-2023,18-Oct-2028
RAULAND AUSTRALIA PTY LTD,South Australia Regional DAMA,19-Oct-2023,18-Oct-2028
278MS Pty Ltd,South Australia Regional DAMA,19-Oct-2023,18-Oct-2028
Lab 105 Pty Ltd,South Australia Regional DAMA,19-Oct-2023,18-Oct-2028
FUTURE FIELDS PTY LTD,South West DAMA,19-Oct-2023,18-Oct-2028
TFH NOMINEES PTY LTD,South West DAMA,19-Oct-2023,18-Oct-2028
GEOGRAPHE EARLY MOVEMENT SERVICES PTY LTD,South West DAMA,19-Oct-2023,18-Oct-2028
Burt Cooper Pty Ltd,South West DAMA,19-Oct-2023,18-Oct-2028
Castro Farms Pty Ltd.,South West DAMA,19-Oct-2023,18-Oct-2028
Kiet Tien Nguyen & Thi Ai Nhu Nguyen,South West DAMA,19-Oct-2023,18-Oct-2028
WA Country Health Service,South West DAMA,19-Oct-2023,18-Oct-2028
XIMA HOSPITALITY MANAGEMENT PTY LTD,Townsville DAMA,19-Oct-2023,18-Oct-2028
JEAN-PIERRE PATISSERIE PTY LTD,Townsville DAMA,19-Oct-2023,18-Oct-2028
TRAPP WHYTE INVESTMENTS PTY LTD,Far North Queensland DAMA,20-Oct-2023,19-Oct-2028
Mad Monkey Trading Pty Ltd,Far North Queensland DAMA,20-Oct-2023,19-Oct-2028
S & K Corporation Pty Ltd,Far North Queensland DAMA,20-Oct-2023,19-Oct-2028
"Parry, Deneise Joy",Far North Queensland DAMA,20-Oct-2023,19-Oct-2028
Jointwell Cairns Pty Ltd,Far North Queensland DAMA,20-Oct-2023,19-Oct-2028
Musson Dairying Pty Ltd,Great South Coast DAMA,20-Oct-2023,19-Oct-2028
JMJ Disability Serv Pty Ltd,Northern Territory DAMA,20-Oct-2023,19-Oct-2028
WS TREGEA PTY LTD,Northern Territory DAMA,20-Oct-2023,19-Oct-2028
Go Sushi X Pty Ltd,Northern Territory DAMA,20-Oct-2023,19-Oct-2028
Corps Earthmoving Pty Ltd,Pilbara DAMA,20-Oct-2023,19-Oct-2028
Star Consolidated Holdings Pty Ltd,South Australia Regional DAMA,20-Oct-2023,19-Oct-2028
Vegie Bandits PTY Ltd,South West DAMA,20-Oct-2023,19-Oct-2028
FOOD MIGRANT PTY LTD,South West DAMA,20-Oct-2023,19-Oct-2028
MAMMOTH CONTRACTING (WA) PTY LTD,South West DAMA,20-Oct-2023,19-Oct-2028
A S S G SCHOOL INCORPORATED,Townsville DAMA,20-Oct-2023,19-Oct-2028
KIMBERLEYLAND HOLIDAY PARK PTY LTD,East Kimberley DAMA,23-Oct-2023,22-Oct-2028
D.O.A. AUSTRALIA PTY. LTD.,Far North Queensland DAMA,23-Oct-2023,22-Oct-2028
1 STOP PROPERTY SERVICES PTY LTD,Goulburn Valley DAMA,23-Oct-2023,22-Oct-2028
Rose Garden Health Care Pty Ltd,Great South Coast DAMA,23-Oct-2023,22-Oct-2028
DARWIN ELECTRIC MOTOR REWINDS PTY LTD,Northern Territory DAMA,23-Oct-2023,22-Oct-2028
Gillian Margaret Anderson,South West DAMA,23-Oct-2023,22-Oct-2028
Choji Yakiniku Pty Ltd,Industry – Premium Dining,25-Oct-2023,24-Oct-2028
TEYS AUSTRALIA SOUTHERN PTY LTD,Industry - Meat,25-Oct-2023,24-Oct-2028
Free Serbian Orthodox Church Diocese for Australia&New Zealand,Industry - Minister of Religion,25-Oct-2023,24-Oct-2028
SINGH AGRO WA PTY LTD,Industry - Horticulture,26-Oct-2023,25-Oct-2028
Infinity Eight Pty Ltd,Industry – Premium Dining,30-Oct-2023,29-Oct-2028
AQUA DINING PTY LTD,Industry – Premium Dining,30-Oct-2023,29-Oct-2028
32 Commercial Pty Ltd,Industry – Premium Dining,30-Oct-2023,29-Oct-2028
Hilltop Meats Pty Ltd,Industry - Meat,30-Oct-2023,29-Oct-2028
KAEDEM DAIRY PTY LTD,Industry - Dairy,30-Oct-2023,29-Oct-2028
AUSTRALIA CHUNG TAI BUDDHIST FOUNDATION INC,Industry - Minister of Religion,30-Oct-2023,29-Oct-2028
"CORDOMA, MARY",Industry - Horticulture,30-Oct-2023,29-Oct-2028
BEIFANG FOODS AUSTRALIA PTY LTD,Industry - Meat,30-Oct-2023,29-Oct-2028
Withnell Dairying Company Pty Ltd,Industry - Dairy,30-Oct-2023,29-Oct-2028
SERBIAN ORTHODOX ECCLESIASTIC SCHOOL COMMUNITY ST NIKOLAS,Industry - Minister of Religion,31-Oct-2023,30-Oct-2028
Loughridge Dairy Farm,Industry - Dairy,31-Oct-2023,30-Oct-2028
LITTLE CASHY PTY LTD & DUNSTALL PTY LTD & MATOMIET PTY LTD,Northern Territory DAMA,31-Oct-2023,30-Oct-2028
EMPTITATIONBC PTY LTD,Northern Territory DAMA,31-Oct-2023,30-Oct-2028
LEO MALTAM PHARMACY PTY LTD TREVOR WALTERS PHARMACY PTY LTD AND TRENT NATHAN TWOMEY,Far North Queensland DAMA,02-Nov-2023,01-Nov-2028
Pacific Survey Pty Ltd.,Orana DAMA,02-Nov-2023,01-Nov-2028
CHINA DUAN PTY LTD,Far North Queensland DAMA,02-Nov-2023,01-Nov-2028
Three Rows Pty Ltd,Orana DAMA,02-Nov-2023,01-Nov-2028
Seahorse Maritime Pty Ltd,Far North Queensland DAMA,02-Nov-2023,01-Nov-2028
AUSTRALIAN LEISURE AND HOSPITALITY GROUP PTY LIMITED,Far North Queensland DAMA,02-Nov-2023,01-Nov-2028
LOGAN CONTRACTING PTY. LTD.,Great South Coast DAMA,02-Nov-2023,01-Nov-2028
Brilan Investments PTY LTD,Far North Queensland DAMA,02-Nov-2023,01-Nov-2028
D.K Tucker & J.T Tucker & K.N Tucker,South West DAMA,02-Nov-2023,01-Nov-2028
Scalabrini Village Ltd,Industry - Aged Care,03-Nov-2023,02-Nov-2028
SYDNEY JOOAN CHURCH INCORPORATED,Industry - Minister of Religion,06-Nov-2023,05-Nov-2028
KATUNGA FRESH TRADING PTY LTD,Industry - Horticulture,06-Nov-2023,05-Nov-2028
W Grill CQ Pty Ltd,Industry – Premium Dining,08-Nov-2023,09-Nov-2028
Australian Country Choice Production Pty Ltd,Industry - Meat,08-Nov-2023,07-Nov-2028
Master Butchers Cooperative Ltd,South Australia Regional DAMA,19-Oct-2023,18-Oct-2028
AL & LC Whittaker,Industry - Dairy,09-Nov-2023,08-Nov-2028
Tara Centre for Wisdom Culture Inc,Industry - Minister of Religion,09-Nov-2023,08-Nov-2028
Haneco Lighting Australia Pty Ltd,South Australia Regional DAMA,09-Nov-2023,08-Nov-2028
Lutheran Aged Care Albury,Industry - Aged Care,10-Nov-2023,09-Nov-2028
Yass Valley Aged Care Limited,Industry - Aged Care,10-Nov-2023,09-Nov-2028
Coolamon Shire Council,Industry - Aged Care,10-Nov-2023,09-Nov-2028
PINAROO ROMA INCORPORATED,Industry - Aged Care,10-Nov-2023,09-Nov-2028
SELECT HARVESTS LIMITED,Industry - Horticulture,10-Nov-2023,09-Nov-2028
Emmanuel Baptist Church ,Industry - Minister of Religion,10-Nov-2023,09-Nov-2028
The Olive Branch Church Ararat Incorporated,Industry - Minister of Religion,10-Nov-2023,09-Nov-2028
Gereja Kristus Yesus NSW Inc (The Christ Jesus Church) ,Industry - Minister of Religion,10-Nov-2023,09-Nov-2028
Every Nation Melbourne North East Limited,Industry - Minister of Religion,13-Nov-2023,12-Nov-2028
D.J STEWART & M.T STEWART,Industry - Dairy,14-Nov-2023,13-Nov-2028
PETER & JANE MIDDLEBROOK PTY. LTD.,Industry - Dairy,14-Nov-2023,13-Nov-2028
ISLAMIC ASSOCIATION WESTERN SUBURBS SYDNEY INC,Industry - Minister of Religion,14-Nov-2023,13-Nov-2028
VIETNAMESE EVANGELICAL CHURCH IN AUSTRALIA - MELBOURNE INCORPORATED ,Industry - Minister of Religion,14-Nov-2023,13-Nov-2028
MAG FARMING PTY LTD,Industry - Pork,14-Nov-2023,13-Nov-2028
ZENITH BUSINESS ADVISERS PTY LTD,Pilbara DAMA,15-Nov-2023,14-Nov-2028
Social Oil Margaret River Pty Ltd,South West DAMA,15-Nov-2023,14-Nov-2028
Climacomfort Pty Ltd,Far North Queensland DAMA,16-Nov-2023,15-Nov-2028
THE FOX SMALL BAR PTY LTD,Far North Queensland DAMA,16-Nov-2023,15-Nov-2028
KS DHOTHER PTY LTD,Far North Queensland DAMA,16-Nov-2023,15-Nov-2028
DBC Farming Pty Ltd,Far North Queensland DAMA,16-Nov-2023,15-Nov-2028
THE TRUSTEE FOR D & K ROLFE FAMILY TRUST,Far North Queensland DAMA,16-Nov-2023,15-Nov-2028
Y & F (GATEWAY) PTY LTD,Northern Territory DAMA,16-Nov-2023,15-Nov-2028
D LAPDEZ & H LAPDEZ,Northern Territory DAMA,16-Nov-2023,15-Nov-2028
Lynette Carol McCormick ,Northern Territory DAMA,16-Nov-2023,15-Nov-2028
YALY CUISINE PTY LTD,South Australia Regional DAMA,16-Nov-2023,15-Nov-2028
Grundy Holdings Pty Ltd,South Australia Regional DAMA,16-Nov-2023,15-Nov-2028
Coastpearl Pty Ltd,Townsville DAMA,16-Nov-2023,15-Nov-2028
East Terrace Group Pty Ltd,South Australia Regional DAMA,17-Nov-2023,16-Nov-2028
KT AUTOCARE PTY LTD,Northern Territory DAMA,17-Nov-2023,16-Nov-2028
RIVERVIEW ESTATE LODGE PTY LTD,Industry - Dairy,17-Nov-2023,16-Nov-2028
THE VAN DEN BERG GROUP PTY LTD,Industry - Dairy,17-Nov-2023,16-Nov-2028
CRAVEN PASTORAL CO. PTY. LTD.,Industry - Dairy,17-Nov-2023,16-Nov-2028
F.M McDowall & K.J McDowall & P.J McDowall & P.F McDowall & The Estate Of Kevin John McDowall & The Trustee for Paul McDowall Family Trust & The Trustee for Peter McDowall Family Trust,Industry - Dairy,17-Nov-2023,16-Nov-2028
The Sydney Woori Church Incorporated,Industry - Minister of Religion,17-Nov-2023,16-Nov-2028
CALAMAH NO. 4 PTY. LTD.,Industry - Pork,17-Nov-2023,16-Nov-2028
AUSTFISH PTY LTD,Northern Territory DAMA,17-Nov-2023,16-Nov-2028
MICROM GROUP PTY LTD,Pilbara DAMA,17-Nov-2023,16-Nov-2028
Boyds Bay Nurseries Pty Ltd,Industry - Horticulture,18-Nov-2023,17-Nov-2028
CALLUBRI STATION PTY LTD,Orana DAMA,20-Nov-2023,19-Nov-2028
Ausfleet Group Pty Ltd,Pilbara DAMA,20-Nov-2023,19-Nov-2028
KALFRESH PTY LTD,Industry - Horticulture,20-Nov-2023,19-Nov-2028
WAT DHAMMARANGSEE MAHAMAKUT INC,Industry - Minister of Religion,20-Nov-2023,19-Nov-2028
Department of Defence,Company Specific,21-Nov-2023,20-Nov-2028
TRANS PREMIER PTY LTD,Northern Territory DAMA,21-Nov-2023,20-Nov-2028
Macthom Pty Ltd,South West DAMA,21-Nov-2023,20-Nov-2028
GASCOM (AU) PTY LTD,Great South Coast DAMA,21-Nov-2023,20-Nov-2028
WRITHGIL PTY. LTD. ,Great South Coast DAMA,21-Nov-2023,20-Nov-2028
Gold Touch Group Pty Ltd,Pilbara DAMA,21-Nov-2023,20-Nov-2028
NT Respite Care Plus,Northern Territory DAMA,21-Nov-2023,20-Nov-2028
HOSTEL REEF TRIPS PTY LTD,Far North Queensland DAMA,21-Nov-2023,20-Nov-2028
Pacific Reef (Personnel) Pty Ltd,Townsville DAMA,21-Nov-2023,20-Nov-2028
Liebherr-Australia Pty. Ltd.,Adelaide City Tech and Innovation DAMA,21-Nov-2023,20-Nov-2028
2U&D INVESTMENT PTY LTD,South Australia Regional DAMA,21-Nov-2023,20-Nov-2028
SPORTIES87 PTY LTD,Northern Territory DAMA,21-Nov-2023,20-Nov-2028
La Anchor Pty Ltd,Pilbara DAMA,21-Nov-2023,20-Nov-2028
ROXBY DOWNS CHILD CARE CENTRE INCORPORATED,South Australia Regional DAMA,21-Nov-2023,20-Nov-2028
HAMERE NOAH KIDANE MIHRET TIGRAY ORTHODOX TEWAHEDO CHURCH IN ADELAIDE AUSTRALIA INCORPORATED,Industry - Minister of Religion,21-Nov-2023,20-Nov-2028
Erinfair Pty Ltd,South West DAMA,22-Nov-2023,21-Nov-2028
KOMINE INVESTMENT PTY LTD,Far North Queensland DAMA,22-Nov-2023,21-Nov-2028
NT Recycling Solutions Pty Ltd,Northern Territory DAMA,22-Nov-2023,21-Nov-2028
GOODEARTH HOTELS MANAGEMENT (COLONIAL CLUB) PTY LTD,Far North Queensland DAMA,22-Nov-2023,21-Nov-2028
3M GROUP PTY LTD,Great South Coast DAMA,22-Nov-2023,21-Nov-2028
SKYCITY ADELAIDE PTY LTD,Adelaide City Tech and Innovation DAMA,22-Nov-2023,21-Nov-2028
Western NSW Local Health District ,Orana DAMA,23-Nov-2023,22-Nov-2028
Whitfield Minerals Pty Ltd ,Goldfields DAMA,24-Nov-2023,23-Nov-2028
CHRISTIANS IN SYDNEY PROPERTY TRUST,Industry - Minister of Religion,24-Nov-2023,23-Nov-2028
SYDNEY BIBLE-PRESBYTERIAN CHURCH INCORPORATED,Industry - Minister of Religion,24-Nov-2023,23-Nov-2028
Islamic Centre of Newcastle ,Industry - Minister of Religion,24-Nov-2023,23-Nov-2028
REMAR AUSTRALIA INC,Industry - Minister of Religion,24-Nov-2023,23-Nov-2028
Mt Uncle Distillery Discretionary Trust,Far North Queensland DAMA,27-Nov-2023,26-Nov-2028
KSPK PARTNERS PTY LTD,Townsville DAMA,27-Nov-2023,26-Nov-2028
Ingham Manufactures ,Townsville DAMA,27-Nov-2023,26-Nov-2028
Woy Woy Community Aged Care Limited ,Industry - Aged Care,27-Nov-2023,26-Nov-2028
THE TRUSTEE FOR RICHARD HORI FAMILY TRUST,Industry - Dairy,27-Nov-2023,26-Nov-2028
Blue Cross Community Care Services Group Pty Ltd,Industry - Aged Care,28-Nov-2023,27-Nov-2028
The Buckland Convalescent Hospital,Industry - Aged Care,28-Nov-2023,27-Nov-2028
MT WARREN & Y WARREN,Industry - Dairy,30-Nov-2023,29-Nov-2028
Liebherr-Australia Pty. Ltd. ,South Australia Regional DAMA,01-Dec-2023,30-Nov-2028
THE MENU COMPANY PTY LTD,Company Specific,04-Dec-2023,03-Dec-2028
V & V WALSH PTY LTD,South West DAMA,04-Dec-2023,03-Dec-2028
PJF SERVICES PTY. LTD. ,South Australia Regional DAMA,04-Dec-2023,03-Dec-2028
CAPEM PTY. LIMITED,South Australia Regional DAMA,04-Dec-2023,03-Dec-2028
ARCTIC ICE SERVICE PTY LTD,South Australia Regional DAMA,04-Dec-2023,03-Dec-2028
ANNETTE JAMIESON,Company Specific,05-Dec-2023,04-Dec-2028
SCAF-WEST PTY LTD,Company Specific,05-Dec-2023,04-Dec-2028
Trustee for PGN Family Trust Group,East Kimberley DAMA,05-Dec-2023,04-Dec-2028
Saeum Church Incorporated ,Industry - Minister of Religion,05-Dec-2023,04-Dec-2028
NSW Hotel Management Pty Ltd ,Company Specific,06-Dec-2023,05-Dec-2028
RS Bros Pty Ltd,Townsville DAMA,06-Dec-2023,05-Dec-2028
Harvey River Estate Pty Ltd,South West DAMA,06-Dec-2023,05-Dec-2028
Learnaversity Pty Ltd ,Goldfields DAMA,06-Dec-2023,05-Dec-2028
A & A LAMB PTY LTD,Industry - Dairy,06-Dec-2023,05-Dec-2028
PINECREST DAIRY PTY LTD ,Great South Coast DAMA,08-Dec-2023,07-Dec-2028
Lingcare Pty Ltd,Industry - Aged Care,11-Dec-2023,10-Dec-2028
F & F Mills Pty Ltd,Industry - Dairy,11-Dec-2023,10-Dec-2028
KM AGRICULTURE PTY LTD,Industry - Dairy,11-Dec-2023,10-Dec-2028
PR HENDERSON FARMS PTY LTD,Industry - Dairy,07-Dec-2023,06-Dec-2028
Double Bay Italian Restaurant Pty Ltd ,Industry – Premium Dining,11-Dec-2023,10-Dec-2028
Drim Presbyterian Church Incorporated ,Industry - Minister of Religion,11-Dec-2023,10-Dec-2028
INNES-IRONS MCKENNA HOSPITALITY GROUP PTY LTD,Goulburn Valley DAMA,12-Dec-2023,11-Dec-2028
RED RANGE STOCK SUPPLEMENTS PTY LTD,East Kimberley DAMA,12-Dec-2023,11-Dec-2028
Morries WA Pty Ltd,South West DAMA,12-Dec-2023,11-Dec-2028
M & M ZITO PTY LTD,South Australia Regional DAMA,13-Dec-2023,12-Dec-2028
Feng Shui Pty Ltd,Northern Territory DAMA,13-Dec-2023,12-Dec-2028
SASSEY PTY LTD,South West DAMA,13-Dec-2023,12-Dec-2028
Kooringa Organic Farms ,Industry - Dairy,13-Dec-2023,12-Dec-2028
JFK NOMINEES PTY LTD,South Australia Regional DAMA,14-Dec-2023,13-Dec-2028
Riverlane Dairy Pty Ltd,Industry - Dairy,14-Dec-2023,13-Dec-2028
East Kimberley Job Pathways ,East Kimberley DAMA,15-Dec-2023,14-Dec-2028
Jasagency Pty. Ltd.,Far North Queensland DAMA,18-Dec-2023,17-Dec-2028
RURADENE PTY LTD,South Australia Regional DAMA,18-Dec-2023,17-Dec-2028
MOVING JUICE PTY LTD,South Australia Regional DAMA,18-Dec-2023,17-Dec-2028
Conta Pty Ltd,Far North Queensland DAMA,18-Dec-2023,17-Dec-2028
Complete Pty Ltd,South West DAMA,18-Dec-2023,17-Dec-2028
L.M TRAN & Q.K VU,South West DAMA,18-Dec-2023,17-Dec-2028
LUTHERAN CHURCH OF AUSTRALIA QUEENSLAND DISTRICT (LUTHERAN COMMUNITY CARE),Industry - Aged Care,18-Dec-2023,17-Dec-2028
Rubies Nursing Pvt Limited,Industry - Aged Care,18-Dec-2023,17-Dec-2028
Maroba,Industry - Aged Care,18-Dec-2023,17-Dec-2028
M AND C MULLINS PTY LTD,Industry - Dairy,18-Dec-2023,17-Dec-2028
OCEAN ROAD PASTORAL PTY LTD,Industry - Dairy,18-Dec-2023,17-Dec-2028
MUSHROOMEXCHANGE PTY LTD,Industry - Horticulture,18-Dec-2023,17-Dec-2028
GRANITE HILL NOMINEES PTY LTD,Industry - Horticulture,18-Dec-2023,17-Dec-2028
DESERT FARMS PTY LTD,Industry - Horticulture,18-Dec-2023,17-Dec-2028
Buddhist Vihara Victoria Incorporated,Industry - Minister of Religion,18-Dec-2023,17-Dec-2028
MITCHELL OPERATIONS PTY LTD ,Company Specific,19-Dec-2023,18-Dec-2028
KANKU PTY LTD,Company Specific,19-Dec-2023,18-Dec-2028
Simmcal Pty Ltd,Company Specific,19-Dec-2023,18-Dec-2028
FTA Accountants Pty Ltd,Company Specific,19-Dec-2023,18-Dec-2028
A & D AUSTRALASIA PTY LTD,Company Specific,19-Dec-2023,18-Dec-2028
AL SIRAAT COLLEGE INC,Company Specific,19-Dec-2023,18-Dec-2028
KEMPE SERVICES PTY LTD,Great South Coast DAMA,19-Dec-2023,18-Dec-2028
GALLIPOLI HEALTH SERVICES LIMITED,Industry - Aged Care,19-Dec-2023,18-Dec-2028
ROSENEATH AGED CARE CENTRE PTY LTD,Industry - Aged Care,19-Dec-2023,18-Dec-2028
Melbourne Anglican Diocesan Corporation Ltd,Industry - Minister of Religion,19-Dec-2023,18-Dec-2028
Byron Aged Care Limited ,Industry - Aged Care,20-Dec-2023,19-Dec-2028
THE FRANK WHIDDON MASONIC HOMES OF NEW SOUTH WALES,Industry - Aged Care,20-Dec-2023,19-Dec-2028
W & L CONHEADY PTY LTD,Industry - Dairy,20-Dec-2023,19-Dec-2028
SOUTH AUSTRALIA POLICE,Company Specific,21-Dec-2023,20-Dec-2028
Specialist Disability Housing Pty Ltd,South West DAMA,22-Dec-2023,21-Dec-2028
CAMILLO ROBERTO PUGLISI,Industry - Fishing,22-Dec-2023,21-Dec-2028
CENTRAL BAPTIST CHURCH SYDNEY,Industry - Minister of Religion,22-Dec-2023,21-Dec-2028
ERICSSON AUSTRALIA PTY LTD,Skilled Refugee Pilot,22-Dec-2023,21-Dec-2028
NIGRODHARAMA FOREST MONASTERY INCORPORATED ,Industry - Minister of Religion,02-Jan-2024,01-Jan-2029
PROCAFFE (AUSTRALASIA) PTY LTD,Company Specific,03-Jan-2024,02-Jan-2029
S.H.A.E. Enterprises Pty Ltd,Company Specific,03-Jan-2024,02-Jan-2029
FINLEY REGIONAL CARE LTD,Industry - Aged Care,03-Jan-2024,02-Jan-2029
HIRINO PTY LTD,Industry - Meat,19-Oct-2023,18-Oct-2028
AMBROSE FARMING PTY LTD,Industry - Dairy,18-Dec-2023,17-Dec-2028
Presbyterian Church of Australia in the State of New South Wales Parish of Rose Bay,Industry - Minister of Religion,03-Jan-2024,02-Jan-2029
HEATHER MACFARLANE PTY LTD,South West DAMA,04-Jan-2024,03-Jan-2029
DHAMARAM BUDDHIST TEMPLE INC,Industry - Minister of Religion,04-Jan-2024,03-Jan-2029
ILLAWARRA RETIREMENT TRUST,Industry - Aged Care,05-Jan-2024,04-Jan-2029
Gowrie NSW,Orana DAMA,08-Jan-2024,07-Jan-2029
AUSTRALIAN AGED CARE GROUP,Industry - Aged Care,08-Jan-2024,07-Jan-2029
TIKUN OCEANA PTY LTD,Industry - Horticulture,08-Jan-2024,07-Jan-2029
BEN FURNEY FLOUR MILLS PTY LTD,Company Specific,09-Jan-2024,08-Jan-2029
CARRINGTON CENTENNIAL CARE LIMITED ,Industry - Aged Care,09-Jan-2024,08-Jan-2029
FRESHA DAIRIES PTY LTD,Great South Coast DAMA,10-Jan-2024,09-Jan-2029
Instant Alloy Scaffolding Services Pty Ltd ,Far North Queensland DAMA,10-Jan-2024,09-Jan-2029
H2A Pty Ltd,Northern Territory DAMA,10-Jan-2024,09-Jan-2029
R&A ENTERPRISES (QLD) PTY LTD,Far North Queensland DAMA,10-Jan-2024,09-Jan-2029
KTLP ENTERPRISES PTY LTD,Northern Territory DAMA,10-Jan-2024,09-Jan-2029
MY GUARDIAN GROUP PTY. LTD.,Industry - Aged Care,11-Jan-2024,10-Jan-2029
DAYDAWN FISHERIES PTY LTD,Industry - Fishing,11-Jan-2024,10-Jan-2029
BAPTISTCARE NSW & ACT,Industry - Aged Care,11-Jan-2024,10-Jan-2029
Q-CTRL Pty Ltd,GTS - Established business,16-Jan-2024,15-Jan-2029
DANS PLANTS PTY LTD,Industry - Horticulture,17-Jan-2024,16-Jan-2029
Restaurant Normandy Pty Ltd,Industry – Premium Dining,17-Jan-2024,16-Jan-2029
P & A Pan Pty Ltd,Industry - Horticulture,17-Jan-2024,16-Jan-2029
GD STONE SOLUTIONS PTY LTD,Northern Territory DAMA,15-Jul-2021,14-Jul-2026
GURDIAL SINGH RAI AND SATVINDER SINGH RAI,Industry - Horticulture,25-Jul-2022,24-Jul-2027
Burswood Nursing Care Pty Ltd,Company Specific,07-Feb-2023,06-Feb-2028
ATLASSIAN PTY LTD,Skilled Refugee Pilot,02-Jun-2023,01-Jun-2028
8 LAZY S D TRUST & B. A WHITING & M. W Whiting,Goldfields DAMA,03-Jul-2023,02-Jul-2028
Bupa Aged Care Australia Pty Ltd,Far North Queensland DAMA,10-Aug-2023,09-Aug-2028
THE ASSOCIATION FOR BUDDHIST TEACHING AND LEARNING IN THE COMMUNITY INC. ,Industry - Minister of Religion,09-Nov-2023,08-Nov-2028
G&G Proactive Physiotherapy Pty Ltd,Far North Queensland DAMA,11-Jan-2024,10-Jan-2029
STEAD INVESTMENTS PTY. LTD. ,Industry - Dairy,17-Jan-2024,16-Jan-2029
HELLENIC CHURCH-GOX EXARCHATE OF AUSTRALIA,Industry - Minister of Religion,18-Jan-2024,17-Jan-2029
COOTAMUNDRA HEALTH CARE CO-OPERATIVE LIMITED,Industry - Aged Care,18-Jan-2024,17-Jan-2029
Soft Commodity Logistics Pty Ltd,Industry - Horticulture,18-Jan-2024,17-Jan-2029
BURNFARMERS PTY LIMITED,Industry - Dairy,18-Jan-2024,17-Jan-2029
MW CONSTITUTION PLACE PTY LTD,Industry – Premium Dining,18-Jan-2024,17-Jan-2029
FRESH PRODUCE GROUP OF AUSTRALIA PTY LIMITED,Industry - Horticulture,18-Jan-2024,17-Jan-2029
KARIANA PASTORAL CO PTY LTD,Industry - Dairy,18-Jan-2024,17-Jan-2029
D.A VINNICOMBE & S VINNICOMBE,Industry - Dairy,18-Jan-2024,17-Jan-2029
MCLEAN CARE LTD,Industry - Aged Care,19-Jan-2024,18-Jan-2029
Wrasse and Roe Pty Ltd ,Industry – Premium Dining,22-Jan-2024,21-Jan-2029
TNS ACCESS & SECURITY SOLUTIONS PTY LTD,Goldfields DAMA,22-Jan-2024,21-Jan-2029
Artemis Agriculture Pty Ltd ,East Kimberley DAMA,22-Jan-2024,21-Jan-2029
FRIGEBOL PTY LTD,East Kimberley DAMA,22-Jan-2024,21-Jan-2029
"LIGHT, DYLAN DONALD",Industry - Dairy,22-Jan-2024,21-Jan-2029
The Trustee for Maneela Farms Trust,South Australia Regional DAMA,22-Jan-2024,21-Jan-2029
Viet 21 Pty Ltd,South Australia Regional DAMA,22-Jan-2024,21-Jan-2029
GULGONG HOSTEL ASSOCIATION INC,Orana DAMA,23-Jan-2024,22-Jan-2029
E DELA CRUZ & E.P DELA CRUZ & J DELA CRUZ,Industry - Dairy,25-Jan-2024,24-Jan-2029
Evanday Pty Ltd ,Industry - Dairy,25-Jan-2024,24-Jan-2029
TYLER FARMS PTY LTD,Industry - Dairy,25-Jan-2024,24-Jan-2029
LEADPRO GROUP PTY. LTD. ,South Australia Regional DAMA,25-Jan-2024,24-Jan-2029
ALEXA FARMS PTY LTD,Industry - Pork,29-Jan-2024,28-Jan-2029
Farm Prophets Farm Profits Pty Ltd ,Industry - Dairy,29-Jan-2024,28-Jan-2029
FRONTLINE DRILLING AUSTRALIA PTY LTD,Company Specific,31-Jan-2024,30-Jan-2029
Arbor Pride Holdings Pty Ltd,Company Specific,31-Jan-2024,30-Jan-2029
ONTARIO MANGOES PTY LTD,Far North Queensland DAMA,31-Jan-2024,30-Jan-2029
HILLCROFT FARMS PTY LTD,Industry - Pork,31-Jan-2024,30-Jan-2029
ESTIA INVESTMENTS PTY. LTD. ,Industry - Aged Care,31-Jan-2024,30-Jan-2029
Happy Cow Leasing Pty Ltd,Industry – Premium Dining,01-Feb-2024,31-Jan-2029
Thirty Four South Pty Ltd,Industry - Fishing,01-Feb-2024,31-Jan-2029
N & RM THROCKMORTON,Industry - Dairy,01-Feb-2024,31-Jan-2029
CD & CG BAXTER PTY LTD,Industry - Dairy,01-Feb-2024,31-Jan-2029
BREAKWATER ISLAND LIMITED,Townsville DAMA,01-Feb-2024,31-Jan-2029
Canva Pty Ltd,Skilled Refugee Pilot,01-Feb-2024,31-Jan-2029
CH & GW RAMSAY,Industry - Horticulture,01-Feb-2024,31-Jan-2029
PLOZZA FARM PTY LTD,Industry - Dairy,01-Feb-2024,31-Jan-2029
Pukatja Roadhouse Aboriginal Corporation,South Australia Regional DAMA,06-Feb-2024,05-Feb-2029
HELPING HAND AGED CARE INC,Adelaide City Tech and Innovation DAMA,07-Feb-2024,06-Feb-2029
PILBARA IT SERVICES PTY LTD,Pilbara DAMA,07-Feb-2024,06-Feb-2029
Suncorp Staff Pty Ltd,Adelaide City Tech and Innovation DAMA,07-Feb-2024,06-Feb-2029
Coral Coast Distributors (Cairns) Pty Ltd,Northern Territory DAMA,07-Feb-2024,06-Feb-2029
BKBM Pty Ltd,Great South Coast DAMA,07-Feb-2024,06-Feb-2029
The Trustee for PASKEVILLE TRUST & The Trustee for the Grant Evans Trust,Industry - Dairy,08-Feb-2024,07-Feb-2029
The Trustee for The D Knight Family Trust,Industry - Dairy,08-Feb-2024,07-Feb-2029
Wills Domain Pty Ltd,South West DAMA,08-Feb-2024,07-Feb-2029
Riverwood Baptist Church,Industry - Minister of Religion,08-Feb-2024,07-Feb-2029
Algebra Accounting Australia Pty Ltd,Far North Queensland DAMA,08-Feb-2024,07-Feb-2029
COLUMBA CHRISTIAN CHURCH,Industry - Minister of Religion,08-Feb-2024,07-Feb-2029
Bupa Aged Care Australia Pty Ltd,Great South Coast DAMA,08-Feb-2024,07-Feb-2029
Meramist PTY LTD,Industry - Meat,08-Feb-2024,07-Feb-2029
Andato Pty Ltd,South West DAMA,08-Feb-2024,07-Feb-2029
AG CLYNE PTY LTD,Industry - Dairy,08-Feb-2024,07-Feb-2029
Specialised Industrial Solutions Pty Ltd,Townsville DAMA,08-Feb-2024,07-Feb-2029
A.K HOFFMANN & M.R HOFFMANN & R.Y HOFFMANN,Industry - Dairy,09-Feb-2024,08-Feb-2029
LEE MING PTY LTD,Northern Territory DAMA,09-Feb-2024,08-Feb-2029
ID & AM HOLLOWAY PTY LTD,Industry - Dairy,09-Feb-2024,08-Feb-2029
EVERY NATION MINISTRIES AND CHURCHES,Industry - Minister of Religion,12-Feb-2024,11-Feb-2029
CPC GOLDFIELDS PTY LTD,Company Specific,12-Feb-2024,11-Feb-2029
KKS EMPLOYMENT SOLUTIONS PTY LTD,Industry - Horticulture,12-Feb-2024,11-Feb-2029
SJOMANNSKIRKEN-NORWEGIAN CHURCH ABROAD AUSTRALIA LTD.,Industry - Minister of Religion,12-Feb-2024,11-Feb-2029
Mudgee CC Pty Ltd,Orana DAMA,12-Feb-2024,11-Feb-2029
Pyramid Residential Care Centre,Far North Queensland DAMA,12-Feb-2024,11-Feb-2029
CSF INDUSTRIES PTY LTD,Far North Queensland DAMA,12-Feb-2024,11-Feb-2029
DPG SERVICES PTY LTD,Industry - Aged Care,14-Feb-2024,13-Feb-2029
Zanthe Pty Ltd,Industry - Horticulture,14-Feb-2024,13-Feb-2029
Cooriemungle Ag Pty Ltd,Industry - Dairy,14-Feb-2024,13-Feb-2029
PHBC LH PTY LTD,Industry - Meat,14-Feb-2024,13-Feb-2029
OLIVERS ON PRAIRIE PTY LTD,Industry - Dairy,14-Feb-2024,13-Feb-2029
HINDU SOCIETY OF NEW SOUTH WALES INCORPORATED,Industry - Minister of Religion,14-Feb-2024,13-Feb-2029
BAROM KAGYU CHODRAK DRUPJU CHULING INCOPORATED,Industry - Minister of Religion,14-Feb-2024,13-Feb-2029
H O'Brien & J.A O'Brien,Industry - Dairy,14-Feb-2024,13-Feb-2029
Mathew Daley,Industry - Dairy,14-Feb-2024,13-Feb-2029
Sydney-South Welfare Centre,Industry - Minister of Religion,14-Feb-2024,13-Feb-2029
VITAN NOMINEES PTY. LTD.,Industry - Meat,14-Feb-2024,13-Feb-2029
SILOAM KOREAN PRESBYTERIAN CHURCH,Industry - Minister of Religion,14-Feb-2024,13-Feb-2029
NOVA ENTERTAINMENT PTY LTD,Skilled Refugee Pilot,14-Feb-2024,13-Feb-2029
TS GLOBAL PTY LIMITED,Company Specific,15-Feb-2024,14-Feb-2029
KANGARINGA FARM PTY LIMITED,South Australia Regional DAMA,16-Feb-2024,15-Feb-2029
Foxalicious Fruit Pty Ltd ATF Dalglish Family Trust,Northern Territory DAMA,16-Feb-2024,15-Feb-2029
B E SWITCHCRAFT PTY LTD,South Australia Regional DAMA,16-Feb-2024,15-Feb-2029
Tasman Logistics Services Pty Ltd,Great South Coast DAMA,16-Feb-2024,15-Feb-2029
GOLDFIELDS INDIVIDUAL AND FAMILY SUPPORT ASSOCIATION INCORPORATED,Goldfields DAMA,16-Feb-2024,15-Feb-2029
DM Panel Repairs Pty Ltd,Townsville DAMA,16-Feb-2024,15-Feb-2029
M. & J. Mitchell Pty Ltd,South West DAMA,16-Feb-2024,15-Feb-2029
FAMAZOS FISHING OPERATIONS PTY LTD,Industry - Fishing,16-Feb-2024,15-Feb-2029
BLUMBERG FLOWERS DISTRIBUTIONS PTY LTD,South Australia Regional DAMA,16-Feb-2024,15-Feb-2029
THOMAS BORTHWICK & SONS (AUSTRALIA) PTY LTD,Industry - Meat,16-Feb-2024,15-Feb-2029
SQUEAKY WINDMILL PTY LTD,Goldfields DAMA,16-Feb-2024,15-Feb-2029
Jon Kers Pty Ltd,Northern Territory DAMA,16-Feb-2024,15-Feb-2029
iFind Pipes 'n' Cables Pty Ltd,Northern Territory DAMA,16-Feb-2024,15-Feb-2029
Deon Barnard,Townsville DAMA,19-Feb-2024,18-Feb-2029
Oriental Tea House Pty Ltd,Industry – Premium Dining,20-Feb-2024,19-Feb-2029
AUSTRALIA SRI LANKA BUDDHIST ASSOCIATION OF CANBERRA INCORPORATED,Industry - Minister of Religion,20-Feb-2024,19-Feb-2029
T and K Walter Enterprises Pty Ltd,Goldfields DAMA,21-Feb-2024,20-Feb-2029
OSHGROUP PTY LTD,Pilbara DAMA,21-Feb-2024,20-Feb-2029
Healthe Care Dubbo Pty Ltd,Orana DAMA,21-Feb-2024,20-Feb-2029
TYTAGINI PTY LTD,South Australia Regional DAMA,21-Feb-2024,20-Feb-2029
POP PHONES SA PTY LTD,South Australia Regional DAMA,21-Feb-2024,20-Feb-2029
K. LAMONT PTY LTD,South West DAMA,21-Feb-2024,20-Feb-2029
DJHM INVESTMENTS PTY LTD,South West DAMA,21-Feb-2024,20-Feb-2029
Indian Groceries and Spices Cairns Pty Ltd,Far North Queensland DAMA,21-Feb-2024,20-Feb-2029
C Lade Investments Pty Ltd,Pilbara DAMA,21-Feb-2024,20-Feb-2029
M & T NEVILL TRADING PTY LTD,Great South Coast DAMA,21-Feb-2024,20-Feb-2029
Julian Marco Kettelhake,East Kimberley DAMA,21-Feb-2024,20-Feb-2029
VIVID PASTRIES PTY LTD,South Australia Regional DAMA,21-Feb-2024,20-Feb-2029
One hundred and Seventy-Nine Napier St. Hostel Assoc Inc.,Industry - Aged Care,10-Nov-2023,09-Nov-2028
Freshwater Quality Management Pty Ltd,East Kimberley DAMA,21-Feb-2024,20-Feb-2029
CGL ACCOMMODATION PTY LTD,East Kimberley DAMA,21-Feb-2024,20-Feb-2029
Sparkle by Mia Pty. Ltd.,Pilbara DAMA,21-Feb-2024,20-Feb-2029
Starr Care Pty Ltd,Pilbara DAMA,21-Feb-2024,20-Feb-2029
Sushil Pty Ltd,South Australia Regional DAMA,21-Feb-2024,20-Feb-2029
EVER-LUCK INVESTMENTS PTY LTD,South West DAMA,21-Feb-2024,20-Feb-2029
Kaye Automotive Pty Ltd,South Australia Regional DAMA,22-Feb-2024,21-Feb-2029
KRAFTEDGE PTY LTD,Orana DAMA,22-Feb-2024,21-Feb-2029
ARORA ASSOCIATES PTY LTD,Far North Queensland DAMA,22-Feb-2024,21-Feb-2029
HEMINGWAY'S BREWING COMPANY PTY LTD,Far North Queensland DAMA,22-Feb-2024,21-Feb-2029
MAGRO FARMING PTY LTD,Far North Queensland DAMA,22-Feb-2024,21-Feb-2029
SILVERFROST PTY LTD,Goulburn Valley DAMA,22-Feb-2024,21-Feb-2029
Victorian Freight Specialists,Goulburn Valley DAMA,22-Feb-2024,21-Feb-2029
MERCY SERVICES,Industry - Aged Care,22-Feb-2024,21-Feb-2029
Cypress View Lodge Limited,Industry - Aged Care,22-Feb-2024,21-Feb-2029
BIANCO CONSTRUCTION SUPPLIES PTY LTD,South Australia Regional DAMA,22-Feb-2024,21-Feb-2029
Seychell Constructions Pty Ltd,South Australia Regional DAMA,22-Feb-2024,21-Feb-2029
TRIPODI KITCHEN DESIGNS PTY LTD,South Australia Regional DAMA,22-Feb-2024,21-Feb-2029
Haydar Group Pty Ltd,South West DAMA,22-Feb-2024,21-Feb-2029
Sabtella Pty Ltd,Townsville DAMA,22-Feb-2024,21-Feb-2029
Hedland Cafe Pty Ltd,Pilbara DAMA,26-Feb-2024,25-Feb-2029
AUSTRALIAN BANANA COMPANY PTY LTD.,Far North Queensland DAMA,26-Feb-2024,25-Feb-2029
Mungalli Creek Dairy Pty Ltd,Far North Queensland DAMA,26-Feb-2024,25-Feb-2029
JK & MR PTY LTD,South Australia Regional DAMA,26-Feb-2024,25-Feb-2029
SPG Drainage & Civil Pty Ltd,Pilbara DAMA,26-Feb-2024,25-Feb-2029
THE TRUSTEE FOR VITICULTURAL SERVICES UNIT TRUST,South West DAMA,26-Feb-2024,25-Feb-2029
Kids Early Learning Centre Pty Ltd,Townsville DAMA,26-Feb-2024,25-Feb-2029
The Trustee for The Cardinal Unit Trust,Far North Queensland DAMA,26-Feb-2024,25-Feb-2029
GET A GRIP TYRES PTY LTD,Pilbara DAMA,26-Feb-2024,25-Feb-2029
Optimum Design Associates Pty Ltd,South Australia Regional DAMA,26-Feb-2024,25-Feb-2029
MAX STOCKS FROZEN FOODS PTY LTD,Far North Queensland DAMA,26-Feb-2024,25-Feb-2029
QUALITY PEOPLE AND TRAINING SOLUTIONS PTY LTD,Goldfields DAMA,26-Feb-2024,25-Feb-2029
NT Excavation and Demolition Pty Ltd,Northern Territory DAMA,26-Feb-2024,25-Feb-2029
PORT HEDLAND PTY LTD,Pilbara DAMA,26-Feb-2024,25-Feb-2029
Weston (WA) Subdivision Pty Ltd,South West DAMA,26-Feb-2024,25-Feb-2029
Yura Yungi Medical Service Aboriginal Corporation,Industry - Aged Care,27-Feb-2024,26-Feb-2029
Rozynski Enterprises Pty Ltd,Industry - Dairy,27-Feb-2024,26-Feb-2029
Tanderra Dairies Pty Ltd,Industry - Dairy,27-Feb-2024,26-Feb-2029
AMALU PTY LTD,Industry - Dairy,27-Feb-2024,26-Feb-2029
W BLAND PTY LTD,Industry - Dairy,27-Feb-2024,26-Feb-2029
MUHAMMADI WELFARE ASSOCIATION INCORPORATED,Industry - Minister of Religion,27-Feb-2024,26-Feb-2029
TIFFANY & CO. (AUSTRALIA) PTY. LTD.,Company Specific,28-Feb-2024,27-Feb-2029
SHEPPARD FARM PTY LTD,Industry - Dairy,28-Feb-2024,27-Feb-2029
RINALAND MANAGEMENT CO PTY LTD,Industry - Horticulture,28-Feb-2024,27-Feb-2029
AIRSERVICES AUSTRALIA,Company Specific,01-Mar-2024,28-Feb-2029
PINGAKSH PTY LTD,South West DAMA,29-Feb-2024,28-Feb-2029
KRUSZEWSKI PTY. LTD.,South Australia Regional DAMA,01-Mar-2024,28-Feb-2029
ADFRESH FARMS PTY LTD,Far North Queensland DAMA,01-Mar-2024,28-Feb-2029
Lake Argyle Cruises Pty Ltd,East Kimberley DAMA,29-Feb-2024,28-Feb-2029
LORIMER HOLDING PTY LTD,East Kimberley DAMA,01-Mar-2024,28-Feb-2029
DB FAMILY PLUS PTY LTD ,Goulburn Valley DAMA,04-Mar-2024,03-Mar-2029
Cafe Delissio,Orana DAMA,04-Mar-2024,03-Mar-2029
Walara Inc.,South Australia Regional DAMA,04-Mar-2024,03-Mar-2029
CHRISTIAN ABORIGINAL PARENT DIRECTED SCHOOL,Goldfields DAMA,04-Mar-2024,03-Mar-2029
1834 Hospitality Pty Ltd,South Australia Regional DAMA,04-Mar-2024,03-Mar-2029
REZZ PTY LTD,South Australia Regional DAMA,04-Mar-2024,03-Mar-2029
Z10 Finance Group Pty Ltd,Orana DAMA,04-Mar-2024,03-Mar-2029
ALLEN FOOD PTY. LTD.,South West DAMA,04-Mar-2024,03-Mar-2029
BARUNGA GRAINS PTY LTD,South Australia Regional DAMA,05-Mar-2024,04-Mar-2029
Australian Mineral & Waterwell Drilling,Northern Territory DAMA,05-Mar-2024,04-Mar-2029
Nellandi Pty Ltd,Townsville DAMA,05-Mar-2024,04-Mar-2029
HBF HEALTH LIMITED,South West DAMA,05-Mar-2024,04-Mar-2029
THE ROMAN CATHOLIC TRUST CORPORATION FOR THE DIOCESE OF TOWNSVILLE,Townsville DAMA,05-Mar-2024,04-Mar-2029
OFF THE WALL GROUP PTY LTD,Far North Queensland DAMA,05-Mar-2024,04-Mar-2029
CHM PASTORAL PTY LTD & COMMONWEALTH HILL PROPRIETARY LIMITED & JHM PASTORAL PTY LTD,Northern Territory DAMA,05-Mar-2024,04-Mar-2029
LJM PRODUCE PTY LTD,South West DAMA,05-Mar-2024,04-Mar-2029
VANTAGE EDUCATION PTY. LTD.,Orana DAMA,05-Mar-2024,04-Mar-2029
Sunmanor Pty Ltd,Far North Queensland DAMA,05-Mar-2024,04-Mar-2029
MRT Investments Pty Ltd,Townsville DAMA,05-Mar-2024,04-Mar-2029
Rubberline Pty Ltd,Company Specific,06-Mar-2024,05-Mar-2029
Fendi Australia Pty Ltd,Company Specific,06-Mar-2024,05-Mar-2029
LVMH FASHION GROUP AUSTRALIA PTY. LTD.,Company Specific,06-Mar-2024,05-Mar-2029
DENTAL MATTERS PTY LTD,South Australia Regional DAMA,06-Mar-2024,05-Mar-2029
Terra Mining Pty Ltd,Goldfields DAMA,06-Mar-2024,05-Mar-2029
MINERAL RESOURCES LIMITED,Company Specific,07-Mar-2024,06-Mar-2029
MELLREACH PTY LTD,Industry - Aged Care,07-Mar-2024,06-Mar-2029
APS Adelaide Profile Services Pty Ltd,South Australia Regional DAMA,08-Mar-2024,07-Mar-2029
Koonambil Aged Care Ltd,Industry - Aged Care,08-Mar-2024,07-Mar-2029
DTL ENTERTAINMENT GROUP PTY LTD,Industry – Premium Dining,08-Mar-2024,07-Mar-2029
2 Fruit's Pty. Ltd,Industry - Horticulture,08-Mar-2024,07-Mar-2029
EVERY NATION CHRISTIAN CHURCH LTD,Industry - Minister of Religion,08-Mar-2024,07-Mar-2029
"The Mission to Seafarers, Sydney NSW",Industry - Minister of Religion,08-Mar-2024,07-Mar-2029
H. W. GREENHAM & SONS PROPRIETARY LIMITED,Industry - Meat,11-Mar-2024,10-Mar-2029
RESTHAVEN INCORPORATED,South Australia Regional DAMA,12-Mar-2024,11-Mar-2029
Ability Action Australia Pty Ltd,South Australia Regional DAMA,12-Mar-2024,11-Mar-2029
Spice Odysee Pty Ltd,South West DAMA,12-Mar-2024,11-Mar-2029
Americanas Pty Ltd,South Australia Regional DAMA,12-Mar-2024,11-Mar-2029
Woody Nook Wines Pty Ltd,South West DAMA,12-Mar-2024,11-Mar-2029
Armira Pty Ltd,South Australia Regional DAMA,12-Mar-2024,11-Mar-2029
ST. LOUIS NURSING HOME PTY LTD,South Australia Regional DAMA,12-Mar-2024,11-Mar-2029
Tei Services Pty Ltd,Townsville DAMA,12-Mar-2024,11-Mar-2029
Monaghans (SA) Pty Ltd,Adelaide City Tech and Innovation DAMA,12-Mar-2024,11-Mar-2029
EDGE EARLY LEARNING SOUTH AUSTRALIA PTY LTD,South Australia Regional DAMA,12-Mar-2024,11-Mar-2029
Timbrebongie House Limited,Industry - Aged Care,12-Mar-2024,11-Mar-2029
RESIDENTIAL GARDENS FOR SPANISH SPEAKING FRAIL AGED LIMITED,Industry - Aged Care,12-Mar-2024,11-Mar-2029
ST CATHERINE'S WANGARATTA INC.,Industry - Aged Care,12-Mar-2024,11-Mar-2029
MURRAY HAVEN HOMES LIMITED,Industry - Aged Care,12-Mar-2024,11-Mar-2029
FOUR LEAS ENTITIES PTY LTD,Industry - Dairy,12-Mar-2024,11-Mar-2029
QUEENSLAND BERRIES EMPLOYMENT PTY LTD,Industry - Horticulture,12-Mar-2024,11-Mar-2029
Greenham Gippsland Pty Ltd,Industry - Meat,12-Mar-2024,11-Mar-2029
Christian Dior Australia Pty Ltd,Company Specific,13-Mar-2024,12-Mar-2029
DFS AUSTRALIA PTY LIMITED,Company Specific,13-Mar-2024,12-Mar-2029
Louis Vuitton Australia Pty Ltd,Company Specific,14-Mar-2024,13-Mar-2029
BROWZ & BEAUTY PTY LTD,Northern Territory DAMA,14-Mar-2024,13-Mar-2029
GRAFTON TRADING PTY LTD,Far North Queensland DAMA,14-Mar-2024,13-Mar-2029
MARK AND KAYLENE WALPOLE PTY LTD,Goulburn Valley DAMA,14-Mar-2024,13-Mar-2029
SOLARIS FARMS PTY LTD,Industry - Dairy,14-Mar-2024,13-Mar-2029
The Trustee for Alexander Robertson Trading & The Trustee for Robert Robertson Trading,Industry - Dairy,14-Mar-2024,13-Mar-2029
ICM Agribusiness Pty Ltd,Industry - Dairy,14-Mar-2024,13-Mar-2029
GJ MCKILLOP PASTORAL CO. PTY LTD,Industry - Dairy,14-Mar-2024,13-Mar-2029
VIETNAMESE EVANGELICAL CHURCH IN AUSTRALIA PERTH,Industry - Minister of Religion,14-Mar-2024,13-Mar-2029
DRAFTING STEELWORK PTY LTD,South Australia Regional DAMA,15-Mar-2024,14-Mar-2029
CENTRAL DESERT REGIONAL COUNCIL,Industry - Aged Care,15-Mar-2024,14-Mar-2029
The Trustee for Gupta Family Trust,Industry - Aged Care,15-Mar-2024,14-Mar-2029
Benjamin Mark Holloway and Melissa Anne Holloway,Industry - Dairy,15-Mar-2024,14-Mar-2029
SOUTHERN MEATS PTY. LTD.,Industry - Meat,15-Mar-2024,14-Mar-2029
ROVERWORTH PTY LTD,Industry - Meat,15-Mar-2024,14-Mar-2029
Seventh Day Adventist Reform Movement (Australasian Union Conference) Ltd,Industry - Minister of Religion,15-Mar-2024,14-Mar-2029
SAN SIRO AUSTRALIA PTY LTD,Industry - Pork,15-Mar-2024,14-Mar-2029
WESTPORK PTY. LTD.,Industry - Pork,15-Mar-2024,14-Mar-2029
LCA Operations Pty Ltd,Company Specific,19-Mar-2024,18-Mar-2029
SUNNYCARE RESIDENTIAL PTY LTD,Industry - Aged Care,19-Mar-2024,18-Mar-2029
M.R & N.L HOGAN,Industry - Dairy,19-Mar-2024,18-Mar-2029
CHAP PAK PTY LTD,Industry - Horticulture,19-Mar-2024,18-Mar-2029
Western Meat Exporters Pty Ltd,Industry - Meat,19-Mar-2024,18-Mar-2029
Hilal Meat Products Company Pty Ltd,Industry - Meat,19-Mar-2024,18-Mar-2029
COP INTERNATIONAL MINISTRIES AUSTRALIA LTD,Industry - Minister of Religion,19-Mar-2024,18-Mar-2029
DISCIPLE MAKING CHURCH INCORPORATED,Industry - Minister of Religion,19-Mar-2024,18-Mar-2029
MR Auto Group Pty Ltd,Company Specific,20-Mar-2024,19-Mar-2029
RSL CARE RDNS LIMITED,Townsville DAMA,21-Mar-2024,20-Mar-2029
Leaps and Bounds Preschool Pty Ltd,South West DAMA,21-Mar-2024,20-Mar-2029
Cold Logic Pty Ltd,South Australia Regional DAMA,21-Mar-2024,20-Mar-2029
JS WELDING SERVICES PTY LTD,Townsville DAMA,21-Mar-2024,20-Mar-2029
TOTAL ACCESS SOLUTIONS PTY LTD,Company Specific,22-Mar-2024,21-Mar-2029
Rimowa Australia Pty Ltd,Company Specific,22-Mar-2024,21-Mar-2029
Designed Logistical Solutions Pty Ltd,Far North Queensland DAMA,22-Mar-2024,21-Mar-2029
Ulandra Pty Ltd,Far North Queensland DAMA,22-Mar-2024,21-Mar-2029
PASPALEY PEARLING COMPANY PTY LTD,Northern Territory DAMA,22-Mar-2024,21-Mar-2029
EUROPEAN FINE FOODS PTY LTD,Far North Queensland DAMA,22-Mar-2024,21-Mar-2029
ISICOB PTY LTD,Far North Queensland DAMA,22-Mar-2024,21-Mar-2029
TKPH PTY LTD,Pilbara DAMA,22-Mar-2024,21-Mar-2029
Crema Bananas Pty Ltd,Far North Queensland DAMA,22-Mar-2024,21-Mar-2029
Esplanade CT Pty Ltd,Far North Queensland DAMA,22-Mar-2024,21-Mar-2029
Cairns Northern Beaches Car Diagnostics Pty Ltd,Far North Queensland DAMA,22-Mar-2024,21-Mar-2029
EK Services Group Pty Ltd,East Kimberley DAMA,22-Mar-2024,21-Mar-2029
Nations Church Brisbane Limited,Industry - Minister of Religion,22-Mar-2024,21-Mar-2029
Quinn Family Trust,Industry - Dairy,25-Mar-2024,24-Mar-2029
HARVEY INDUSTRIES GROUP PTY LTD,Industry - Meat,25-Mar-2024,24-Mar-2029
SERENITY GLOBAL PTY LTD,South Australia Regional DAMA,26-Mar-2024,25-Mar-2029
MY PLACE WA LTD,South West DAMA,26-Mar-2024,25-Mar-2029
1st Care Community Pty Ltd,Industry - Aged Care,27-Mar-2024,26-Mar-2029
NIKEP DAIRY PTY LTD,Industry - Dairy,27-Mar-2024,26-Mar-2029
Rustico Tapas Pty Ltd,Industry – Premium Dining,27-Mar-2024,26-Mar-2029
Z.M & S.L JOHNSTON,Industry - Fishing,27-Mar-2024,26-Mar-2029
Tomato Exchange Pty Ltd,Industry - Horticulture,27-Mar-2024,26-Mar-2029
WATCHTOWER BIBLE & TRACT SOCIETY OF AUSTRALIA,Industry - Minister of Religion,27-Mar-2024,26-Mar-2029
Australian Bosnian Islamic Centre,Industry - Minister of Religion,27-Mar-2024,26-Mar-2029
BUDDHIST SOCIETY OF VICTORIA INC,Industry - Minister of Religion,27-Mar-2024,26-Mar-2029
Berluti Australia Pty Ltd,Company Specific,28-Mar-2024,27-Mar-2029
SAMPHIE PTY LTD,Industry - Horticulture,28-Mar-2024,27-Mar-2029
Peter Berry Consultancy Pty Ltd,Skilled Refugee Pilot,28-Mar-2024,27-Mar-2029
Matters Enterprises Pty Ltd,Company Specific,02-Apr-2024,01-Apr-2029
DH & EL Crawford Pty Ltd,Industry - Dairy,03-Apr-2024,02-Apr-2029
Jonah's Restaurant Pty Ltd,Industry – Premium Dining,03-Apr-2024,02-Apr-2029
RENOVATION CONNECTION PTY LTD,Skilled Refugee Pilot,03-Apr-2024,02-Apr-2029
Kanandah Retirement Ltd,Industry - Aged Care,04-Mar-2024,03-Mar-2029
Qld Cash for Cars Pty Ltd,Skilled Refugee Pilot,04-Apr-2024,03-Apr-2029
MILC HOMEWARES PTY. LTD.,South West DAMA,04-Apr-2024,03-Apr-2029
JP DRAFTING PTY LTD,South Australia Regional DAMA,05-Apr-2024,04-Apr-2029
Bache Bros Pty Ltd,South Australia Regional DAMA,05-Apr-2024,04-Apr-2029
BERENDSEN FLUID POWER PTY LTD,Company Specific,05-Apr-2024,04-Apr-2029
TBG Senior Living Services Pty Ltd,Industry - Aged Care,08-Apr-2024,07-Apr-2029
BOSHIER FARMS (SOUTHWEST VIC) PTY LTD,Industry - Dairy,08-Apr-2024,07-Apr-2029
GILGANDRA COUNCIL,Industry - Aged Care,08-Apr-2024,07-Apr-2029
BROWN HILL ESTATE AUSTRALIA PTY LTD,South West DAMA,08-Apr-2024,07-Apr-2029
All Home Caring Services Pty Ltd,Industry - Aged Care,09-Apr-2024,08-Apr-2029
Ruby Red Pizza Pty Ltd,South Australia Regional DAMA,09-Apr-2024,08-Apr-2029
S.S SURJIT PTY LTD,South Australia Regional DAMA,09-Apr-2024,08-Apr-2029
MORAN AUSTRALIA (RESIDENTIAL AGED CARE) PTY LIMITED,Industry - Aged Care,09-Apr-2024,08-Apr-2029
Samwell and Sons Nominees Pty Ltd,Skilled Refugee Pilot,09-Apr-2024,08-Apr-2029
THE TRUSTEE FOR DS & RK KHUNKHUN FAMILY TRUST,Industry - Horticulture,10-Apr-2024,09-Apr-2029
OZCONNECTIONS (NSW) PTY LTD,Industry - Aged Care,10-Apr-2024,09-Apr-2029
HAMMONDCARE,Industry - Aged Care,10-Apr-2024,09-Apr-2029
SYDNEY SAE SOON PRESBYTERIAN CHURCH INC,Industry - Minister of Religion,10-Apr-2024,09-Apr-2029
Drouin West Timber & Truss Pty Ltd,Company Specific,11-Apr-2024,10-Apr-2029
PRISTINE LAKES PTY LTD & ALL DAWN PTY LTD,Company Specific,12-Apr-2024,11-Apr-2029
Northern Trade Solutions (NT) Pty Ltd,Northern Territory DAMA,12-Apr-2024,11-Apr-2029
Murray Cod Australia Limited,Company Specific,15-Apr-2024,14-Apr-2029
KLINGER LIMITED,Company Specific,15-Apr-2024,14-Apr-2029
TACCA INDUSTRIES PTY LTD,Company Specific,17-Apr-2024,16-Apr-2029
Brunel Energy Pty Ltd,Industry - On-Hire,18-Apr-2024,17-Apr-2029
GCI PTY LTD,Industry - Fishing,19-Apr-2024,18-Apr-2029
QUIRINDI CARE SERVICES LIMITED,Industry - Aged Care,19-Apr-2024,18-Apr-2029
PS and AJ Drew,Industry - Dairy,19-Apr-2024,18-Apr-2029
NORTHSIDE COMMUNITY SERVICE LIMITED,Industry - Aged Care,19-Apr-2024,18-Apr-2029
MT VIEW HOMES INC,Industry - Aged Care,19-Apr-2024,18-Apr-2029
Leyland Brothers Waterproofing Pty Ltd,Skilled Refugee Pilot,19-Apr-2024,18-Apr-2029
Vadpak Transport Division Pty Ltd,Goulburn Valley DAMA,19-Apr-2024,18-Apr-2029
Killarney Memorial Aged Care Ltd,Industry - Aged Care,19-Apr-2024,18-Apr-2029
PARKER PASTORAL PTY LTD,Industry - Dairy,22-Apr-2024,21-Apr-2029
Cultural Icon Pty Ltd,South West DAMA,22-Apr-2024,21-Apr-2029
RESOLUTE CARE GROUP PTY LTD.,Townsville DAMA,22-Apr-2024,21-Apr-2029
WINGHAM BEEF EXPORTS PTY LTD,Industry - Meat,22-Apr-2024,21-Apr-2029
BENALE PTY LIMITED,Industry - Meat,22-Apr-2024,21-Apr-2029
VITONGA PTY LIMITED,Skilled Refugee Pilot,22-Apr-2024,21-Apr-2029
BRIAN GREGORY SCIMONE,Industry - Fishing,23-Apr-2024,22-Apr-2029
DM & HA Piggott,Industry - Horticulture,23-Apr-2024,22-Apr-2029
BOBETTES PTY LTD,Townsville DAMA,23-Apr-2024,22-Apr-2029
Zichrone Pty Ltd,Skilled Refugee Pilot,23-Apr-2024,22-Apr-2029
Semini Custom Feeds Pty Ltd,South West DAMA,23-Apr-2024,22-Apr-2029
LAMMP PTY LTD,Goldfields DAMA,23-Apr-2024,22-Apr-2029
GBP Products Pty Ltd,Industry - Meat,23-Apr-2024,22-Apr-2029
OM Engineering Pty Ltd,Company Specific,29-Apr-2024,28-Apr-2029
Tabulam and Templer Homes for the Aged Inc,Industry - Aged Care,29-Apr-2024,28-Apr-2029
D HOFFRICHTER & S.P HOFFRICHTER,Industry - Pork,29-Apr-2024,28-Apr-2029
Darwin City Hotel,Northern Territory DAMA,29-Apr-2024,28-Apr-2029
AQI Group Pty Ltd,Skilled Refugee Pilot,29-Apr-2024,28-Apr-2029
Earth Moving Discover Pty Ltd,Company Specific,29-Apr-2024,28-Apr-2029
A.P DOWNIE & C.L DOWNIE & P.J DOWNIE & R.A DOWNIE,Industry - Dairy,29-Apr-2024,28-Apr-2029
Huon Aquaculture Company Pty Ltd,Industry - Fishing,29-Apr-2024,28-Apr-2029
Taylor Survey and Developments PTY Ltd,Industry - Horticulture,30-Apr-2024,29-Apr-2029
V & L BUTCHERY PTY LTD,Industry - Meat,30-Apr-2024,29-Apr-2029
PURRAH PTY. LTD.,Industry - Dairy,30-Apr-2024,29-Apr-2029
Clews Farming Pty Ltd,Industry - Dairy,30-Apr-2024,29-Apr-2029
PG FARM PTY LTD,Industry - Dairy,30-Apr-2024,29-Apr-2029
Fulton Hogan Australia (Management) Pty Ltd,Skilled Refugee Pilot,30-Apr-2024,29-Apr-2029
THE TRUSTEE FOR S HUNTER FAMILY TRUST,Industry - Pork,30-Apr-2024,29-Apr-2029
NES GLOBAL PTY LIMITED,Industry - On-Hire,30-Apr-2024,29-Apr-2029
REGINA'S CLEANING GROUP PTY LTD,Northern Territory DAMA,30-Apr-2024,29-Apr-2029
ANGEL OYSTERS AUSTRALIA PTY LTD,Industry - Fishing,30-Apr-2024,29-Apr-2029
Health Plus People Pty Ltd,Industry - On-Hire,01-May-2024,30-Apr-2029
HORIZEN CAFE OPERATIONS PTY LTD,Northern Territory DAMA,01-May-2024,30-Apr-2029
Joyful Souls Support Pty Ltd,Northern Territory DAMA,01-May-2024,30-Apr-2029
Gold Impression Pty Ltd,Northern Territory DAMA,01-May-2024,30-Apr-2029
Prasanna Enterprises Pty Ltd,Northern Territory DAMA,01-May-2024,30-Apr-2029
Olam Orchards Australia Pty Ltd,Industry - Horticulture,01-May-2024,30-Apr-2029
INTERNATIONAL SOCIETY FOR KRISHNA CONSCIOUSNESS MELBOURNE LIMITED,Industry - Minister of Religion,01-May-2024,30-May-2029
TRAFFIC WERX NT PTY LTD,Northern Territory DAMA,01-May-2024,30-Apr-2029
SRI VENKATESWARA TEMPLE HELENSBURGH,Industry - Minister of Religion,01-May-2024,30-Apr-2029
Arena Tiles Pty Ltd,Company Specific,02-May-2024,01-May-2029
Genetics Australia Holdings Pty Ltd,Industry - Dairy,02-May-2024,01-May-2029
D.D BRUMBY & L BRUMBY,Industry - Dairy,02-May-2024,01-May-2029
EMF ACCESS PTY LTD,Company Specific,02-May-2024,01-May-2029
DYNAMIC MANAGEMENT GROUP PTY. LTD.,Company Specific,03-May-2024,02-May-2029
EASTERN VALLEY FRESH PTY LTD,Industry - Horticulture,03-May-2024,02-May-2029
MVD Dairy Company Pty Ltd,Industry - Dairy,03-May-2024,02-May-2029
R.T HAMILTON & S HAMILTON,Industry - Dairy,03-May-2024,02-May-2029
Westside Bus Co Pty Ltd,Company Specific,03-May-2024,02-May-2029
ABODE PROPERTY MANAGEMENT PTY LTD,Northern Territory DAMA,03-May-2024,02-May-2029
BCP FARMING PTY LTD AND BAILEY CREEK PTY LTD,Industry - Pork,03-May-2024,02-May-2029
WORKHORSE COLLISION REPAIRS PTY LTD,Company Specific,03-May-2024,02-May-2029
PAUL & SONS AUSTRALIA PTY LTD,South Australia Regional DAMA,03-May-2024,02-May-2029
Australia PEO Pty Limited,Industry - On-Hire,03-May-2024,02-May-2029
German Inn Pty Ltd,South Australia Regional DAMA,03-May-2024,02-May-2029
DAVIES BAKERY PTY LTD,Company Specific,03-May-2024,02-May-2029
International Buddhist College of Victoria Inc,Industry - Minister of Religion,03-May-2024,02-May-2029
PIACENTINI & SON PTY LTD,Company Specific,03-May-2024,02-May-2029
O'Brien's Drapery (W.A.) Pty Ltd ATF M F O'Brien Family Trust,South West DAMA,03-May-2024,02-May-2029
AMPERSAND ESTATES PTY LTD,South West DAMA,03-May-2024,02-May-2029
MAXAL PTY. LTD.,Company Specific,04-Jun-2024,03-May-2029
DEVTIL PTY LTD,Northern Territory DAMA,06-May-2024,05-May-2029
Territory Sanitisation,Northern Territory DAMA,06-May-2024,05-May-2029
TALICE SECURITY SERVICE PTY LTD,Northern Territory DAMA,06-May-2024,05-May-2029
Fox and Gordon Pty Ltd,South West DAMA,06-May-2024,05-May-2029
TNP Holdings Pty Ltd,Northern Territory DAMA,06-May-2024,05-May-2029
ADELAIDE QUALITY CARE PTY LTD,Industry - Aged Care,06-May-2024,05-May-2029
Oaks Hotels & Resorts Limited,Northern Territory DAMA,08-May-2024,07-May-2029
Eminent Air Conditioning Pty Ltd,Skilled Refugee Pilot,08-May-2024,07-May-2029
LINDA FLORENCE MCFADDEN,Skilled Refugee Pilot,08-May-2024,07-May-2029
B.F JAMES & J.M JAMES,Industry - Dairy,08-May-2024,07-May-2029
LYENNA PROPRIETARY LIMITED,Industry - Fishing,08-May-2024,07-May-2029
P J & E L OSBORN,Industry - Dairy,09-May-2024,08-May-2029
Yi Ru Confucius & Mencius Cultural Association,Industry - Minister of Religion,09-May-2024,08-May-2029
OTTREY HOMES COBRAM & DISTRICT RETIREMENT VILLAGE INC TRADING AS COBRAM REGIONAL CARE,Industry - Aged Care,10-May-2024,09-May-2029
Lange Holdings Qld Pty Ltd,Industry – Premium Dining,10-May-2024,09-May-2029
ARMADA ELC PTY LTD,Northern Territory DAMA,10-May-2024,09-May-2029
Northpharm Pty Ltd,Northern Territory DAMA,10-May-2024,09-May-2029
D.E Chesworth & D.D Chesworth,Industry - Dairy,13-May-2024,12-May-2029
Broadacre Bacon Farming Company Pty Ltd,Industry - Pork,13-May-2024,12-May-2029
SOUTHGATE HOTEL MANAGEMENT PTY. LTD.,Company Specific,13-May-2024,12-May-2029
THE VINH NGHIEM PAGODA CHARITABLE SOCIETY (HOI TU THIEN CHUA VINH NGHIEM) INC,Industry - Minister of Religion,13-May-2024,12-May-2029
CHRISTADELPHIAN WELFARE ASSOCIATION (VIC) INC,Skilled Refugee Pilot,13-May-2024,12-May-2029
Veggie Mayhem Pty Ltd,Industry - Horticulture,13-May-2024,12-May-2029
The Love Family Trust,South West DAMA,14-May-2024,13-May-2029
TINTE PTY LTD,South West DAMA,14-May-2024,13-May-2029
THE GOOD SHEPHERD LIMITED,Townsville DAMA,14-May-2024,13-May-2029
A.C.N. MARKETING & SALES PTY LTD,Goulburn Valley DAMA,14-May-2024,13-May-2029
Coffee Man NT Pty Ltd,Northern Territory DAMA,14-May-2024,13-May-2029
Conphone Pty Ltd,Townsville DAMA,14-May-2024,13-May-2029
TULLY NURSING HOME INC,Far North Queensland DAMA,14-May-2024,13-May-2029
CAMCAST PTY LTD,Company Specific,15-May-2024,14-May-2029
Kyst Food Pty Ltd,South West DAMA,16-May-2024,15-May-2029
BMD Urban,Northern Territory DAMA,16-May-2024,15-May-2029
DYNAMIC DIESEL MECHANICAL SERVICES PTY LTD,Industry - On-Hire,16-May-2024,15-May-2029
Acecom NT Pty Ltd,Northern Territory DAMA,16-May-2024,15-May-2029
THE LOCAL CATCH PTY LTD,Industry - Fishing,16-May-2024,15-May-2029
GEOGRAPHE BAY BREWING CO PTY LTD,South West DAMA,16-May-2024,15-May-2029
MONELLO INDUSTRIES PTY LTD,Northern Territory DAMA,20-Jun-2024,19-Jun-2029
DJ & KR Conheady Pty Ltd,Industry - Dairy,16-May-2024,15-May-2029
PAUL INGLE & ASSOCIATES PTY LTD,Industry - On-Hire,17-May-2024,16-May-2029
SOVEREIGN GRACE CHURCH (SYDNEY - UPPER NORTH),Industry - Minister of Religion,17-May-2024,16-May-2029
BA TITAN PRAWNS PTY LTD,Industry - Fishing,20-May-2024,19-May-2029
SIGMA AERO RESOURCES (AUSTRALIA) PTY LTD,Industry - On-Hire,20-May-2024,19-May-2029
SYDNEY BETHEL CHURCH INC,Industry - Minister of Religion,20-May-2024,19-May-2029
ASPHALTECH PTY. LTD.,South West DAMA,20-May-2024,19-May-2029
GOLD COAST DHARMA REALM INC,Industry - Minister of Religion,20-May-2024,19-May-2029
Consultive Pty Ltd,Industry - On-Hire,20-May-2024,19-May-2029
SGRD CAFE'S PTY LTD,Northern Territory DAMA,20-May-2024,19-May-2029
Yes Staffing Solutions Private Limited.,Industry - On-Hire,20-May-2024,19-May-2029
Goldmag Pty Ltd,Industry - Horticulture,20-May-2024,19-May-2029
COBAR SHIRE COUNCIL,Industry - Aged Care,20-May-2024,19-May-2029
TAH WHOLESALE PTY LTD,Northern Territory DAMA,20-May-2024,19-May-2029
NORTH QUEENSLAND FRESH PTY LTD,Industry - Horticulture,20-May-2024,19-May-2029
SEVA Pty Ltd,Orana DAMA,20-May-2024,19-May-2029
SSS GROWERS PTY LTD,Industry - Horticulture,20-May-2024,19-May-2029
Access Human Talent Pty Ltd,Industry - On-Hire,20-May-2024,19-May-2029
PRESBYTERIAN CHURCH OF AUSTRALIA IN THE STATE OF NEW SOUTH WALES INDONESIA CONGREGATION HURSTVILLE,Industry - Minister of Religion,20-May-2024,19-May-2029
PORT STEPHENS VETERANS CITIZENS AGED CARE,Industry - Aged Care,20-May-2024,19-May-2029
DENTAL OUTREACH PTY LTD,South Australia Regional DAMA,21-May-2024,20-May-2029
Susanian Pty Ltd ATF The Dawson Family Trust,South West DAMA,21-May-2024,20-May-2029
O'Connor Contracting Pty Ltd,Company Specific,21-May-2024,20-May-2029
Anglican Aged Care Services Group,Industry - Aged Care,21-May-2024,20-May-2029
KONECRANES AND DEMAG PTY LTD,Company Specific,21-May-2024,20-May-2029
AMAZING GRACE COMMUNITY SERVICES PTY. LTD,Northern Territory DAMA,21-May-2024,20-May-2029
BRASH (NT) PTY LTD,Northern Territory DAMA,22-May-2024,21-May-2029
INFINIO R&D PTY LTD,Adelaide City Tech and Innovation DAMA,22-May-2024,21-May-2029
Bullo River Station,Northern Territory DAMA,22-May-2024,21-May-2029
Accor Australia & New Zealand Hospitality Pty Ltd,South West DAMA,22-May-2024,21-May-2029
RUBY PATRICIA PATMAN,Northern Territory DAMA,22-May-2024,21-May-2029
HAPPYTEL RETAIL GROUP PTY LTD,Northern Territory DAMA,22-May-2024,21-May-2029
ANT AC HR PTY LTD,Northern Territory DAMA,22-May-2024,21-May-2029
Q&Z Group Pty Ltd,Company Specific,24-May-2024,23-May-2029
ENABLE SOUTHWEST INC,South West DAMA,27-May-2024,26-May-2029
TRANSMETRO CORPORATION LIMITED,Northern Territory DAMA,27-May-2024,26-May-2029
CHLOE LAC PTY LTD,Northern Territory DAMA,27-May-2024,26-May-2029
SENWILL CIVIL PTY LTD,South Australia Regional DAMA,28-May-2024,27-May-2029
GLOBAL PIES PTY LTD,Northern Territory DAMA,29-May-2024,28-May-2029
The Trustee for the Udawatta Family Trust,Pilbara DAMA,29-May-2024,28-May-2029
SPOTLESS CAR DETAILING SERVICES PTY LTD,Pilbara DAMA,30-May-2024,29-May-2029
NARULA HOLDINGS PTY LTD,South West DAMA,31-May-2024,30-May-2029
Atta Farms Pty Ltd,Industry - Horticulture,31-May-2024,30-May-2029
ROSEDALE TERRACE PTY LTD,Industry - Dairy,31-May-2024,30-May-2029
LAKE HOUSE RETREAT PTY LTD,Industry – Premium Dining,31-May-2024,30-May-2029
ACRWORLD PTY LIMITED,Industry - On-Hire,31-May-2024,30-May-2029
City of Karratha,Pilbara DAMA,31-May-2024,30-May-2029
The Royce Aged Care Pty Ltd,Industry - Aged Care,31-May-2024,30-May-2029
SATTS PLANT HIRE & HAULAGE PTY LTD,Orana DAMA,31-May-2024,30-May-2029
NES FIRCROFT AUSTRALIA PTY LTD,Industry - On-Hire,31-May-2024,30-May-2029
ESTIA INVESTMENTS PTY. LTD.,Company Specific,31-May-2024,30-May-2029
ILLAWARRA DIGGERS AGED & COMMUNITY CARE LIMITED,Industry - Aged Care,31-May-2024,30-May-2029
THE LESTER PARTNERSHIP PTY LIMITED,Industry - On-Hire,31-May-2024,30-May-2029
ALLIANCE HEALTH SERVICES GROUP PTY LTD,Industry - On-Hire,31-May-2024,30-May-2029
AYERS MANAGEMENT PTY LTD,Industry - On-Hire,31-May-2024,30-May-2029
Apex Design Build Pty Ltd,Skilled Refugee Pilot,31-May-2024,30-May-2029
ON Q RECRUITMENT PTY LTD,Industry - On-Hire,31-May-2024,30-May-2029
CUTRI FRUIT TRUSCO PTY LTD,Industry - Horticulture,31-May-2024,30-May-2029
Julyardi Aboriginal Corporation,Pilbara DAMA,31-May-2024,30-May-2029
Sundale Holdings Pty Ltd,Industry - Dairy,31-May-2024,30-May-2029
D.E & S Culton,Industry - Dairy,31-May-2024,30-May-2029
Jallarah Homes Inc.,Industry - Aged Care,31-May-2024,30-May-2029
T.A.C. Haulage & Earthmoving (QLD) Pty Ltd,Skilled Refugee Pilot,31-May-2024,30-May-2029
GRILLAZ AUSTRALIA PTY LTD,South West DAMA,03-Jun-2024,02-Jun-2029
Hyde Park Management Limited,East Kimberley DAMA,03-Jun-2024,02-Jun-2029
YARRUM GROUP PTY LTD,Northern Territory DAMA,03-Jun-2024,02-Jun-2029
GECKKO BEACH PTY LTD,South West DAMA,03-Jun-2024,02-Jun-2029
S & R FEWSTER PTY LTD,East Kimberley DAMA,03-Jun-2024,02-Jun-2029
SEA DRAGON (NT) PTY LTD,Northern Territory DAMA,03-Jun-2024,02-Jun-2029
Kimberley Accommodation (West) Pty Ltd,East Kimberley DAMA,03-Jun-2024,02-Jun-2029
Jungurra Contracting Pty Ltd,Pilbara DAMA,03-Jun-2024,02-Jun-2029
Reid Stockfeeds Pty Ltd,Goulburn Valley DAMA,03-Jun-2024,02-Jun-2029
Lower Freshwater Investments Pty Ltd,Far North Queensland DAMA,03-Jun-2024,02-Jun-2029
SRI OM PTY LTD,Goulburn Valley DAMA,04-Jun-2024,03-Jun-2029
Mahad Pty Ltd,East Kimberley DAMA,04-Jun-2024,03-Jun-2029
CVPC PTY LTD,Company Specific,04-Jun-2024,03-Jun-2029
Bob's Shoe Store Retailing Pty Ltd,East Kimberley DAMA,04-Jun-2024,03-Jun-2029
DARWIN TRAILER BOAT CLUB INC,Northern Territory DAMA,04-Jun-2024,03-Jun-2029
MSM MILLING PTY LTD,Company Specific,04-Jun-2024,03-Jun-2029
NT HAPPY MANGOES PTY LTD,Northern Territory DAMA,04-Jun-2024,03-Jun-2029
Elliott Water Haulage Pty Ltd,Goldfields DAMA,04-Jun-2024,03-Jun-2029
MSJ FOOD PTY LTD,Pilbara DAMA,04-Jun-2024,03-Jun-2029
CREWE SHARP PTY LTD,Industry - On-Hire,04-Jun-2024,03-Jun-2029
BILLET ENGINEERING SERVICES PTY LTD,Goldfields DAMA,05-Jun-2024,04-Jun-2029
BODHI BUS PTY LTD,Northern Territory DAMA,05-Jun-2024,04-Jun-2029
Ryan McLean Constructions Pty Ltd,Townsville DAMA,05-Jun-2024,04-Jun-2029
Scots Kirk Hamilton,Industry - Minister of Religion,05-Jun-2024,04-Jun-2029
HEDLAND POSTAL DELIVERIES PTY LTD,Pilbara DAMA,05-Jun-2024,04-Jun-2029
K D I HOLDINGS PTY LTD,Northern Territory DAMA,05-Jun-2024,04-Jun-2029
Boab Refrigeration & Air Conditioning,East Kimberley DAMA,06-Jun-2024,05-Jun-2029
Pilbara Pressure Force Pty Ltd,Pilbara DAMA,06-Jun-2024,05-Jun-2029
MIRVONA DAIRIES PTY LIMITED,Industry - Dairy,06-Jun-2024,05-Jun-2029
"PHEENEY, MATTHEW",Northern Territory DAMA,06-Jun-2024,05-Jun-2029
Northern Hire Group Pty Ltd,Goulburn Valley DAMA,06-Jun-2024,05-Jun-2029
Little Nuggets Early Learning Centre Inc,East Kimberley DAMA,07-Jun-2024,06-Jun-2029
PERKS INDUSTRIES PTY LTD,East Kimberley DAMA,07-Jun-2024,06-Jun-2029
Altora Ag Services Pty Ltd,Goldfields DAMA,07-Jun-2024,06-Jun-2029
Northern Star Resources Ltd,Goldfields DAMA,11-Jun-2024,10-Jun-2029
PRIYADARSHINEE BABOOLALL,Northern Territory DAMA,11-Jun-2024,10-Jun-2029
BESTBAR PTY LTD,Northern Territory DAMA,11-Jun-2024,10-Jun-2029
T & H Russell Investments Pty Ltd,Pilbara DAMA,11-Jun-2024,10-Jun-2029
TMP TRANSPORT & FARMS PTY LTD,Northern Territory DAMA,11-Jun-2024,10-Jun-2029
Regency Jewellers (Qld) Pty Ltd as the Trustee for Regency Jewellers Trust,Far North Queensland DAMA,11-Jun-2024,10-Jun-2029
Pilbara Physiotherapy Pty Ltd,Pilbara DAMA,11-Jun-2024,10-Jun-2029
Kalgoorlie Consolidated Gold Mines Pty Ltd,Goldfields DAMA,11-Jun-2024,10-Jun-2029
FAST EATS PTY LTD,East Kimberley DAMA,11-Jun-2024,10-Jun-2029
SS & GA Pty Ltd,Northern Territory DAMA,11-Jun-2024,10-Jun-2029
EFUS FOOD & CATERING SERVICES PTY LTD,Northern Territory DAMA,11-Jun-2024,10-Jun-2029
Revive Beauty and Wellness Spa,Pilbara DAMA,12-Jun-2024,11-Jun-2029
Ord Irrigation Co-operative Ltd,East Kimberley DAMA,12-Jun-2024,11-Jun-2029
ARPAD ELDERLY WELFARE SOCIETY INC,Company Specific,12-Jun-2024,11-Jun-2029
The Trustee for Anutara-Angul Carabio Trust,Northern Territory DAMA,12-Jun-2024,11-Jun-2029
CCY (NT) PTY LTD,Northern Territory DAMA,12-Jun-2024,11-Jun-2029
Zanzoo Tiling Pty Ltd,Far North Queensland DAMA,12-Jun-2024,11-Jun-2029
Wunan Foundation Inc.,East Kimberley DAMA,12-Jun-2024,11-Jun-2029
The Trustee for NT Medical Specialist Trust,Northern Territory DAMA,12-Jun-2024,11-Jun-2029
KURUNDI STATION PTY LTD,Northern Territory DAMA,12-Jun-2024,11-Jun-2029
KHEMARA UTTARARANGSI BUDDHIST TEMPLE OF NT INCORPORATED,Industry - Minister of Religion,13-Jun-2024,12-Jun-2029
DART LASER EMPLOYEE PTY LTD,Company Specific,14-Jun-2024,13-Jun-2029
Down South Therapy Services Pty Ltd,Company Specific,14-Jun-2024,13-Jun-2029
TAMARUA PASTORAL CO PTY LTD,Industry - Horticulture,14-Jun-2024,13-Jun-2029
Marina Point Pty Ltd,Far North Queensland DAMA,14-Jun-2024,13-Jun-2029
DAC Enterprises Pty Ltd,Northern Territory DAMA,14-Jun-2024,13-Jun-2029
Terminus Street Pty Ltd,Far North Queensland DAMA,14-Jun-2024,13-Jun-2029
Warrina Lease Co Pty Ltd,Townsville DAMA,14-Jun-2024,13-Jun-2029
NAUTILUS ORTHOPAEDICS PTY LTD,Northern Territory DAMA,14-Jun-2024,13-Jun-2029
Nizomat Pty Ltd,East Kimberley DAMA,14-Jun-2024,13-Jun-2029
CENTRAL FOUNDRY PTY LTD,Company Specific,14-Jun-2024,13-Jun-2029
Surfmet Pty Ltd,East Kimberley DAMA,17-Jun-2024,16-Jun-2029
Mr Bean Catering Pty Ltd,Northern Territory DAMA,17-Jun-2024,16-Jun-2029
Garrett Hospitality Pty Ltd,East Kimberley DAMA,17-Jun-2024,16-Jun-2029
Major Personnel Services Pty Ltd,Far North Queensland DAMA,17-Jun-2024,16-Jun-2029
SEASHELLS RESORT BROOME PTY LTD,East Kimberley DAMA,17-Jun-2024,16-Jun-2029
AQUATIC CULTURE PTY LTD,Far North Queensland DAMA,18-Jun-2024,17-Jun-2029
Harlin Nominees Pty Ltd & Moonlite NT Pty Ltd,Northern Territory DAMA,18-Jun-2024,17-Jun-2029
BLIMEY CHARLIE PTY LTD,Northern Territory DAMA,18-Jun-2024,17-Jun-2029
Magnetic Island Micro Brewery,Townsville DAMA,18-Jun-2024,17-Jun-2029
Hemingway's Brewery FNQ Pty Ltd,Far North Queensland DAMA,18-Jun-2024,17-Jun-2029
Harvest Workers Pty Ltd,Industry - Horticulture,18-Jun-2024,17-Jun-2029
H Randhawa & P Randhawa,Far North Queensland DAMA,18-Jun-2024,17-Jun-2029
CARERS N.T. LIMITED,Northern Territory DAMA,18-Jun-2024,17-Jun-2029
Vegie Bandits PTY Ltd,Skilled Refugee Pilot,18-Jun-2024,17-Jun-2029
CHEZ ICHIBAN PTY LTD,Far North Queensland DAMA,18-Jun-2024,17-Jun-2029
THE KALCULATORS IP PTY LTD,South Australia Regional DAMA,19-Jun-2024,18-Jun-2029
Superior Food Group Pty Ltd,Pilbara DAMA,19-Jun-2024,18-Jun-2029
Ozcare,Far North Queensland DAMA,19-Jun-2024,19-Jun-2029
DJ & JE Bowler,Industry - Dairy,19-Jun-2024,18-Jun-2029
CAPEWELL PTY LTD,Goldfields DAMA,16-Oct-2024,15-Oct-2029
DECC PTY LTD,Orana DAMA,16-Oct-2024,15-Oct-2029
Mitech Engineering Services Pty Ltd,Industry - Dairy,15-Oct-2024,14-Oct-2029
Global Growth Solutions Pty Ltd,Pilbara DAMA,15-Jul-2024,14-Jul-2029
GENERAL EXCAVATORS PTY. LIMITED,Northern Territory DAMA,15-Oct-2024,14-Oct-2029
CAPTA GROUP PTY LTD,Far North Queensland DAMA,15-Oct-2024,14-Oct-2029
JAG CENTRAL WEST TRANSPORT PTY LTD,Orana DAMA,15-Oct-2024,14-Oct-2029
PACIFIC MEAT SALES PTY LTD,Industry - Meat,14-Oct-2024,13-Oct-2029
Peel Resource Recovery Pty Ltd,South West DAMA,25-Jun-2024,24-Jun-2029
SERBIAN COMMUNITY WELFARE ASSOCIATION OF SA INC,Industry - Aged Care,12-Sep-2024,11-Sep-2029
SEEN CARE PROVIDER PTY LTD,Company Specific,19-Jul-2024,18-Jul-2029
La Anchor Pty Ltd,South West DAMA,09-Oct-2024,08-Oct-2029
AUTO-CARE PANEL WORKS PTY LIMITED,Northern Territory DAMA,14-Oct-2024,13-Oct-2029
Three Tree Lodge Lithgow Limited,Industry - Aged Care,17-Sep-2024,16-Sep-2029
ADERMINA PTY LTD,Far North Queensland DAMA,18-Jul-2024,17-Jul-2029
VALLEY PACK PTY LTD,Goulburn Valley DAMA,08-Oct-2024,07-Oct-2029
BHUPINDER S & JASWINDER S TAKHAR,South Australia Regional DAMA,14-Oct-2024,13-Oct-2029
ICARE YOUTH AND COMMUNITY SERVICES PTY LTD,Northern Territory DAMA,21-Aug-2024,20-Aug-2029
ABU CARE SERVICES PTY LTD,South Australia Regional DAMA,11-Sep-2024,10-Sep-2029
Brisbane Cantonese Christian Church Incorporated,Industry - Minister of Religion,10-Oct-2024,09-Oct-2029
Cranbrook Care (Bella Vista Gardens) Pty Ltd,Industry - Aged Care,03-Sep-2024,02-Sep-2029
LOHGARH ENTERPRISE PTY LTD,Industry - Horticulture,26-Jun-2024,25-Jun-2029
TEAM GLOBAL EXPRESS PTY LTD,Townsville DAMA,15-Jul-2024,14-Jul-2029
ACCOR AUSTRALIA & NEW ZEALAND HOSPITALITY PTY LIMITED,Far North Queensland DAMA,08-Jul-2024,07-Jul-2029
WC VENTURES PTY LIMITED,Orana DAMA,25-Sep-2024,24-Sep-2029
CUSTOM WINE MAKING PTY LTD,South West DAMA,23-Aug-2024,22-Aug-2029
Brett Cattle Company Pty Ltd,Northern Territory DAMA,09-Oct-2024,08-Oct-2029
Metro Care SA Pvt Ltd,South Australia Regional DAMA,09-Aug-2024,08-Aug-2029
CAUDURO MANAGEMENT PTY LTD,Orana DAMA,09-Sep-2024,08-Sep-2029
DALWOOD NURSERY PTY LTD,Industry - Horticulture,26-Jul-2024,25-Jul-2029
NORTHERN TERRITORY OF AUSTRALIA,Northern Territory DAMA,23-Sep-2024,22-Sep-2029
T & M Canale Farms Pty Ltd,Industry - Horticulture,17-Sep-2024,16-Sep-2029
G D & L J O'Brien,Industry - Horticulture,05-Aug-2024,04-Aug-2029
MELBOURNE CITY INSTITUTE PTY LTD,Adelaide City Tech and Innovation DAMA,09-Oct-2024,08-Oct-2029
ML CROWSTON PTY LTD,South Australia Regional DAMA,23-Sep-2024,22-Sep-2029
PACIFIC OCEAN RANCH PTY LTD,Industry - Fishing,06-Sep-2024,05-Sep-2029
Keller Pty Ltd,GTS - Established business,27-Sep-2024,26-Sep-2029
Hedland Harbour Industries Pty Ltd,Pilbara DAMA,24-Sep-2024,23-Sep-2029
Samadhi Sathkara Incorporated,Industry - Minister of Religion,27-Sep-2024,26-Sep-2029
ANM BUSINESS SERVICES PTY LTD,Goulburn Valley DAMA,28-Jun-2024,27-Jun-2029
AL JANNAH DA'WAH CENTRE,Industry - Minister of Religion,04-Oct-2024,03-Oct-2029
R S & G SINGH PTY LTD,Far North Queensland DAMA,22-Jul-2024,21-Jul-2029
Kimberley Care Group Pty Ltd,East Kimberley DAMA,27-Sep-2024,26-Sep-2029
J.M MCFADDEN & B.J NEILSON,East Kimberley DAMA,15-Jul-2024,14-Jul-2029
Xanadu Wines Pty Ltd,South West DAMA,16-Aug-2024,15-Aug-2029
Quinn Trading Pty Ltd,Northern Territory DAMA,13-Sep-2024,12-Sep-2029
TOWNSVILLE MARINE PTY LTD,Townsville DAMA,30-Aug-2024,29-Aug-2029
TERRITORY CARE PTY LTD,Northern Territory DAMA,26-Jun-2024,25-Jun-2029
Sailing Whitsundays Pty Ltd,Far North Queensland DAMA,10-Jul-2024,09-Jul-2029
Presbyterian Church of Australia in the State of NSW Parish of Murray,Industry - Minister of Religion,14-Oct-2024,13-Oct-2029
QUARTERMAINE PTY LTD,Far North Queensland DAMA,21-Jun-2024,20-Jun-2029
Reidy's Bananas Pty Ltd,Far North Queensland DAMA,28-Jun-2024,27-Jun-2029
G.G SPENA & S.E SPENA,Far North Queensland DAMA,09-Aug-2024,08-Aug-2029
YAMBUNA DOWNS PTY LTD,Industry - Dairy,25-Jun-2024,24-Jun-2029
AGRI WORKFORCE SOLUTIONS PTY LTD,Industry - On-Hire,16-Aug-2024,15-Aug-2029
Brahma Kumaris Centres for Spiritual Learning,Industry - Minister of Religion,04-Oct-2024,03-Oct-2029
Territory Traffic Management PTY LTD,Northern Territory DAMA,23-Jul-2024,22-Jul-2029
Cropline Group Pty Ltd,Pilbara DAMA,08-Oct-2024,07-Oct-2029
THE HINDU SOCIETY OF VICTORIA (AUSTRALIA) INC,Industry - Minister of Religion,27-Sep-2024,26-Sep-2029
AUSTRALIA AGRICULTURAL INVESTMENT GROUP PTY LTD,South Australia Regional DAMA,19-Aug-2024,18-Aug-2029
DALMORE DAIRY PTY LTD,Industry - Dairy,02-Aug-2024,01-Aug-2029
Pist4cchi,Far North Queensland DAMA,24-Jun-2024,23-Jun-2029
AUSTRALIAN QUALITY EXPORTERS PTY LTD,Northern Territory DAMA,28-Jun-2024,27-Jun-2029
PULSONI ORCHARDS PTY LTD,Goulburn Valley DAMA,25-Jun-2024,24-Jun-2029
All States Towing & Salvage Pty Ltd,Orana DAMA,01-Oct-2024,30-Sep-2029
ROBERT WALTERS PTY LTD,Industry - On-Hire,24-Jun-2024,23-Jun-2029
Hillarie Pty Ltd,Northern Territory DAMA,20-Aug-2024,19-Aug-2029
Luna and Co Cafe,Northern Territory DAMA,18-Jul-2024,17-Jul-2029
Il Chiosco Pty Ltd,Far North Queensland DAMA,05-Aug-2024,04-Aug-2029
Insight Early Learning Darwin Pty Ltd,Northern Territory DAMA,24-Sep-2024,23-Sep-2029
Essential Labour Solutions Pty Ltd,Industry - On-Hire,29-Jul-2024,28-Jul-2029
ESBJORN CO PTY LTD,Industry - Fishing,12-Sep-2024,11-Sep-2029
PEDN MORRIS PTY LTD,Industry - On-Hire,27-Aug-2024,26-Aug-2029
H Randhawa & P Randhawa,Industry - Horticulture,28-Jun-2024,27-Jun-2029
DAMDAY PTY LTD,Northern Territory DAMA,25-Sep-2024,24-Sep-2029
TEKTON SOLUTIONS PTY LTD,South Australia Regional DAMA,14-Aug-2024,13-Aug-2029
T. R. SAMUELS TRANSPORT PTY LIMITED,Skilled Refugee Pilot,25-Jul-2024,24-Jul-2029
Hola Support Services,South Australia Regional DAMA,10-Jul-2024,09-Jul-2029
Southern Barn Pty Ltd,South Australia Regional DAMA,05-Sep-2024,04-Sep-2029
RNK ZEALOT PTY LTD,Great South Coast DAMA,30-Aug-2024,29-Aug-2029
JUSREN HOLDINGS PTY LTD,East Kimberley DAMA,11-Jul-2024,10-Jul-2029
JYOTHI PTY LTD,South West DAMA,06-Aug-2024,05-Aug-2029
Summit Bakehouse Pty Ltd,Northern Territory DAMA,16-Aug-2024,15-Aug-2029
PRIMA FRESHPAK PTY LTD,Goulburn Valley DAMA,11-Jul-2024,10-Jul-2029
BOTTLES & CANS (WA) PTY LTD,Goldfields DAMA,27-Sep-2024,26-Sep-2029
MAHAMEVNAWA BUDDHIST MEDITATION CENTRE ADELAIDE LTD,Industry - Minister of Religion,12-Sep-2024,11-Sep-2029
PearlRestaurants Pty Ltd,East Kimberley DAMA,06-Aug-2024,05-Aug-2029
CHAMBERS TRADE SERVICES PTY LTD,Northern Territory DAMA,09-Sep-2024,08-Sep-2029
VISNA T MANAGEMENT PTY LTD,Industry - On-Hire,22-Aug-2024,21-Aug-2029
Daisy Child Care Pty Ltd,South West DAMA,06-Aug-2024,05-Aug-2029
Kimoh Ent Pty Ltd,Far North Queensland DAMA,26-Jun-2024,25-Jun-2029
HROMEK PTY LTD,Townsville DAMA,23-Jul-2024,22-Jul-2029
Trayhern Family Investments Pty Ltd,Northern Territory DAMA,09-Aug-2024,08-Aug-2029
RJ & JM Riddell Pty Ltd,Industry - Horticulture,26-Aug-2024,25-Aug-2029
Earlville Trading Pty Ltd,Far North Queensland DAMA,19-Jul-2024,18-Jul-2029
INDEPENDENT CHOICE CONTROL (ICC) PTY LTD,Northern Territory DAMA,21-Aug-2024,20-Aug-2029
Jay Ambe Aus Pty Ltd,Far North Queensland DAMA,19-Jul-2024,18-Jul-2029
Knight Fuel Pty Ltd,Townsville DAMA,30-Jul-2024,29-Jul-2029
Hair Obsession Nightcliff Pty Ltd,Northern Territory DAMA,05-Sep-2024,04-Sep-2029
QUBE ENERGY PTY LTD,Northern Territory DAMA,22-Jul-2024,21-Jul-2029
HOURIGAN DAIRY COMPANY PTY LTD,Industry - Dairy,28-Jun-2024,27-Jun-2029
MDM (WA) Pty Ltd,Pilbara DAMA,30-Jul-2024,29-Jul-2029
Murray Mallee Aged Care Group Inc.,South Australia Regional DAMA,18-Jul-2024,17-Jul-2029
Infinite Ability Pty Ltd,Company Specific,05-Sep-2024,04-Sep-2029
Australian Wildflowers Pty Ltd,Company Specific,02-Aug-2024,01-Aug-2029
VYNBAN PTY LTD,Industry - Fishing,21-Jun-2024,20-Jun-2029
THE TRUSTEE FOR JANEFIELD TRUST,Industry - Dairy,04-Oct-2024,03-Oct-2029
THE SALVATION ARMY (NEW SOUTH WALES) PROPERTY TRUST,Far North Queensland DAMA,20-Jun-2024,19-Jun-2029
MGW Engineering Pty Ltd,Orana DAMA,19-Jul-2024,18-Jul-2029
RETAINING SPECIALISTS PTY LIMITED,Company Specific,03-Jul-2024,02-Jul-2029
TEHGO PTY LTD,Northern Territory DAMA,18-Jul-2024,17-Jul-2029
FLUTES AND FLUTISTS PTY LTD,Company Specific,20-Sep-2024,19-Sep-2029
Way Of Humanity Pty Ltd,Company Specific,08-Jul-2024,07-Jul-2029
Mehar Admella Pty Ltd,Great South Coast DAMA,24-Jun-2024,23-Jun-2029
EMU MOOS PTY LTD,Industry - Dairy,23-Jul-2024,22-Jul-2029
Darwin Railway Sports & Social Club Inc,Northern Territory DAMA,30-Sep-2024,29-Sep-2029
SOUTHERN CROSS CARE (NSW & ACT) LIMITED,Industry - Aged Care,10-Sep-2024,09-Sep-2029
PROCLOZ PTY LTD,Industry - On-Hire,27-Aug-2024,26-Aug-2029
STELLARIS CONSULTING AUSTRALIA PTY LTD,Industry - On-Hire,17-Sep-2024,16-Sep-2029
THE TRUSTEE FOR SINGH & SHETRA FAMILY TRUST,Industry - Horticulture,04-Oct-2024,03-Oct-2029
2REALIT PTY LTD,Industry - Aged Care,17-Sep-2024,16-Sep-2029
STEPHEN G & KERRYANNE ALLMAN,Industry - Dairy,16-Aug-2024,15-Aug-2029
The Trustee For Talangi Trust,South Australia Regional DAMA,23-Sep-2024,22-Sep-2029
Harvest Pub Operations Pty Ltd,Orana DAMA,30-Aug-2024,29-Aug-2029
WOOMBYE CARE INC,Industry - Aged Care,18-Jul-2024,17-Jul-2029
TERRITORY HEALTH AND SUPPORT PTY LTD,Northern Territory DAMA,09-Oct-2024,08-Oct-2029
PRIMA FRESH ORCHARDS & COOLSTORES PTY LTD,Goulburn Valley DAMA,02-Jul-2024,01-Jul-2029
Old Bill's Food and Beverage Pty Ltd,Great South Coast DAMA,30-Aug-2024,29-Aug-2029
Modern Bricklaying Development Pty Ltd,Skilled Refugee Pilot,12-Jul-2024,11-Jul-2029
Mano Wraps Pty Ltd,South West DAMA,08-Aug-2024,07-Aug-2029
SERENE COUNTRY LIVING PTY LTD,South Australia Regional DAMA,03-Sep-2024,02-Sep-2029
Noosacare Inc.,Industry - Aged Care,27-Aug-2024,26-Aug-2029
Kairos Care Pty Ltd,Industry - Aged Care,12-Sep-2024,11-Sep-2029
Joy Methodist Church Inc.,Industry - Minister of Religion,24-Sep-2024,23-Sep-2029
MINYA BUNHII INCORPORATED,South Australia Regional DAMA,23-Sep-2024,22-Sep-2029
ERIZON PTY LTD,Industry - Horticulture,08-Jul-2024,07-Jul-2029
Lucaston Park Orchards Pty Ltd,Industry - Horticulture,01-Aug-2024,31-Jul-2029
HUNTER BIBLE CHURCH ASSOCIATION INC,Industry - Minister of Religion,27-Sep-2024,26-Sep-2029
AVS PRODUCTIONS (AUSTRALASIA),Industry - Minister of Religion,12-Sep-2024,11-Sep-2029
Saltbush Pastoral Services Pty Ltd,South Australia Regional DAMA,30-Aug-2024,29-Aug-2029
Equans Axima Australia Pty Ltd,South Australia Regional DAMA,17-Sep-2024,16-Sep-2029
INDONESIAN FAMILY CHURCH,Industry - Minister of Religion,11-Oct-2024,10-Oct-2029
HJK Farms Pty Ltd,South Australia Regional DAMA,12-Aug-2024,11-Aug-2029
Northern Adelaide Waste Management Authority,South Australia Regional DAMA,11-Sep-2024,10-Sep-2029
GLOBAL CONTRACTOR MANAGEMENT SOLUTIONS,Industry - On-Hire,04-Oct-2024,03-Oct-2029
MQE GROUP Pty Ltd,Orana DAMA,12-Sep-2024,11-Sep-2029
Port Gawler Produce Pty Ltd,South Australia Regional DAMA,30-Sep-2024,29-Sep-2029
HAPPY HIPPO CHILDCARE LB PTY LTD,Company Specific,19-Jul-2024,18-Jul-2029
Adam Peter Gilbert,Far North Queensland DAMA,05-Jul-2024,04-Jul-2029
SKY FUELS PTY LTD,South Australia Regional DAMA,06-Sep-2024,05-Sep-2029
ABORIGINAL ELDERS & COMMUNITY CARE SERVICES INC,South Australia Regional DAMA,30-Aug-2024,29-Aug-2029
NSK Pizza Group Pty Ltd,Goulburn Valley DAMA,20-Jun-2024,19-Jun-2029
ESTIA INVESTMENTS PTY. LTD.,Skilled Refugee Pilot,30-Sep-2024,29-Sep-2029
SINGH ARIK PTY LTD,South Australia Regional DAMA,06-Sep-2024,05-Sep-2029
SRSG PTY LTD,South Australia Regional DAMA,01-Aug-2024,31-Jul-2029
The Trustee for JRL Pace Trust,Northern Territory DAMA,19-Jul-2024,18-Jul-2029
The Trustee for THE T J S CRIMP TRUST,Industry - Dairy,20-Aug-2024,19-Aug-2029
CENTURY AUTO GROUP PTY LTD,Goulburn Valley DAMA,09-Oct-2024,08-Oct-2029
BAROSSA VILLAGE INC,South Australia Regional DAMA,09-Sep-2024,08-Sep-2029
Category 5 Labour Management (VSA) Pty Ltd,Pilbara DAMA,11-Jul-2024,10-Jul-2029
ALICE FASHION PTY. LTD.,Northern Territory DAMA,09-Sep-2024,08-Sep-2029
ROCK & K AUTOMOTIVE PTY LTD,Goulburn Valley DAMA,07-Oct-2024,06-Oct-2029
VLI Conveyors Pty Limited,Goldfields DAMA,03-Sep-2024,02-Sep-2029
Serco Australia Pty Limited,GTS - Established business,09-Oct-2024,08-Oct-2029
AURRUM PTY. LIMITED,Company Specific,02-Jul-2024,01-Jul-2029
G & I Enterprises Pty Ltd,Goulburn Valley DAMA,28-Jun-2024,27-Jun-2029
SD HARVESTING PTY LTD,Townsville DAMA,19-Jul-2024,18-Jul-2029
OJI FIBRE SOLUTIONS (AUS) PTY LTD,Far North Queensland DAMA,15-Jul-2024,14-Jul-2029
GURU BROTHERS FOOD AND LIQUOR MERCHANT PTY LTD,Pilbara DAMA,25-Jun-2024,24-Jun-2029
iExcel Support Pty Ltd,Far North Queensland DAMA,25-Sep-2024,24-Sep-2029
SHARK BAY SEAFOODS PTY LTD,Industry - Fishing,19-Aug-2024,18-Aug-2029
Wong Brothers Investments Pty Ltd,Townsville DAMA,10-Oct-2024,09-Oct-2029
MILLS CORPORATION PTY LTD,Industry - On-Hire,17-Sep-2024,16-Sep-2029
MCMAHON FAMILY ENTERPRISES PTY LTD,South Australia Regional DAMA,13-Sep-2024,12-Sep-2029
Cowabunga Drinks Pty Ltd,South West DAMA,24-Jun-2024,23-Jun-2029
Bayswater Gardens Pty Ltd,Industry - Aged Care,03-Sep-2024,02-Sep-2029
SAMEAL PTY LTD,South Australia Regional DAMA,01-Oct-2024,30-Sep-2029
COUNTRY VIEW DAIRY PTY LTD,Industry - Dairy,12-Jul-2024,11-Jul-2029
Bay of Isles Community Outreach Inc.,Goldfields DAMA,03-Sep-2024,02-Sep-2029
AP Skye Pty Ltd,South Australia Regional DAMA,16-Aug-2024,15-Aug-2029
CPR Group Australia Pty Ltd,Skilled Refugee Pilot,22-Jun-2024,21-Jun-2029
Bluewater Hotel Pty Ltd,Far North Queensland DAMA,03-Sep-2024,02-Sep-2029
CENTURY PRODUCTS (S.A.) PROPRIETARY LIMITED,Adelaide City Tech and Innovation DAMA,03-Sep-2024,02-Sep-2029
Junction 8 Pty Ltd,Northern Territory DAMA,28-Jun-2024,27-Jun-2029
NURSING SOLUTIONS GROUP PTY LTD,Industry - On-Hire,12-Sep-2024,11-Sep-2029
"JASPAL SINGH GHUMAN, NARINDER KAUR GHUMAN",Industry - Horticulture,28-Aug-2024,27-Aug-2029
DARWIN TUBULAR PRODUCTS PTY. LTD.,Northern Territory DAMA,25-Jun-2024,24-Jun-2029
NORTHLINE PARTNERSHIP,Northern Territory DAMA,20-Aug-2024,19-Aug-2029
A.M MURNANE & G.J RYAN,Industry - Dairy,07-Aug-2024,06-Aug-2029
CASUARINA FRESH FOOD PTY LTD,Northern Territory DAMA,23-Aug-2024,22-Aug-2029
MIDFIELD FOOD SERVICES PTY LTD,South Australia Regional DAMA,23-Sep-2024,22-Sep-2029
RJW Friend Fishing Pty Ltd,Industry - Fishing,22-Jun-2024,21-Jun-2029
NT INVESTA GROUP PTY LTD,Northern Territory DAMA,30-Aug-2024,29-Aug-2029
THICH TAM CORPORATION PTY LTD,South Australia Regional DAMA,10-Sep-2024,09-Sep-2029
Redondo Pty Ltd,Northern Territory DAMA,24-Sep-2024,23-Sep-2029
Nerada Services PTY LTD,Far North Queensland DAMA,18-Jul-2024,17-Jul-2029
888 Abalone Pty Ltd,Industry - Fishing,18-Jul-2024,17-Jul-2029
AVT RESOURCES PTY LTD,Industry - On-Hire,27-Aug-2024,26-Aug-2029
SKILLED LINEMARKING & TRAFFIC CONTROL PTY LTD,Northern Territory DAMA,14-Oct-2024,13-Oct-2029
P.M. & C.E. GRINTER PTY LTD,Industry - Dairy,28-Jun-2024,27-Jun-2029
PJ & NA STRAHAN PTY LTD,South West DAMA,26-Sep-2024,25-Sep-2029
The Cowandilla Christian and Missionary Alliance Church of South Australia Incorporated,Industry - Minister of Religion,10-Oct-2024,09-Oct-2029
Mount Isa Day Nursery and Kindergarten Inc,Townsville DAMA,04-Sep-2024,03-Sep-2029
RAROYA PTY LTD,Northern Territory DAMA,01-Oct-2024,30-Sep-2029
Bhatti Trucking Pty Ltd,Goulburn Valley DAMA,23-Aug-2024,22-Aug-2029
BSCL GROUP PTY LTD,Orana DAMA,23-Aug-2024,22-Aug-2029
Sovereign Resort Hotel Pty Ltd,Far North Queensland DAMA,27-Aug-2024,26-Aug-2029
Specialized Electrical Pty Ltd,Orana DAMA,31-Jul-2024,30-Jul-2029
CRUISER AUTO SERVICES PTY LTD,Northern Territory DAMA,10-Oct-2024,09-Oct-2029
CARE AND HOUSING PTY LTD,South Australia Regional DAMA,10-Sep-2024,09-Sep-2029
TRIPLE J RISING PTY LIMITED,Orana DAMA,28-Jun-2024,27-Jun-2029
KHEMARARANGSI BUDDHIST TEMPLE OF THE ACT INCORPORATED,Industry - Minister of Religion,15-Oct-2024,14-Oct-2029
HUNTER VALLEY CARE PTY. LIMITED,Industry - Aged Care,23-Sep-2024,22-Sep-2029
Jacob Family Group Pty Ltd,South West DAMA,10-Jul-2024,09-Jul-2029
Madoli Corporate Pty Limited,Townsville DAMA,10-Oct-2024,09-Oct-2029
Howard Park Wines Pty Ltd,South West DAMA,01-Oct-2024,30-Sep-2029
HAGFISH AUSTRALIA PTY LTD,Industry - Fishing,22-Jun-2024,21-Jun-2029
The Trustee for Gupta Family Trust,South Australia Regional DAMA,13-Sep-2024,12-Sep-2029
NAN HAI PU TUO TEMPLE OF AUSTRALIA INCORPORATED,Industry - Minister of Religion,09-Oct-2024,08-Oct-2029
HealthX Group Pty Ltd,Industry - On-Hire,21-Aug-2024,20-Aug-2029
CVN Pty Ltd,Pilbara DAMA,16-Aug-2024,15-Aug-2029
Allied Health Group (Aus) Pty Ltd,Industry - On-Hire,20-Aug-2024,19-Aug-2029
Gin Ricky Hospitality Pty Ltd,Industry – Premium Dining,02-Jul-2024,01-Jul-2029
AUSTRALIAN LEISURE AND HOSPITALITY GROUP PTY LIMITED,Northern Territory DAMA,01-Oct-2024,30-Sep-2029
SCOTCH & KODA PTY LTD,South West DAMA,10-Jul-2024,09-Jul-2029
CSIDE Cairns Pty Ltd,Far North Queensland DAMA,04-Oct-2024,03-Oct-2029
WEST WIMMERA HEALTH SERVICE,Industry - Aged Care,26-Jun-2024,25-Jun-2029
BRIMIN GROVE PTY. LTD. AND ROLMAC HEIGHTS PTY. LTD.,Industry - Dairy,19-Aug-2024,18-Aug-2029
MANGJA PTY LTD,Industry – Premium Dining,18-Jul-2024,17-Jul-2029
Apollo Bay Fishermen's Co-Operative Society LTD,Industry - Fishing,06-Jul-2024,05-Jul-2029
AEGIS AGED CARE STAFF PTY LTD,Industry - Aged Care,31-Jul-2024,30-Jul-2029
Western Health,Skilled Refugee Pilot,06-Jul-2024,05-Jul-2029
SJP AUTOMOTIVE PTY LTD,Northern Territory DAMA,22-Jul-2024,21-Jul-2029
Bettercare Direct Pty Ltd,South Australia Regional DAMA,16-Aug-2024,15-Aug-2029
CSH PTY LTD,Goldfields DAMA,06-Aug-2024,05-Aug-2029
BLUE HAT GROUP PTY LTD,Pilbara DAMA,16-Aug-2024,15-Aug-2029
Brown Dog Fishing Company Pty Ltd,Industry - Fishing,16-Aug-2024,15-Aug-2029
SOUTHERN FOREST LEISURE PTY LTD,South West DAMA,01-Aug-2024,31-Jul-2029
Voice Painting Pty Ltd,Skilled Refugee Pilot,23-Jul-2024,22-Jul-2029
Lizzio's Bananas Pty Ltd,Far North Queensland DAMA,24-Sep-2024,23-Sep-2029
Specialist Air Management Pty Ltd,South Australia Regional DAMA,11-Sep-2024,10-Sep-2029
Berry Sweet Strawberry Farm Pty Ltd,Industry - Horticulture,14-Aug-2024,13-Aug-2029
SWANCARE GROUP INC,Industry - Aged Care,10-Sep-2024,09-Sep-2029
JAPE FURNITURE PTY. LIMITED,Northern Territory DAMA,21-Aug-2024,20-Aug-2029
Gove Pizza Diner & Catering Pty Ltd,Northern Territory DAMA,11-Sep-2024,10-Sep-2029
ALBANIAN MOSLEM SOCIETY SHEPPARTON,Industry - Minister of Religion,08-Oct-2024,07-Oct-2029
Magni Pty Ltd,Far North Queensland DAMA,10-Jul-2024,09-Jul-2029
J ASHBY & S.E ASHBY,Industry - Dairy,21-Jun-2024,20-Jun-2029
FAMILY FRESH FARMS PTY LIMITED,Industry - Horticulture,25-Jul-2024,24-Jul-2029
Midline Holdings Pty Ltd,Goldfields DAMA,06-Jul-2024,05-Jul-2029
TYRE AND AUTO PTY LTD,South Australia Regional DAMA,14-Oct-2024,13-Oct-2029
Department of Health Qld,Townsville DAMA,23-Aug-2024,22-Aug-2029
CENTRAL AGRI GROUP PTY LTD,Industry - Meat,18-Jul-2024,17-Jul-2029
HELPING HAND AGED CARE INC,South Australia Regional DAMA,11-Sep-2024,10-Sep-2029
Earth-Trek Tipper & Plant Hire Pty Ltd,Skilled Refugee Pilot,23-Jul-2024,22-Jul-2029
McCarroll Motors Mudgee Pty Ltd,Orana DAMA,12-Sep-2024,11-Sep-2029
GURMAN & MANREET PTY LTD,Far North Queensland DAMA,14-Aug-2024,13-Aug-2029
FRASER AND JENKINSON PROPRIETARY LIMITED,Company Specific,28-Jun-2024,27-Jun-2029
Atlas Technology Services Australia Pty Ltd,Industry - On-Hire,06-Sep-2024,05-Sep-2029
Thompson Health Care Pty Ltd,Industry - Aged Care,25-Jun-2024,24-Jun-2029
AUTONOMY & ASSET MANAGEMENT GROUP PTY LTD,Industry - On-Hire,08-Aug-2024,07-Aug-2029
BC5 Pty ltd,South West DAMA,08-Aug-2024,07-Aug-2029
M.C. HERD PROPRIETARY LIMITED,Industry - Meat,08-Aug-2024,07-Aug-2029
LITTLE H OPERATIONS PTY LTD,South West DAMA,25-Sep-2024,24-Sep-2029
A.L CLUNE & T.R CLUNE,Industry - Dairy,18-Jul-2024,17-Jul-2029
KECH Pty Ltd,Far North Queensland DAMA,03-Sep-2024,02-Sep-2029
ASMITA FOUNDATION PTY LTD,Pilbara DAMA,24-Jul-2024,23-Jul-2029
BETA COOLALINGA BUTCHERS PTY LTD,Northern Territory DAMA,07-Aug-2024,06-Aug-2029
Cranbrook Care (William Cape Gardens) Pty Ltd,Industry - Aged Care,03-Sep-2024,02-Sep-2029
Espyard Pty Ltd,Far North Queensland DAMA,19-Jul-2024,18-Jul-2029
OverEdge Pty Ltd,Townsville DAMA,03-Sep-2024,02-Sep-2029
Top Stars Wrecking Pty Ltd,Skilled Refugee Pilot,10-Sep-2024,09-Sep-2029
Wolfred Pty Limited,Goldfields DAMA,19-Sep-2024,18-Sep-2029
JO'S CURRY HOUSE PTY LTD,South West DAMA,31-Aug-2024,30-Aug-2029
Cygnet Bay Sales Pty Ltd,East Kimberley DAMA,09-Oct-2024,08-Oct-2029
BEST WAY SCRAP METAL PTY. LTD.,Skilled Refugee Pilot,06-Aug-2024,05-Aug-2029
RAGU & CO PTY LTD,South Australia Regional DAMA,17-Sep-2024,16-Sep-2029
THE TRUSTEES FOR EMPROS TRUST & THE THAROS TRUST,South Australia Regional DAMA,23-Sep-2024,22-Sep-2029
HUDSON APARTMENT HOTELS PTY LTD,Northern Territory DAMA,11-Sep-2024,10-Sep-2029
Orange ELC Pty Ltd,Orana DAMA,10-Sep-2024,09-Sep-2029
DENTIST AT HEALTHLINK PTY LTD,Townsville DAMA,17-Sep-2024,16-Sep-2029
Foodz Pty Ltd,Far North Queensland DAMA,27-Jun-2024,26-Jun-2029
Authentic Japanese Noodles (Gouger Street) PTY LTD,South Australia Regional DAMA,04-Oct-2024,03-Oct-2029
Daily Life Supports Pty Ltd,Far North Queensland DAMA,20-Aug-2024,19-Aug-2029
Dee Vine Estate Pty Ltd,Industry - Horticulture,29-Jul-2024,28-Jul-2029
"SINGH, HARWINDER",Far North Queensland DAMA,14-Oct-2024,13-Oct-2029
South East Conveyors Pty. Ltd.,Company Specific,26-Jul-2024,25-Jul-2029
SYESUN PTY LTD,Industry - Horticulture,05-Jul-2024,04-Jul-2029
BRENDAN O'BRIEN AND TANIA O'BRIEN AS TRUSTEES FOR O'BRIEN FAMILY TRUST,Industry - Dairy,01-Aug-2024,31-Jul-2029
LAMDENI SCHOOL INC,Company Specific,22-Aug-2024,21-Aug-2029
BLANCO HORNER PTY LTD,Industry – Premium Dining,01-Aug-2024,31-Jul-2029
CACHET HOLDINGS PTY LTD,East Kimberley DAMA,01-Aug-2024,31-Jul-2029
Edgarley Home Inc.,Industry - Aged Care,06-Jul-2024,05-Jul-2029
J Humphris & Co,Industry - Horticulture,28-Jun-2024,27-Jun-2029
Bayside Group Pty Ltd,Industry - On-Hire,31-Jul-2024,30-Jul-2029
Sniper Fishing Pty Ltd,Industry - Fishing,12-Sep-2024,11-Sep-2029
SOUTHGATE PAEDIATRIC PTY LTD,South Australia Regional DAMA,16-Aug-2024,15-Aug-2029
ADP PTY LTD,South Australia Regional DAMA,14-Oct-2024,13-Oct-2029
RESICARE SA PTY LTD,South Australia Regional DAMA,06-Aug-2024,05-Aug-2029
Avec Global Pty Limited,Industry - On-Hire,31-Jul-2024,30-Jul-2029
TWINVIEW HEALTH PTY LTD,South Australia Regional DAMA,14-Aug-2024,13-Aug-2029
MARCOS YAGO RODRIGUES SAHADE,South Australia Regional DAMA,21-Aug-2024,20-Aug-2029
Karratha Baptist Church,Industry - Minister of Religion,23-Sep-2024,22-Sep-2029
DEPARTMENT OF DEFENCE ARMY & AIR FORCE CANTEEN SERVICE,Northern Territory DAMA,30-Aug-2024,29-Aug-2029
ORIGIN FAMILY PTY LTD,South West DAMA,19-Jul-2024,18-Jul-2029
Sava Foods Pty Ltd,Goulburn Valley DAMA,19-Jul-2024,18-Jul-2029
DARWIN FIBREGLASS PTY LTD,Northern Territory DAMA,09-Oct-2024,08-Oct-2029
Erldunda Desert Oaks Resort Pty Ltd,Northern Territory DAMA,21-Jun-2024,20-Jun-2029
TOPDRILL Training Pty Ltd,Goldfields DAMA,05-Aug-2024,04-Aug-2029
J HIBBERSON & J.L HIBBERSON,Industry - Dairy,01-Jul-2024,30-Jun-2029
Essential Air Solutions Pty Ltd,Far North Queensland DAMA,12-Sep-2024,11-Sep-2029
COASTWIDE EXPRESS PTY LTD,Goulburn Valley DAMA,25-Jun-2024,24-Jun-2029
DAINTREE FRESH PTY LTD,Far North Queensland DAMA,24-Jun-2024,23-Jun-2029
Shah Motel Pty Ltd,Orana DAMA,29-Jul-2024,28-Jul-2029
PROTEN PTY LIMITED,Company Specific,11-Sep-2024,10-Sep-2029
Chapman Brook Pty Ltd,Industry - Dairy,08-Jul-2024,07-Jul-2029
BLUE SKIES FISHING CO. PTY LTD ATF THE DOYLE FAMILY TRUST,Industry - Fishing,25-Jul-2024,24-Jul-2029
DERBY INDUSTRIES PTY LTD,Industry - Pork,02-Aug-2024,01-Aug-2029
Story House Management Pty Ltd,Great South Coast DAMA,23-Aug-2024,22-Aug-2029
EVOLUTION SAILS AUSTRALIA PTY LTD,Company Specific,26-Jul-2024,25-Jul-2029
Aspire Together Pty Ltd,Company Specific,03-Jul-2024,02-Jul-2029
RICHEY FISHING CO PTY LTD,Industry - Fishing,23-Jul-2024,22-Jul-2029
PILCA PTY LTD,Industry - Horticulture,06-Jul-2024,05-Jul-2029
HILLEROD PTY LTD,South West DAMA,09-Oct-2024,08-Oct-2029
"AR BEARD, LW BEARD, AJ BIDMADE & SL BIDMADE",Industry - Dairy,24-Jun-2024,23-Jun-2029
DYAL & BANANA COMPANY PTY LTD,Far North Queensland DAMA,02-Jul-2024,01-Jul-2029
ELDRIDGE FRESH ORGANICS PTY LTD,South Australia Regional DAMA,24-Sep-2024,23-Sep-2029
UMNT Incorporated,Industry - Minister of Religion,05-Aug-2024,04-Aug-2029
T. Eilbeck & Son Pty Ltd,Pilbara DAMA,24-Jun-2024,23-Jun-2029
RANDEEP SINGH SAHOTA AND PARVEEN GILL,Far North Queensland DAMA,26-Jul-2024,25-Jul-2029
Jammu Breweries Pty Ltd,South West DAMA,08-Oct-2024,07-Oct-2029
JANABAR PTY LTD,East Kimberley DAMA,10-Jul-2024,09-Jul-2029
OCEAN PARK MINISTRY INCORPORATED,Industry - Minister of Religion,09-Oct-2024,08-Oct-2029
PRISTINE OYSTER FARM PTY LTD,South Australia Regional DAMA,01-Oct-2024,30-Sep-2029
Spirit of Eagle Bay Pty Ltd,South West DAMA,04-Jul-2024,03-Jul-2029
Clovelly Tasmania Pty Ltd,Industry - Dairy,10-Jul-2024,09-Jul-2029
PRETLOVE FARM INVESTMENTS PTY LTD,East Kimberley DAMA,23-Jul-2024,22-Jul-2029
DUBBO ENT PTY LTD,Orana DAMA,10-Jul-2024,09-Jul-2029
SEIRATAR PTY LIMITED,Northern Territory DAMA,07-Oct-2024,06-Oct-2029
DPG SERVICES PTY LTD,South West DAMA,25-Jul-2024,24-Jul-2029
GAVAL COMMUNITY SERVICES PTY LTD,South Australia Regional DAMA,09-Oct-2024,08-Oct-2029
Sailing Into Future Pty Ltd,Great South Coast DAMA,24-Sep-2024,23-Sep-2029
J. FURPHY & SONS PROPRIETARY LIMITED,Goulburn Valley DAMA,13-Aug-2024,12-Aug-2029
Sage Services Australia Pty Ltd,East Kimberley DAMA,24-Jul-2024,23-Jul-2029
ERBD PTY LIMITED,Orana DAMA,26-Jun-2024,25-Jun-2029
JAMES SONG DENTAL PTY LIMITED,Company Specific,19-Jul-2024,18-Jul-2029
TEXAS CONTRACTORS PTY LTD,Northern Territory DAMA,27-Sep-2024,26-Sep-2029
BBC Painting NSW Pty Ltd,Skilled Refugee Pilot,19-Jul-2024,18-Jul-2029
MCCORRY BROWN EARTHMOVING PTY LTD,East Kimberley DAMA,19-Aug-2024,18-Aug-2029
In Vertice Pty Ltd,South Australia Regional DAMA,12-Sep-2024,11-Sep-2029
ROGUE SEAS PTY LTD,Industry - Fishing,31-Jul-2024,30-Jul-2029
NUGENT AG PTY LTD,Industry - Dairy,21-Jun-2024,20-Jun-2029
Guymer Concreting and Building Services Pty Ltd,East Kimberley DAMA,11-Jul-2024,10-Jul-2029
Bree Bees Early Learning services pty ltd,South Australia Regional DAMA,19-Jul-2024,18-Jul-2029
Sushi Gosu Pty Ltd,Northern Territory DAMA,22-Jul-2024,21-Jul-2029
Langalow Pty Ltd,Northern Territory DAMA,08-Oct-2024,07-Oct-2029
Clare Construction & Civil Pty Ltd,Northern Territory DAMA,24-Jun-2024,23-Jun-2029
ASIBO PTY LTD,South West DAMA,07-Aug-2024,06-Aug-2029
BOND STREET ITALIAN RESTAURANT PTY LTD,Industry – Premium Dining,18-Jul-2024,17-Jul-2029
Adapt-a-Lift Group Pty Ltd,Orana DAMA,11-Sep-2024,10-Sep-2029
Cairns Marine Pty Ltd,Far North Queensland DAMA,18-Jul-2024,17-Jul-2029
AMAL GROUP PTY LTD,Industry - On-Hire,18-Jul-2024,17-Jul-2029
Monsoon Aquatics Pty Ltd,Company Specific,30-Aug-2024,29-Aug-2029
A&I Coatings Pty Ltd,Orana DAMA,30-Aug-2024,29-Aug-2029
WESTERN ABALONE PROCESSORS PTY. LTD.,South Australia Regional DAMA,09-Sep-2024,08-Sep-2029
Kimberley Wild Expeditions Pty Ltd,East Kimberley DAMA,12-Sep-2024,11-Sep-2029
CATHOLIC HEALTHCARE LIMITED,Orana DAMA,30-Aug-2024,29-Aug-2029
WOODLAWN PASTORAL COMPANY PTY. LTD.,Industry - Dairy,19-Aug-2024,18-Aug-2029
Mirli Mirli Pty Ltd,East Kimberley DAMA,09-Oct-2024,08-Oct-2029
M AND M DICARLO ATF DICARLO FAMILY TRUST,Far North Queensland DAMA,26-Jun-2024,25-Jun-2029
ORCHID WINE ESTATE PTY LTD,South Australia Regional DAMA,30-Aug-2024,29-Aug-2029
Garden View Aged Care Pty Ltd,Industry - Aged Care,06-Sep-2024,05-Sep-2029
J Bendotti & S Bendotti & T Bendotti & Javeau Nominees Pty Ltd & Joe Bendotti Family Trust,South West DAMA,01-Oct-2024,30-Sep-2029
Support My Way Pty Ltd,South Australia Regional DAMA,23-Aug-2024,22-Aug-2029
NORTHERN WILDCATCH SEAFOOD AUSTRALIA PTY LTD,Industry - Fishing,22-Jun-2024,21-Jun-2029
Collar Talent Group Pty Ltd,Industry - On-Hire,18-Jul-2024,17-Jul-2029
EARLY LEARNING AUSTRALIA PTY LTD,Pilbara DAMA,22-Jul-2024,21-Jul-2029
MH Premium Farms Holdings Pty Limited,Townsville DAMA,04-Sep-2024,03-Sep-2029
Bradley Trade Services Pty Ltd,Skilled Refugee Pilot,12-Jul-2024,11-Jul-2029
Punjab Foods Pty Ltd,Orana DAMA,07-Oct-2024,06-Oct-2029
Broadwater Resort,South West DAMA,11-Jul-2024,10-Jul-2029
Joii Limited,Industry - On-Hire,14-Aug-2024,13-Aug-2029
CARROT KINGS MYALUP PTY LTD,South West DAMA,02-Jul-2024,01-Jul-2029
Goulburn Motor Group (Vic) Pty Ltd,Goulburn Valley DAMA,20-Aug-2024,19-Aug-2029
Golden Pig Australia Pty Ltd,Far North Queensland DAMA,19-Jul-2024,18-Jul-2029
GULKULA MINING COMPANY PTY LTD,Northern Territory DAMA,11-Jul-2024,10-Jul-2029
PINTUPI HOMELANDS HEALTH SERVICE (ABORIGINAL CORPORATION),Northern Territory DAMA,27-Jun-2024,26-Jun-2029
McRahman Pty Ltd,Far North Queensland DAMA,20-Jun-2024,19-Jun-2029
Jewel WA Pty Ltd,South West DAMA,23-Jul-2024,22-Jul-2029
HIGGINS COATINGS PTY LTD,Townsville DAMA,16-Sep-2024,15-Sep-2029
J Taylor and M.A Taylor,Far North Queensland DAMA,10-Jul-2024,09-Jul-2029
Derinean Pty Ltd,Industry - Dairy,05-Aug-2024,04-Aug-2029
ROYLANDS PTY LTD,Northern Territory DAMA,20-Sep-2024,19-Sep-2029
iStaff Australia Pty Ltd,Industry - On-Hire,21-Jun-2024,20-Jun-2029
RJSB TRUST & THE TRUSTEE FOR BAMESS R & S FAMILY TRUST,South West DAMA,25-Jun-2024,24-Jun-2029
Francis-Jones Carpenter Pty Limited,Company Specific,30-Jul-2024,29-Jul-2029
CHRISTIAN OUTREACH CENTRE,Industry - Minister of Religion,25-Jul-2024,24-Jul-2029
LOUKAS CBD PTY. LTD.,Far North Queensland DAMA,14-Oct-2024,13-Oct-2029
JA Russell Australia Pty Ltd,Goldfields DAMA,29-Jul-2024,28-Jul-2029
Jackwitz Farms Pty Ltd,Industry - Horticulture,31-Jul-2024,30-Jul-2029
VIOLET TOWN BUSH NURSING CENTRE INC,Industry - Aged Care,24-Sep-2024,23-Sep-2029
Bondi Acquisitions Pty Ltd,Industry – Premium Dining,08-Jul-2024,07-Jul-2029
Access Hire South Australia Pty Ltd,Industry - On-Hire,11-Oct-2024,10-Oct-2029
ENVIROFRESH PTY LTD,Far North Queensland DAMA,08-Jul-2024,07-Jul-2029
EMPOWERING DISABILITY PARTNERS PTY LTD,South Australia Regional DAMA,12-Aug-2024,11-Aug-2029
Dowling Brothers Yarrawonga Pty Ltd,Industry - Horticulture,13-Aug-2024,12-Aug-2029
Park Beach Residence Pty Limited,Industry - Aged Care,13-Sep-2024,12-Sep-2029
JTS MANAGEMENT PTY LTD,Far North Queensland DAMA,11-Jul-2024,10-Jul-2029
MEATH CARE INC,Industry - Aged Care,01-Jul-2024,30-Jun-2029
Phoenix Goldfields Pty Ltd,Goldfields DAMA,09-Oct-2024,08-Oct-2029
AQUATECH DRILLING SOLUTIONS WA PTY LTD,South West DAMA,23-Jul-2024,22-Jul-2029
VN & AUS PTY LTD,Industry - On-Hire,13-Aug-2024,12-Aug-2029
EADE FARMS PTY LTD,Industry - Dairy,08-Jul-2024,07-Jul-2029
The Trustee for Ayorinde Family Trust,Great South Coast DAMA,07-Oct-2024,06-Oct-2029
Macedonian Community Welfare Association Limited,Industry - Aged Care,16-Aug-2024,15-Aug-2029
The trustee for RJ and JE Sellwood Family Trust,Goulburn Valley DAMA,28-Jun-2024,27-Jun-2029
Serra Farming Pty Ltd,Far North Queensland DAMA,28-Jun-2024,27-Jun-2029
Star Disability and Medical Services Pty Ltd,Northern Territory DAMA,27-Sep-2024,26-Sep-2029
ACE Education Consultants Pty Ltd,Industry - On-Hire,10-Oct-2024,09-Oct-2029
ELMBANKS HOLSTEINS PTY LTD,Industry - Dairy,12-Jul-2024,11-Jul-2029
Solid Holistic Care Pty Ltd,Company Specific,05-Jul-2024,04-Jul-2029
Atherton Tablelands Air Service,Far North Queensland DAMA,09-Aug-2024,08-Aug-2029
Rainbow Bridge Pty Ltd,East Kimberley DAMA,15-Oct-2024,14-Oct-2029
G Hair & Co,South West DAMA,10-Jul-2024,09-Jul-2029
EXCELSIOR ELECTRICAL PTY LTD,South Australia Regional DAMA,01-Oct-2024,30-Sep-2029
Australasia Scales Pty Ltd,Townsville DAMA,02-Oct-2024,01-Oct-2029
DODD & DODD GROUP PTY LTD,Pilbara DAMA,30-Jul-2024,29-Jul-2029
PINEHILLS (WA) PTY LTD,Goldfields DAMA,01-Jul-2024,30-Jun-2029
Bermil Australia Pty Ltd,Industry - On-Hire,01-Jul-2024,30-Jun-2029
BERAKAH CHRISTIAN EDUCATION LTD,Orana DAMA,01-Jul-2024,30-Jun-2029
MARKET EXPRESS PTY. LIMITED,Orana DAMA,14-Aug-2024,13-Aug-2029
Paul Patrick James Madaffari and Estelle Nicole Madaffari,Industry - Horticulture,05-Aug-2024,04-Aug-2029
INTERPRO AUSTRALIA PTY LTD,Industry - On-Hire,12-Sep-2024,11-Sep-2029
MORPHETT VALE DENTAL CARE PTY LTD,South Australia Regional DAMA,13-Aug-2024,12-Aug-2029
Australian Transit Group Pty ltd,Pilbara DAMA,23-Sep-2024,22-Sep-2029
ANNA RITA ZECCA & IVAN ZECCA,South West DAMA,20-Jun-2024,19-Jun-2029
FMR Investments Pty Limited,Goldfields DAMA,20-Jun-2024,19-Jun-2029
JOBIZE PTY LTD,Northern Territory DAMA,20-Jun-2024,19-Jun-2029
Gunningham Farms Pty Ltd,Industry - Dairy,21-Jun-2024,20-Jun-2029
O.S EBIZIE & A.B OCHIAGHA & C.S OGUOMA,Northern Territory DAMA,11-Sep-2024,10-Sep-2029
SANDVIK MINING AND CONSTRUCTION AUSTRALIA PTY LTD,Orana DAMA,09-Sep-2024,08-Sep-2029
Food Industry People Pty Ltd,Industry - On-Hire,13-Aug-2024,12-Aug-2029
HIKMA HOUSE PTY. LTD.,Company Specific,27-Jun-2024,26-Jun-2029
THE GENERAL CHURCH OF THE NEW JERUSALEM HURSTVILLE SOCIETY,Industry - Minister of Religion,20-Sep-2024,19-Sep-2029
THREE LITTLE STEPS PTY LTD AND SLANTED PTY LTD,Far North Queensland DAMA,05-Jul-2024,04-Jul-2029
Invenio Pty. Ltd.,Industry - On-Hire,23-Sep-2024,22-Sep-2029
R J & W A HULL CONTRACTING PTY LTD,South West DAMA,27-Sep-2024,26-Sep-2029
PAVILION CAFE & BAR PTY LTD,Great South Coast DAMA,16-Jul-2024,15-Jul-2029
FITONIA PTY LTD,South West DAMA,02-Jul-2024,01-Jul-2029
Hay Senior Citizens Assocation Incorporated,Industry - Aged Care,21-Jun-2024,20-Jun-2029
Wildfive Enterprises Pty Ltd,East Kimberley DAMA,23-Sep-2024,22-Sep-2029
KALINCHOWK BUSINESS GROUP PTY LTD,Orana DAMA,06-Jul-2024,05-Jul-2029
ENGLISH DHAMMA ORGANISATION INCORPORATED,Industry - Minister of Religion,05-Jul-2024,04-Jul-2029
LITTLE COMPANY OF MARY HEALTH CARE LIMITED,Industry - Aged Care,18-Jul-2024,17-Jul-2029
VIVABILITY LIMITED,Company Specific,31-Jul-2024,30-Jul-2029
ETWA PTY LTD,South West DAMA,06-Aug-2024,05-Aug-2029
KT ENTERPRISES (NT) PTY LTD,Northern Territory DAMA,07-Aug-2024,06-Aug-2029
Childs World Management Pty Ltd,Far North Queensland DAMA,25-Jun-2024,24-Jun-2029
BLSE PTY LTD,Northern Territory DAMA,25-Jun-2024,24-Jun-2029
All North Helicopters Pty Ltd,East Kimberley DAMA,25-Jun-2024,24-Jun-2029
CAMPBELL AUSTRALASIA PTY LTD,Skilled Refugee Pilot,22-Jun-2024,21-Jun-2029
CFMSS Pty Ltd,Industry - On-Hire,13-Aug-2024,12-Aug-2029
Positive Mental Health Program Pty Ltd,Goulburn Valley DAMA,06-Jul-2024,05-Jul-2029
CITIZEN HOLDINGS PTY LTD,Goldfields DAMA,25-Jun-2024,24-Jun-2029
Bupa Aged Care Australia Pty Ltd,Industry - Aged Care,25-Jun-2024,24-Jun-2029
Darwin Automotive Pty Ltd,Northern Territory DAMA,02-Oct-2024,01-Oct-2029
THE TRUSTEE FOR MICHELE MONTE FAMILY TRUST,Industry - Horticulture,27-Aug-2024,26-Aug-2029
WHTNXT SERVICES PTY LTD,Skilled Refugee Pilot,16-Aug-2024,15-Aug-2029
Realfence Industries Pty Ltd,Skilled Refugee Pilot,12-Jul-2024,11-Jul-2029
CAIRNS SOUTH EARLY LEARNING CENTRE PTY LTD,Far North Queensland DAMA,25-Jun-2024,24-Jun-2029
Great Lakes Aged and Invalid Care Association Limited,Industry - Aged Care,15-Oct-2024,14-Oct-2029
Pace Farming Pty Ltd,Townsville DAMA,22-Jul-2024,21-Jul-2029
GREATER NORTHERN REMOVALS PTY. LTD.,Far North Queensland DAMA,11-Jul-2024,10-Jul-2029
CWC Lube Mobile WA Pty Ltd,Pilbara DAMA,19-Aug-2024,18-Aug-2029
Reefwind Pty Ltd,Pilbara DAMA,08-Oct-2024,07-Oct-2029
COOMA CRASH REPAIRS PTY. LIMITED,Orana DAMA,22-Jul-2024,21-Jul-2029
PB 18 PTY. LTD,Townsville DAMA,30-Jul-2024,29-Jul-2029
MATTHEWS HOTELS PTY. LTD.,South Australia Regional DAMA,26-Sep-2024,25-Sep-2029
Steven Theodore Green,Skilled Refugee Pilot,31-Jul-2024,30-Jul-2029
WISE CHOICE IN HOME CARE PTY LTD,Industry - Aged Care,22-Jun-2024,21-Jun-2029
ARNOLD AG PTY LTD,Goldfields DAMA,18-Jul-2024,17-Jul-2029
"CHISVUURE, JULIETH",Northern Territory DAMA,25-Sep-2024,24-Sep-2029
N SINGH & P SINGH,Industry - Horticulture,18-Jul-2024,17-Jul-2029
REALISE ABILITY PTY LTD,Goldfields DAMA,07-Oct-2024,06-Oct-2029
WAGRAPES PTY. LTD.,South West DAMA,14-Oct-2024,13-Oct-2029
Coona Resorts Pty Ltd,Orana DAMA,26-Jul-2024,25-Jul-2029
Brisbane Evangelical Holiness Church,Industry - Minister of Religion,22-Jun-2024,21-Jun-2029
INFINITY LOOP PTY LTD,Northern Territory DAMA,01-Oct-2024,30-Sep-2029
Nicoletti Orchards Pty Ltd,Industry - Horticulture,28-Jun-2024,27-Jun-2029
INLET DAIRY PTY LTD,Industry - Dairy,19-Jul-2024,18-Jul-2029
BARLETTA ENTERPRISES PTY LTD,Far North Queensland DAMA,21-Jun-2024,20-Jun-2029
PRESS DUBBO PTY LYD,Orana DAMA,06-Jul-2024,05-Jul-2029
Underground Technologies Australia,South West DAMA,29-Jul-2024,28-Jul-2029
H.K. Dhother & P.S. Dhother,Far North Queensland DAMA,09-Aug-2024,08-Aug-2029
EQUALITY DISABILITY AND HEALTH CARE SERVICES PTY LTD,Company Specific,19-Jun-2024,18-Jun-2029
ALINEA INC,Industry - Aged Care,21-Jun-2024,20-Jun-2029
Marano Enterprises (Miallo) Pty Ltd ATF Marano Family Trust,Far North Queensland DAMA,06-Jul-2024,05-Jul-2029
MICK MURRAY WELDING (N.T.) PTY LTD,Northern Territory DAMA,11-Jul-2024,10-Jul-2029
Naracoorte Home for the Aged Inc,South Australia Regional DAMA,13-Sep-2024,12-Sep-2029
Territory Bandag Pty Ltd,Northern Territory DAMA,01-Aug-2024,31-Jul-2029
FAIRVIEW ORCHARDS PTY LTD,Far North Queensland DAMA,26-Jun-2024,25-Jun-2029
ANZ TILING SPECIALISTS SA PTY LTD,South Australia Regional DAMA,03-Sep-2024,02-Sep-2029
EMPOWERING PEOPLE IN COMMUNITIES (EPIC) INC,Pilbara DAMA,31-Jul-2024,30-Jul-2029
YES WE CAN DISABILITY SERVICES PTY LTD,Industry - Aged Care,27-Jun-2024,26-Jun-2029
YIELD STAR PTY LTD,Pilbara DAMA,24-Jun-2024,23-Jun-2029
Young Buddhist Research & Cultural Centre Incorporated,Industry - Minister of Religion,06-Aug-2024,05-Aug-2029
YOUR WAY MUSIC SERVICES PTY. LTD.,South Australia Regional DAMA,04-Sep-2024,03-Sep-2029
YOUTH WITH A MISSION (BRISBANE) INC,Industry - Minister of Religion,18-Jul-2024,17-Jul-2029
Yule Works Pty Ltd,Pilbara DAMA,16-Sep-2024,15-Sep-2029
ZNS HOLDING PTY LTD,South Australia Regional DAMA,08-Oct-2024,07-Oct-2029
Zonda Group Pty Ltd,Industry - On-Hire,04-Oct-2024,03-Oct-2029
ALICE CAR CENTRE PTY. LTD.,South Australia Regional DAMA,14-Aug-2024,13-Aug-2029
MAHAMEVNAWA BUDDHIST MEDITATION CENTRE-PERTH LTD,Industry - Minister of Religion,01-Oct-2024,30-Sep-2029
CRANBROOK CARE (LANSDOWNE GARDENS) PTY LIMITED,Industry - Aged Care,03-Sep-2024,02-Sep-2029
REGIONAL EXPRESS HOLDINGS LIMITED,Company Specific,05-Nov-2024,04-Nov-2025
HEDLAND CAR WASH PTY LTD,Pilbara DAMA,20-Nov-2023,19-Nov-2028
GHANA PRESBYTERIAN CHURCH - SYDNEY NSW INCORPORATED,Industry - Minister of Religion,30-Apr-2024,29-Apr-2029
AI TALENT PTY LTD,Industry - On-Hire,08-May-2024,07-May-2029
BDMS COMMUNITY SERVICES PTY LTD,Northern Territory DAMA,08-May-2024,07-May-2029
Bluedust Solutions Pty Ltd,Northern Territory DAMA,08-May-2024,07-May-2029
PAXUS AUSTRALIA PTY LIMITED,Industry - On-Hire,08-May-2024,07-May-2029
Naspur Corporation Pty Ltd,Townsville DAMA,16-May-2024,15-May-2029
PEOPLE 2.0 AUSTRALIA (EST) PTY LTD,Industry - On-Hire,20-May-2024,19-May-2029
"PINNUCK, JULIAN DAVID AND HANSEN, PAULA JOANNE",Industry - Dairy,20-May-2024,19-May-2029
Indasun Pty Ltd,Skilled Refugee Pilot,31-May-2024,30-May-2029
Qantas Airways Limited,Skilled Refugee Pilot,06-Jun-2024,05-Jun-2029
Y & F (CB) PTY LTD,Northern Territory DAMA,06-Jun-2024,05-Jun-2029
Singhsta Homes Pty. Ltd.,Far North Queensland DAMA,11-Jun-2024,10-Jun-2029
AYN Services Pty Ltd,Townsville DAMA,12-Jun-2024,11-Jun-2029
Integrated Employment Holdings Pty Ltd,Townsville DAMA,12-Jun-2024,11-Jun-2029
Access Investments Pty Limited,Northern Territory DAMA,13-Jun-2024,12-Jun-2029
Hillside Brae Pty Ltd,Industry - Aged Care,13-Jun-2024,12-Jun-2029
MSC ENG Pty Ltd,Townsville DAMA,13-Jun-2024,12-Jun-2029
Urapuntja Health Service Aboriginal Corporation,Northern Territory DAMA,13-Jun-2024,12-Jun-2029
FLETCHER INTERNATIONAL EXPORTS PTY LTD,Industry - Meat,18-Jun-2024,17-Jun-2029
Bonso Transport Pty Ltd,Far North Queensland DAMA,19-Jun-2024,18-Jun-2029
Red Earth Restaurants Pty Ltd,Pilbara DAMA,19-Jun-2024,18-Jun-2029
BERRIMAH INVESTMENTS PTY LTD,Northern Territory DAMA,18-Jul-2024,17-Jul-2029
"MARTENS, ANDREW JOSEPH",Far North Queensland DAMA,07-Aug-2024,06-Aug-2029
ECB PTY LTD,Company Specific,12-Aug-2024,11-Aug-2029
"GUPTA, ROHIT KUMAR AND GUPTA, NANCY",South Australia Regional DAMA,13-Sep-2024,12-Sep-2029
Mobile Concreting Solutions Pty Ltd,Pilbara DAMA,19-Sep-2024,18-Sep-2029
AUSTRALIAN PROPERTY PROJECTS PTY LTD ATF RED CENTRE UNIT TRUST,South Australia Regional DAMA,02-Oct-2024,01-Oct-2029
LARRAKIA DEVELOPMENT CORPORATION PTY LTD,Northern Territory DAMA,02-Oct-2024,01-Oct-2029
"MEEMANAGE PERERA, KOSALA SADEEP",Northern Territory DAMA,02-Oct-2024,01-Oct-2029
DREDGE HOLDINGS PTY LTD,East Kimberley DAMA,03-Oct-2024,02-Oct-2029
THE CORPORATION OF THE SYNOD OF THE DIOCESE OF BRISBANE,Industry - Minister of Religion,03-Oct-2024,02-Oct-2029
ZAM ZAM PETROLEUM PTY LTD,Townsville DAMA,03-Oct-2024,02-Oct-2029
Bob White Australia Pty Ltd,Company Specific,16-Oct-2024,15-Oct-2029
Sydney Urim Presbyterian Church Incorporated,Industry - Minister of Religion,16-Oct-2024,15-Oct-2029
Woorayl Lodge Inc,Company Specific,16-Oct-2024,15-Oct-2029
Berry Creek Packing Company Pty Ltd,Northern Territory DAMA,17-Oct-2024,16-Oct-2029
ROMANIAN CHRISTIAN PENTECOSTAL CHURCH PHILADELPHIA,Industry - Minister of Religion,17-Oct-2024,16-Oct-2029
BMT BUSINESS SERVICES PTY LTD,Northern Territory DAMA,18-Oct-2024,17-Oct-2029
N & S BOUMANSOUR PTY. LTD.,Company Specific,18-Oct-2024,17-Oct-2029
GADALETA STEEL FABRICATION PTY LTD,South Australia Regional DAMA,21-Oct-2024,20-Oct-2029
Radiant Minds Health Care Pty Ltd,Goulburn Valley DAMA,21-Oct-2024,20-Oct-2029
SEA BREEZE NIGHTCLIFF PTY LTD,Northern Territory DAMA,21-Oct-2024,20-Oct-2029
Siri Dharmasiri Buddhist Vihara of Toowoomba Inc,Industry - Minister of Religion,21-Oct-2024,20-Oct-2029
VERTEX PACKING PTY LTD,Far North Queensland DAMA,21-Oct-2024,20-Oct-2029
ALL ABOUT MARGARET RIVER PTY LTD,South West DAMA,22-Oct-2024,21-Oct-2029
ARNHEM EARLY LEARNING CENTRE PTY. LTD.,Northern Territory DAMA,22-Oct-2024,21-Oct-2029
DAULAT PTY LTD,Far North Queensland DAMA,22-Oct-2024,21-Oct-2029
DORWAY PTY LTD,Far North Queensland DAMA,22-Oct-2024,21-Oct-2029
JE HEART CARE PTY LTD.,South Australia Regional DAMA,22-Oct-2024,21-Oct-2029
NANDISH SERVICES PTY. LTD.,Orana DAMA,22-Oct-2024,21-Oct-2029
PICKERING CORPORATION PTY LTD,Townsville DAMA,22-Oct-2024,21-Oct-2029
PURE LAND LEARNING COLLEGE ASSOCIATION INC,Industry - Minister of Religion,22-Oct-2024,21-Oct-2029
RAMM (NT) PTY LTD,Northern Territory DAMA,22-Oct-2024,21-Oct-2029
SOHI PRODUCE PTY LTD,Industry - Horticulture,22-Oct-2024,21-Oct-2029
Presbyterian Church Murwillumbah,Industry - Minister of Religion,23-Oct-2024,22-Oct-2029
Aertex Group Pty Ltd,Northern Territory DAMA,24-Oct-2024,23-Oct-2029
BERTON VINEYARDS PTY LTD,Orana DAMA,24-Oct-2024,23-Oct-2029
Boffins Bakery Pty Ltd,East Kimberley DAMA,24-Oct-2024,23-Oct-2029
DHAMMAKAYA SOCIETY OF QUEENSLAND INC,Industry - Minister of Religion,24-Oct-2024,23-Oct-2029
Elashay Pty Ltd,East Kimberley DAMA,24-Oct-2024,23-Oct-2029
FMC FISHERIES PTY LTD ATF FMC FAMILY TRUST & F PIRRELLO & F PIRRELLO & M PIRRELLO,Industry - Fishing,24-Oct-2024,23-Oct-2029
Indonesian Presbyterian Church,Industry - Minister of Religion,24-Oct-2024,23-Oct-2029
J-CORP RESORT MANAGEMENT PTY LTD,East Kimberley DAMA,24-Oct-2024,23-Oct-2029
Jim Barry Wines Pty Ltd,South Australia Regional DAMA,24-Oct-2024,23-Oct-2029
KB Logistics Pty Ltd,Goulburn Valley DAMA,24-Oct-2024,23-Oct-2029
Newman Day Care Centre Inc,Pilbara DAMA,24-Oct-2024,23-Oct-2029
Riverdrift Group Pty Ltd,East Kimberley DAMA,24-Oct-2024,23-Oct-2029
A.J HILL & M.D HILL & THE TRUSTEE FOR JEML FAMILY TRUST & THE TRUSTEE,Goldfields DAMA,25-Oct-2024,24-Oct-2029
BUPA AGED CARE AUSTRALIA PTY LTD,South Australia Regional DAMA,25-Oct-2024,24-Oct-2029
IMAGINE EDUCATION EARLY LEARNING CENTRES NO. 22 PTY LTD,Townsville DAMA,25-Oct-2024,24-Oct-2029
Labour Solutions Australia Pty Ltd,Industry - On-Hire,25-Oct-2024,24-Oct-2029
Tracy Hill Dairies Pty Ltd,Industry - Dairy,25-Oct-2024,24-Oct-2029
Collective Hope Ltd,Industry - Minister of Religion,28-Oct-2024,27-Oct-2029
Duxton Bees Pty Ltd,Company Specific,28-Oct-2024,27-Oct-2029
ICBM SERVICES PTY LTD,Industry - On-Hire,28-Oct-2024,27-Oct-2029
Kulgera Service Area Pty Ltd,Northern Territory DAMA,28-Oct-2024,27-Oct-2029
LEONG HIBISCUS PHARMACY PTY LTD,Northern Territory DAMA,28-Oct-2024,27-Oct-2029
NORTH KIMBERLEY AIRPORT PTY LTD,East Kimberley DAMA,28-Oct-2024,27-Oct-2029
Protector Australia Pty Ltd,Company Specific,28-Oct-2024,27-Oct-2029
SUNSHINE HEALTH MEDICAL CLINIC PTY LTD,Company Specific,28-Oct-2024,27-Oct-2029
Vira United Pty Ltd,Company Specific,28-Oct-2024,27-Oct-2029
C.N BUGG & R.E BUGG T/A ARTOPIA GALLERY,East Kimberley DAMA,29-Oct-2024,28-Oct-2029
H2O WAREHOUSE PTY LTD,Far North Queensland DAMA,29-Oct-2024,28-Oct-2029
HOST SERVICES PTY. LTD.,Far North Queensland DAMA,29-Oct-2024,28-Oct-2029
JINDALEE ROAD MANAGEMENT CO. PTY LTD,Industry - Horticulture,29-Oct-2024,28-Oct-2029
Keece Electrical Services SA Pty Ltd,Adelaide City Tech and Innovation DAMA,29-Oct-2024,28-Oct-2029
LITTLE SHINING STARS EARLY LEARNING CENTRE KLEMZIG PTY LTD,South Australia Regional DAMA,29-Oct-2024,28-Oct-2029
Newcastle's Mr Fixit Pty Ltd,Skilled Refugee Pilot,29-Oct-2024,28-Oct-2029
NWMC MINING & CIVIL PTY LTD,Pilbara DAMA,29-Oct-2024,28-Oct-2029
P.S ADHIKARI & R ADHIKARI,South Australia Regional DAMA,29-Oct-2024,28-Oct-2029
Ticaret Enterprise Pty Ltd,Northern Territory DAMA,29-Oct-2024,28-Oct-2029
Wren Fishing Pty Ltd,Industry - Fishing,29-Oct-2024,28-Oct-2029
"DU, TAI",Northern Territory DAMA,30-Oct-2024,29-Oct-2029
Grantys Pty Ltd,Townsville DAMA,30-Oct-2024,29-Oct-2029
MECHANICS & TYRES PTY LTD,East Kimberley DAMA,30-Oct-2024,29-Oct-2029
PACIFIC MARINE BATTERIES PTY. LIMITED,South Australia Regional DAMA,30-Oct-2024,29-Oct-2029
PRESTIGE STAFFING SOLUTIONS LTD,Industry - On-Hire,30-Oct-2024,29-Oct-2029
Rising Moon Pty Ltd,East Kimberley DAMA,30-Oct-2024,29-Oct-2029
Gold Coast Sikh Association Inc,Industry - Minister of Religion,31-Oct-2024,30-Oct-2029
ABL LANDSCAPE CONTRACTING PTY LTD,East Kimberley DAMA,01-Nov-2024,31-Oct-2029
LEADWOOD FARMS PTY LTD,Far North Queensland DAMA,01-Nov-2024,31-Oct-2029
PERFECT CARE SERVICES PTY LTD,South Australia Regional DAMA,01-Nov-2024,31-Oct-2029
PRIME HOTELS GROUP PTY LTD,Great South Coast DAMA,01-Nov-2024,31-Oct-2029
The Darwin Sailing Club Inc,Northern Territory DAMA,01-Nov-2024,31-Oct-2029
THE GOWRIE (QLD) INC.,Far North Queensland DAMA,01-Nov-2024,31-Oct-2029
CAMPBELLFIELD MOSQUE LIMITED,Industry - Minister of Religion,04-Nov-2024,03-Nov-2029
GOOD SHEPHERD BAPTIST CHURCH,Industry - Minister of Religion,04-Nov-2024,03-Nov-2029
Sou Wester Pty Ltd,Industry - Fishing,04-Nov-2024,03-Nov-2029
UNIVERSITY IMPACT INC,Industry - Minister of Religion,04-Nov-2024,03-Nov-2029
WA SEAFOOD EXPORTERS (1994) PTY LTD,Industry - Fishing,04-Nov-2024,03-Nov-2029
ALTA-1 LTD,Company Specific,05-Nov-2024,04-Nov-2029
"BAPS SWAMINARAYAN SANSTHA, AUSTRALIA LIMITED",Industry - Minister of Religion,05-Nov-2024,04-Nov-2029
BM POST PTY. LTD,Townsville DAMA,05-Nov-2024,04-Nov-2029
Empire Hospitality Pty Ltd,Northern Territory DAMA,05-Nov-2024,04-Nov-2029
Jonclo Holdings Pty Ltd,Company Specific,05-Nov-2024,04-Nov-2029
KERRY'S TRADITIONAL CHINESE MASSAGE CENTRE PTY LTD,Northern Territory DAMA,05-Nov-2024,04-Nov-2029
L.V. DOHNT & CO. PTY. LIMITED,South Australia Regional DAMA,05-Nov-2024,04-Nov-2029
LAURA STREICHER,Northern Territory DAMA,05-Nov-2024,04-Nov-2029
R & E PRESBITERO PTY LTD,Townsville DAMA,05-Nov-2024,04-Nov-2029
"SOLLITT, CORRINA FAYE",Townsville DAMA,05-Nov-2024,04-Nov-2029
Southern Contracting Group Pty Ltd,South Australia Regional DAMA,05-Nov-2024,04-Nov-2029
SPICK & SPAN COMMERCIAL PROPERTY MAINTENANCE PTY LTD,Pilbara DAMA,05-Nov-2024,04-Nov-2029
WOODLANE ESTATE PTY LTD,South Australia Regional DAMA,05-Nov-2024,04-Nov-2029
AL-SAEED & ASSOCIATES PTY LTD,Industry - Minister of Religion,06-Nov-2024,05-Nov-2029
Anayra Transport Pty Ltd,Orana DAMA,06-Nov-2024,05-Nov-2029
F.J. LENNE PTY. LTD.,Goulburn Valley DAMA,06-Nov-2024,05-Nov-2029
FRESHFOOD GROUP PTY LTD,Northern Territory DAMA,06-Nov-2024,05-Nov-2029
JAE WEST PTY LTD,Pilbara DAMA,06-Nov-2024,05-Nov-2029
KOTZUR PTY LTD,Orana DAMA,06-Nov-2024,05-Nov-2029
MIRRORS CARE PTY LTD,East Kimberley DAMA,06-Nov-2024,05-Nov-2029
"NGUYEN, DUONG VAN",Northern Territory DAMA,06-Nov-2024,05-Nov-2029
NT PROFORM SOLUTIONS PTY LTD,Northern Territory DAMA,06-Nov-2024,05-Nov-2029
Rockcon Constructions Pty Ltd,Industry - On-Hire,06-Nov-2024,05-Nov-2029
Top End Joinery Pty Ltd,Northern Territory DAMA,06-Nov-2024,05-Nov-2029
ASC FISH MARKET PTY LTD,Northern Territory DAMA,07-Nov-2024,06-Nov-2029
AUSTRALIAN LEISURE AND HOSPITALITY GROUP PTY LIMITED,South Australia Regional DAMA,07-Nov-2024,06-Nov-2029
Boneham Aged Care Services Inc,South Australia Regional DAMA,07-Nov-2024,06-Nov-2029
COLEMANS INK PTY LTD,Northern Territory DAMA,07-Nov-2024,06-Nov-2029
D.M. & K.L. Holder Pty Ltd,Industry - Fishing,07-Nov-2024,06-Nov-2029
FR Tiling Pty Ltd,Northern Territory DAMA,07-Nov-2024,06-Nov-2029
Glasstech (Aus) Pty Limited,Northern Territory DAMA,07-Nov-2024,06-Nov-2029
GOR YUMBULL CHILDCARE PTY LTD,Northern Territory DAMA,07-Nov-2024,06-Nov-2029
J.F Barr & M.E Sinclair,Great South Coast DAMA,07-Nov-2024,06-Nov-2029
Jape Kong Su Nominees Pty Ltd,Northern Territory DAMA,07-Nov-2024,06-Nov-2029
MONYSOFT TECHNOLOGIES PTY LTD,Industry - On-Hire,07-Nov-2024,06-Nov-2029
SEVENTH-DAY ADVENTIST CHURCH (SOUTH AUSTRALIAN CONFERENCE) LIMITED,Industry - Minister of Religion,07-Nov-2024,06-Nov-2029
Wami Kata Old Folks Home Inc,Industry - Aged Care,07-Nov-2024,06-Nov-2029
Assisi Centre Limited,Industry - Aged Care,08-Nov-2024,07-Nov-2029
Adelaide Disability Advance Care Pty Ltd,South Australia Regional DAMA,11-Nov-2024,10-Nov-2029
AFF HOLDCO PTY LTD,Orana DAMA,11-Nov-2024,10-Nov-2029
ALLTRADE SCAFFOLDING PTY LTD,Company Specific,11-Nov-2024,10-Nov-2029
HANBIT KOREAN UNITING CHURCH,Industry - Minister of Religion,12-Nov-2024,11-Nov-2029
J & N JARVIS PTY LTD,Industry - Fishing,12-Nov-2024,11-Nov-2029
WIRURA NYINATJAKU PTY LTD,South Australia Regional DAMA,12-Nov-2024,11-Nov-2029
ALIF LAAM MEEM RA PTY LTD,Northern Territory DAMA,13-Nov-2024,12-Nov-2029
Alpha Santanol Pty Ltd,East Kimberley DAMA,13-Nov-2024,12-Nov-2029
Australian Surface Drilling (WA) Pty Ltd,Goldfields DAMA,13-Nov-2024,12-Nov-2029
Bunjil Investments Pty Ltd,Northern Territory DAMA,13-Nov-2024,12-Nov-2029
GBI ON THE ROCK CHURCH INC,Industry - Minister of Religion,13-Nov-2024,12-Nov-2029
KAKADU TOURISM (GLC) PTY LIMITED,Northern Territory DAMA,13-Nov-2024,12-Nov-2029
Kogody Pty Ltd,Goldfields DAMA,13-Nov-2024,12-Nov-2029
MICK MURRAY WELDING (N.T.) PTY LTD,Townsville DAMA,13-Nov-2024,12-Nov-2029
VOYAGES INDIGENOUS TOURISM AUSTRALIA PTY LTD,Northern Territory DAMA,13-Nov-2024,12-Nov-2029
WEIPA BOWLS CLUB INC,Far North Queensland DAMA,13-Nov-2024,12-Nov-2029
Zamoraft Pty Ltd,Orana DAMA,13-Nov-2024,12-Nov-2029
Lo's Cafe and Dining Pty Ltd,Pilbara DAMA,14-Nov-2024,13-Nov-2029
ONB Oriental Noodle Bar Pty Ltd,Far North Queensland DAMA,14-Nov-2024,13-Nov-2029
Rentokil Initial Pty Ltd,Pilbara DAMA,14-Nov-2024,13-Nov-2029
Toorangie Pastoral Pty Ltd,Industry - Dairy,14-Nov-2024,13-Nov-2029
TOP END CIVIL PTY LTD,Northern Territory DAMA,14-Nov-2024,13-Nov-2029
Dendra Market Gardens Pty Ltd,Industry - Horticulture,15-Nov-2024,14-Nov-2029
LONGTRAIL PTY LTD,Industry - Horticulture,15-Nov-2024,14-Nov-2029
Riviera Fresh Pty Ltd,Industry - Horticulture,15-Nov-2024,14-Nov-2029
Strategic Bridging Global Pty Ltd,Industry - On-Hire,15-Nov-2024,14-Nov-2029
CHEESE ON ONE PTY LTD,Northern Territory DAMA,16-Nov-2024,15-Nov-2029
DREAMFOOD (DUNS) PTY LTD,South West DAMA,16-Nov-2024,15-Nov-2029
Kennards Hire Pty Limited,Townsville DAMA,16-Nov-2024,15-Nov-2029
Kennards Hire Pty Limited,Pilbara DAMA,16-Nov-2024,15-Nov-2029
 Zak Rendering Pty Ltd,Skilled Refugee Pilot,05-Feb-2025,04-Feb-2030
JEWS FOR JESUS,Industry - Minister of Religion,18-Nov-2024,17-Nov-2029
JU PUM MISSION CHURCH INCORPORATED,Industry - Minister of Religion,18-Nov-2024,17-Nov-2029
LAY & SONS ORGANIZATION PTY. LTD.,Northern Territory DAMA,18-Nov-2024,17-Nov-2029
M M GROUP ADELAIDE PTY LTD,South Australia Regional DAMA,18-Nov-2024,17-Nov-2029
P. & J. HURLEY PTY. LTD.,South Australia Regional DAMA,18-Nov-2024,17-Nov-2029
SDP SOLUTIONS PTY LTD,Industry - On-Hire,18-Nov-2024,17-Nov-2029
BIG RIVER PORK PTY LTD,Industry - Meat,19-Nov-2024,18-Nov-2029
CHABBA GROUP PTY LTD,Northern Territory DAMA,19-Nov-2024,18-Nov-2029
MAD ABOUT PLANTS PTY LTD,Far North Queensland DAMA,19-Nov-2024,18-Nov-2029
"NGUYEN, DINH NGOC THUY",Northern Territory DAMA,19-Nov-2024,18-Nov-2029
Passionate Support Pty Ltd,South Australia Regional DAMA,19-Nov-2024,18-Nov-2029
QUEENSLAND COTTON CORPORATION PTY LTD,Company Specific,19-Nov-2024,18-Nov-2029
Tebco Enterprise Pty Ltd,Industry - Fishing,05-Feb-2025,04-Feb-2030
STRANDBAGS GROUP PTY LTD,Company Specific,19-Nov-2024,18-Nov-2029
The Hound Small Bar PTY LTD,Far North Queensland DAMA,19-Nov-2024,18-Nov-2029
The O2 Lab Pty Ltd,Pilbara DAMA,19-Nov-2024,18-Nov-2029
SUNRIPE EMPLOYMENT PTY LTD,Industry - Horticulture,05-Feb-2025,04-Feb-2030
Top End Group Training Pty Ltd,Company Specific,19-Nov-2024,18-Nov-2029
Wyrallah Holdings Pty Ltd,Orana DAMA,19-Nov-2024,18-Nov-2029
SEVENTH-DAY ADVENTIST AGED CARE (NORTH NEW SOUTH WALES) LTD,Industry - Aged Care,05-Feb-2025,04-Feb-2030
Zolezzi Enterprises Pty Limited,Industry - Fishing,19-Nov-2024,18-Nov-2029
Adecco Australia Pty Ltd,Industry - On-Hire,20-Nov-2024,19-Nov-2029
Newport Islamic Society Inc,Industry - Minister of Religion,05-Feb-2025,04-Feb-2030
Bina's Beauty Salon Pty Ltd,Pilbara DAMA,21-Nov-2024,20-Nov-2029
DOWN UNDER DIVE PTY LTD,Far North Queensland DAMA,21-Nov-2024,20-Nov-2029
MIDWEST PIGGERY PTY LTD,Industry - Pork,05-Feb-2025,04-Feb-2030
GT Conveyor Solutions Pty Ltd,Goldfields DAMA,21-Nov-2024,20-Nov-2029
DAHLSENS BUILDING CENTRES PTY. LTD.,Far North Queensland DAMA,05-Feb-2025,04-Feb-2030
JOHN KWEH PTY LTD,South Australia Regional DAMA,21-Nov-2024,20-Nov-2029
BROTHERS AND SISTERS PTY LTD,Industry - Horticulture,05-Feb-2025,04-Feb-2030
Kefi Supports Pty Ltd,South Australia Regional DAMA,21-Nov-2024,20-Nov-2029
MF & GL DUNNE,Far North Queensland DAMA,21-Nov-2024,20-Nov-2029
Balranald Shire Council,Industry - Aged Care,05-Feb-2025,04-Feb-2030
Navarro Innovative Designs Pty Ltd,South Australia Regional DAMA,21-Nov-2024,20-Nov-2029
THE DENILIQUIN NURSING HOME FOUNDATION LTD,Orana DAMA,21-Nov-2024,20-Nov-2029
AUSTRALIAN GARLIC PRODUCERS PTY LTD,Industry - Horticulture,05-Feb-2025,04-Feb-2030
APC GROUP NT PTY LTD,East Kimberley DAMA,22-Nov-2024,21-Nov-2029
Empire Pty Ltd,East Kimberley DAMA,22-Nov-2024,21-Nov-2029
VIPASSANA BUDDHIST MONASTERY INC,Industry - Minister of Religion,22-Nov-2024,21-Nov-2029
WEST KONG AGRICULTURAL HOLDING PTY LTD,South West DAMA,04-Feb-2025,03-Feb-2030
Cloud Eleven Esperance Pty Ltd,Goldfields DAMA,25-Nov-2024,24-Nov-2029
DARWIN ASBESTOS AND DEMOLITION PTY LTD,Northern Territory DAMA,25-Nov-2024,24-Nov-2029
SPICYBITE LAKE ST PTY LTD,Far North Queensland DAMA,04-Feb-2025,03-Feb-2030
JBS AUSTRALIA PTY LIMITED,Goulburn Valley DAMA,25-Nov-2024,24-Nov-2029
NTFG Pty Ltd,Northern Territory DAMA,25-Nov-2024,24-Nov-2029
"SHARMA, ANKUSH",Far North Queensland DAMA,04-Feb-2025,03-Feb-2030
Primary Caring Pty Ltd,Industry - Aged Care,25-Nov-2024,24-Nov-2029
RAMPS RIDGE SERVICES PTY LIMITED,Orana DAMA,25-Nov-2024,24-Nov-2029
RAMAKIEN PTY LTD,Northern Territory DAMA,04-Feb-2025,03-Feb-2030
Rian David Duncan and Jodi Sandrea Duncan,Goldfields DAMA,25-Nov-2024,24-Nov-2029
Royans Melbourne Pty Ltd,Company Specific,25-Nov-2024,24-Nov-2029
MOTORSERVE PTY LIMITED,Orana DAMA,04-Feb-2025,03-Feb-2030
The Stables Christian Centre Inc,Industry - Minister of Religion,25-Nov-2024,24-Nov-2029
MALATESTA GROUP HOLDINGS PTY LTD,South West DAMA,04-Feb-2025,03-Feb-2030
Trellis Oceania Foundation Ltd.,Industry - Minister of Religion,25-Nov-2024,24-Nov-2029
WAT MONIRANGSI THE INSTITUTION OF BUDDHISM EDUCATION AND DEVELOPMENT INC,Industry - Minister of Religion,25-Nov-2024,24-Nov-2029
FRM REFRIGERATION & AIRCONDITIONING PTY LTD,Northern Territory DAMA,04-Feb-2025,03-Feb-2030
ALICE FOOD CONCEPTS PTY LTD,Northern Territory DAMA,26-Nov-2024,25-Nov-2029
BORAM FARMS PTY LTD,Industry - Horticulture,26-Nov-2024,25-Nov-2029
BAROLLI ORCHARDS PTY. LTD.,Goulburn Valley DAMA,04-Feb-2025,03-Feb-2030
Donburi & Bento Box Pty Ltd,Northern Territory DAMA,26-Nov-2024,25-Nov-2029
Arndale Surgery Pty Ltd,South Australia Regional DAMA,04-Feb-2025,03-Feb-2030
GBS Trading Pty Ltd,Orana DAMA,26-Nov-2024,25-Nov-2029
HUNGRY JACK'S PTY LTD,Pilbara DAMA,26-Nov-2024,25-Nov-2029
MG YANNIS & R YANNIS & DT YANNIS,South Australia Regional DAMA,26-Nov-2024,25-Nov-2029
YYDY GROUP PTY LTD,South Australia Regional DAMA,03-Feb-2025,02-Feb-2030
PK International Company Pty Ltd,Northern Territory DAMA,26-Nov-2024,25-Nov-2029
The Local Shepparton Pty Ltd,Goulburn Valley DAMA,26-Nov-2024,25-Nov-2029
Quality Plumbing & Building Contractors Pty Ltd,Northern Territory DAMA,03-Feb-2025,02-Feb-2030
Wilsford Group Pty Ltd,South Australia Regional DAMA,26-Nov-2024,25-Nov-2029
MB&M Pty Ltd,Goulburn Valley DAMA,03-Feb-2025,02-Feb-2030
BYNG STREET PTY LTD,Orana DAMA,27-Nov-2024,26-Nov-2029
EVO (WA) PTY LTD,Pilbara DAMA,27-Nov-2024,26-Nov-2029
JOHN WILLIAM DICKHART AND DAYLE ROSEMARY DICKHART,Goldfields DAMA,03-Feb-2025,02-Feb-2030
Heritage College Inc,Skilled Refugee Pilot,27-Nov-2024,26-Nov-2029
KRUNG THEP INVESTMENT PTY LTD,South Australia Regional DAMA,27-Nov-2024,26-Nov-2029
GREAT SUPPORTS PTY LTD,South Australia Regional DAMA,03-Feb-2025,02-Feb-2030
TOP END ASSOCIATION FOR MENTAL HEALTH INC.,Northern Territory DAMA,27-Nov-2024,26-Nov-2029
BevCo SBB Pty Ltd,Northern Territory DAMA,28-Nov-2024,27-Nov-2029
Great Barrier Reef Landscaping Pty Ltd,Far North Queensland DAMA,03-Feb-2025,02-Feb-2030
Emu Ridge Eucalyptus Pty Ltd,South Australia Regional DAMA,28-Nov-2024,27-Nov-2029
JAI JASSAR INVESTMENTS PTY LTD,Far North Queensland DAMA,28-Nov-2024,27-Nov-2029
PACIFIC MARINE BATTERIES PTY. LIMITED,Adelaide City Tech and Innovation DAMA,28-Nov-2024,27-Nov-2029
DHIMAN ENTERPRISES PTY LTD,Far North Queensland DAMA,29-Nov-2024,28-Nov-2029
Wide Bay Holdings Pty Ltd,Industry - Fishing,31-Jan-2025,30-Jan-2030
G BARRETT & JM BARRETT,Industry - Fishing,29-Nov-2024,28-Nov-2029
SOUTH WEST AUTO GROUP PTY LTD,Great South Coast DAMA,31-Jan-2025,30-Jan-2030
JSC Montessori Pre-schools Pty Ltd,South Australia Regional DAMA,29-Nov-2024,28-Nov-2029
Paul Posselt Pty Ltd,Far North Queensland DAMA,29-Nov-2024,28-Nov-2029
Respect Group Limited,Industry - Aged Care,31-Jan-2025,30-Jan-2030
Queensland Training Services Pty. Ltd.,Far North Queensland DAMA,29-Nov-2024,28-Nov-2029
R.S RISMONDO & V.F RISMONDO,South Australia Regional DAMA,29-Nov-2024,28-Nov-2029
NEW COVENANT PENTECOSTAL CHURCH INC,Industry - Minister of Religion,31-Jan-2025,30-Jan-2030
SINGAPORE HOUSE PTY. LTD.,South Australia Regional DAMA,29-Nov-2024,28-Nov-2029
BM Geological Services Pty Ltd,Goldfields DAMA,02-Dec-2024,01-Dec-2029
GRAPE CO FARMS PTY LTD,Industry - Horticulture,31-Jan-2025,30-Jan-2030
Dragon East Pty Ltd,Far North Queensland DAMA,02-Dec-2024,01-Dec-2029
Durham Court Pastoral Pty Limited,Industry - Dairy,02-Dec-2024,01-Dec-2029
Deel Australia Services Pty Ltd,Industry - On-Hire,31-Jan-2025,30-Jan-2030
HEAT TECH AUSTRALIA PTY LTD,Pilbara DAMA,02-Dec-2024,01-Dec-2029
BLANTYRE FARMS PTY LIMITED,Industry - Pork,31-Jan-2025,30-Jan-2030
BERWICK CHURCH OF CHRIST INC,Industry - Minister of Religion,31-Jan-2025,30-Jan-2030
Beaumont Care Holdings Pty Ltd,Industry - Aged Care,31-Jan-2025,30-Jan-2030
B.J ARMSTRONG & M.T ARMSTRONG,Industry - Dairy,31-Jan-2025,30-Jan-2030
A RAPTIS & SONS PTY LTD,Industry - Fishing,31-Jan-2025,30-Jan-2030
The Billi Boutique Resort Pty Ltd,East Kimberley DAMA,30-Jan-2025,29-Jan-2030
Humpty Doo Barramundi Pty Ltd,Northern Territory DAMA,30-Jan-2025,29-Jan-2030
ASSIST ABILITY AUSTRALIA VIC PTY LTD,Company Specific,30-Jan-2025,29-Jan-2030
ASHMAR NOMINEES PTY LTD,East Kimberley DAMA,30-Jan-2025,29-Jan-2030
AMP FUEL PTY LTD,Orana DAMA,30-Jan-2025,29-Jan-2030
Tuna Fishing Australia Pty Ltd,Industry - Fishing,29-Jan-2025,28-Jan-2030
MARRI INVESTMENTS AUSTRALIA PTY LTD,South West DAMA,29-Jan-2025,28-Jan-2030
MAMMA'S KITCHEN @ MINDIL PTY LTD,Northern Territory DAMA,29-Jan-2025,28-Jan-2030
Hotel Flagstaff Joint Venture,South Australia Regional DAMA,29-Jan-2025,28-Jan-2030
H TRINH & T UY,Northern Territory DAMA,29-Jan-2025,28-Jan-2030
Glenelen Pastoral Company Pty Ltd,Industry - Dairy,29-Jan-2025,28-Jan-2030
Gayndah Packers Pty Ltd,Industry - Horticulture,29-Jan-2025,28-Jan-2030
"CRUSE, IAN",Goldfields DAMA,29-Jan-2025,28-Jan-2030
B.B MAURICE & R.T MAURICE,Orana DAMA,29-Jan-2025,28-Jan-2030
Andrea Tasman,Far North Queensland DAMA,29-Jan-2025,28-Jan-2030
ABILITY TO ACHIEVE (ATA) PTY LTD,Northern Territory DAMA,29-Jan-2025,28-Jan-2030
UN JS PTY LTD,Far North Queensland DAMA,28-Jan-2025,27-Jan-2030
TECHENOMICS INTERNATIONAL PTY LTD,Pilbara DAMA,28-Jan-2025,27-Jan-2030
SUNRISE ADELAIDE TRANSPORT PTY LTD,South Australia Regional DAMA,28-Jan-2025,27-Jan-2030
MS STOCK CONTRACTING PTY LTD,Northern Territory DAMA,28-Jan-2025,27-Jan-2030
J.M HAY & M.S HAY,Industry - Dairy,28-Jan-2025,27-Jan-2030
HPA INCORPORATED,Northern Territory DAMA,28-Jan-2025,27-Jan-2030
HA Dairy Company Pty Ltd,Industry - Dairy,28-Jan-2025,27-Jan-2030
BAJWA SERVICES PTY LTD,Company Specific,28-Jan-2025,27-Jan-2030
TC TL VU NGUYEN PTY LTD,South West DAMA,24-Jan-2025,23-Jan-2030
SPECIALISED ENGINEERING SERVICES (WA) PTY LTD,Goldfields DAMA,24-Jan-2025,23-Jan-2030
S.X. WANG INVESTMENTS PTY. LTD.,Great South Coast DAMA,24-Jan-2025,23-Jan-2030
Nothing Wrong Pty Ltd,Far North Queensland DAMA,24-Jan-2025,23-Jan-2030
More Air Group Pty Ltd,Far North Queensland DAMA,24-Jan-2025,23-Jan-2030
Maano Traders Pty Ltd,East Kimberley DAMA,24-Jan-2025,23-Jan-2030
Linden Family Co Pty Ltd,Pilbara DAMA,24-Jan-2025,23-Jan-2030
JABEZ DISABILITY CARE PTY LTD,Company Specific,24-Jan-2025,23-Jan-2030
EAST PILBARA MAINTENANCE PTY LTD,Pilbara DAMA,24-Jan-2025,23-Jan-2030
COLEMANS PRINTING ALICE SPRINGS PTY LTD,Northern Territory DAMA,24-Jan-2025,23-Jan-2030
BALCO AUSTRALIA PTY LTD,South Australia Regional DAMA,24-Jan-2025,23-Jan-2030
TIAN CI HOLY DAO ASSOCIATION INC,Industry - Minister of Religion,23-Jan-2025,22-Jan-2030
MUSA GOLDEN BANANA PTY LTD,Far North Queensland DAMA,23-Jan-2025,22-Jan-2030
MERCY HEALTH AND AGED CARE CENTRAL QUEENSLAND LIMITED,Industry - Aged Care,23-Jan-2025,22-Jan-2030
MATARANKA SUPERMARKET NT PTY LTD,Northern Territory DAMA,23-Jan-2025,22-Jan-2030
Lownco Pty Ltd,Far North Queensland DAMA,23-Jan-2025,22-Jan-2030
LIFE ANGLICAN CHURCH,Industry - Minister of Religion,23-Jan-2025,22-Jan-2030
"KUMAR, PARDIP",Northern Territory DAMA,23-Jan-2025,22-Jan-2030
HINDMARSH LODGE SRF PTY LTD,South Australia Regional DAMA,23-Jan-2025,22-Jan-2030
EDUCATE AUSTRALIA PTY LTD,Northern Territory DAMA,23-Jan-2025,22-Jan-2030
CPC ENGINEERING PTY LTD,Goldfields DAMA,23-Jan-2025,22-Jan-2030
City2Sea Construction Pty Ltd,Far North Queensland DAMA,23-Jan-2025,22-Jan-2030
Choices4Life Pty Ltd,Company Specific,23-Jan-2025,22-Jan-2030
CHINESE PRESBYTERIAN CHURCH INCORPORATED,Industry - Minister of Religion,23-Jan-2025,22-Jan-2030
CENTRAL DESERT REGIONAL COUNCIL,Northern Territory DAMA,23-Jan-2025,22-Jan-2030
"BREWSTER, BRENDAN",Industry - Dairy,23-Jan-2025,22-Jan-2030
BK Farming Co. Pty Ltd,Industry - Dairy,23-Jan-2025,22-Jan-2030
Bhaddeka Vihari Padanama Ltd,Industry - Minister of Religion,23-Jan-2025,22-Jan-2030
Aurenne Group Holdings Pty Ltd,Goldfields DAMA,23-Jan-2025,22-Jan-2030
THREE KINGDOMS GROUP PTY. LTD.,Far North Queensland DAMA,22-Jan-2025,21-Jan-2030
RS & SR TRADING PTY LTD,Orana DAMA,22-Jan-2025,21-Jan-2030
Rae & Co Pty Ltd,Far North Queensland DAMA,22-Jan-2025,21-Jan-2030
Mumford Farms Pty Ltd,Industry - Horticulture,22-Jan-2025,21-Jan-2030
MACA Enterprises Pty Ltd,Industry - Fishing,22-Jan-2025,21-Jan-2030
JK Adventure Co Pty Ltd,East Kimberley DAMA,22-Jan-2025,21-Jan-2030
Devondale Partnership Pty Ltd,Industry - Dairy,22-Jan-2025,21-Jan-2030
CHRISTADELPHIAN CARE SERVICES (SA) INCORPORATED,Skilled Refugee Pilot,22-Jan-2025,21-Jan-2030
AWX PTY. LTD,Industry - On-Hire,22-Jan-2025,21-Jan-2030
WINTERSANDS DEVELOPMENTS PTY LTD,Orana DAMA,21-Jan-2025,20-Jan-2030
UMOONA AGED CARE ABORIGINAL CORP,South Australia Regional DAMA,21-Jan-2025,20-Jan-2030
Tobyzeb Pty Ltd,Far North Queensland DAMA,21-Jan-2025,20-Jan-2030
SAAD INVESTMENTS PTY LTD,South West DAMA,21-Jan-2025,20-Jan-2030
PAGRO PTY. LTD.,Goulburn Valley DAMA,21-Jan-2025,20-Jan-2030
Mossmont Nurseries Proprietary Ltd,Industry - Horticulture,21-Jan-2025,20-Jan-2030
MARGARET RIVER COMMUNITY CENTRE INC,South West DAMA,21-Jan-2025,20-Jan-2030
KSPK FAIRFIELD PTY LTD,Townsville DAMA,21-Jan-2025,20-Jan-2030
J & V ABBOTT NOMINEES PTY LTD,Industry - Fishing,20-Jan-2025,19-Jan-2030
Epping Blue Church of Sydney Incorporated,Industry - Minister of Religion,20-Jan-2025,19-Jan-2030
ALL NATIONS PRESBYTERIAN CHURCH,Industry - Minister of Religion,20-Jan-2025,19-Jan-2030
A.P SEBIRE & C.M SEBIRE,Industry - Dairy,20-Jan-2025,19-Jan-2030
Stanes Transport NT Pty Ltd,Northern Territory DAMA,17-Jan-2025,16-Jan-2030
RAJAH 11 PTY LTD,Townsville DAMA,17-Jan-2025,16-Jan-2030
Paul's Bread Pty Ltd,Far North Queensland DAMA,17-Jan-2025,16-Jan-2030
Paull and Warner Resources Pty Ltd,Pilbara DAMA,17-Jan-2025,16-Jan-2030
OPEN DOOR PUB CO. PTY LIMITED,South Australia Regional DAMA,17-Jan-2025,16-Jan-2030
Mount Isa Mines Limited,Townsville DAMA,17-Jan-2025,16-Jan-2030
KISMET NT PTY LTD,Northern Territory DAMA,17-Jan-2025,16-Jan-2030
GOULBURN VALLEY LAUNDRY SERVICE PTY LTD,Goulburn Valley DAMA,17-Jan-2025,16-Jan-2030
FRUITRADE PTY LIMITED,Northern Territory DAMA,17-Jan-2025,16-Jan-2030
D Markovic Nominees Pty Ltd,South Australia Regional DAMA,17-Jan-2025,16-Jan-2030
Clipper Pearls Pty Ltd,Northern Territory DAMA,17-Jan-2025,16-Jan-2030
Brilliant (NT) Pty Limited,Northern Territory DAMA,17-Jan-2025,16-Jan-2030
BLACKMAN HOLDINGS RETAIL PTY. LTD.,Far North Queensland DAMA,17-Jan-2025,16-Jan-2030
PAC SOLUTIONS PTY LTD,Northern Territory DAMA,16-Jan-2025,15-Jan-2030
MOORE CONTRACTING SOLUTIONS PTY LTD,Industry - Horticulture,16-Jan-2025,15-Jan-2030
CADAGRI PTY LTD,Industry - Dairy,16-Jan-2025,15-Jan-2030
BRITANIQUE PTY LTD,Industry – Premium Dining,16-Jan-2025,15-Jan-2030
GERITZ DAIRIES PTY LTD,Industry - Dairy,15-Jan-2025,14-Jan-2030
FERGUSON PLARRE BAKEHOUSES PTY. LTD.,Company Specific,15-Jan-2025,14-Jan-2030
E.N HOSKINS & W MCDONELL,Industry - Dairy,15-Jan-2025,14-Jan-2030
COLUMBIA NURSING HOMES PTY LTD,Industry - Aged Care,15-Jan-2025,14-Jan-2030
VINI CIRCUS PTY LTD,Industry – Premium Dining,14-Jan-2025,13-Jan-2030
GEN FISHERIES PTY LTD,Industry - Fishing,14-Jan-2025,13-Jan-2030
G ATWELL & J.K ATWELL & C.P SMITH & N.R SMITH,Industry - Dairy,14-Jan-2025,13-Jan-2030
FRIENDS ENTERPRISES PTY LTD,South Australia Regional DAMA,14-Jan-2025,13-Jan-2030
BLUE APPLE SUPPORT SERVICES PTY LTD,Far North Queensland DAMA,14-Jan-2025,13-Jan-2030
B.N HALL & CORIO PTY. LTD.,South West DAMA,14-Jan-2025,13-Jan-2030
PUNJAB ROADTRAINS PTY. LTD,South Australia Regional DAMA,13-Jan-2025,12-Jan-2030
K.J ALLAN & K.L ALLAN,Industry - Dairy,13-Jan-2025,12-Jan-2030
COMPANION MENTAL HEALTH AND DISABILITY SERVICES PTY LTD.,Pilbara DAMA,13-Jan-2025,12-Jan-2030
AUSTRALIAN PROPERTY PROJECTS PTY LTD ATF RED CENTRE UNIT TRUST,Northern Territory DAMA,13-Jan-2025,12-Jan-2030
X CUI & H OHTA & F.M ZHENG,Far North Queensland DAMA,10-Jan-2025,09-Jan-2030
RED CENTRE OFFICE TECHNOLOGY PTY LTD,Northern Territory DAMA,10-Jan-2025,09-Jan-2030
Neralin Pty Ltd,Great South Coast DAMA,10-Jan-2025,09-Jan-2030
MABE PTY. LTD.,South Australia Regional DAMA,10-Jan-2025,09-Jan-2030
JAVARI PTY LTD,Orana DAMA,10-Jan-2025,09-Jan-2030
HUNGRY JACK'S PTY LTD,South West DAMA,10-Jan-2025,09-Jan-2030
H. W. GREENHAM & SONS PROPRIETARY LIMITED,Goulburn Valley DAMA,10-Jan-2025,09-Jan-2030
FOSS INVESTMENTS PTY LTD,Far North Queensland DAMA,10-Jan-2025,09-Jan-2030
Centralian Motors (NT) PTY LTD,Northern Territory DAMA,10-Jan-2025,09-Jan-2030
TRUSTEES FOR DELMONT TRADING TRUST,Industry - Dairy,09-Jan-2025,08-Jan-2030
SUNNYDAY CARERS PTY. LTD.,Company Specific,09-Jan-2025,08-Jan-2030
P.J COLE & J.L HAMMER,Industry - Dairy,09-Jan-2025,08-Jan-2030
Marich Investments Pty Ltd,Northern Territory DAMA,09-Jan-2025,08-Jan-2030
HEMLOCK COVE PTY LTD,South West DAMA,09-Jan-2025,08-Jan-2030
Arkle Farms (Operations) Pty Ltd,Company Specific,09-Jan-2025,08-Jan-2030
THE TRUSTEE FOR THE HAPPY VALLEY TRUST & THE TRUSTEE FOR THE WILLOWBANK FARMING TRUST,Industry - Pork,08-Jan-2025,07-Jan-2030
The Good Cartel Pty Ltd,East Kimberley DAMA,08-Jan-2025,07-Jan-2030
SYDNEY ADULLAM CHURCH INCORPORATED,Industry - Minister of Religion,08-Jan-2025,07-Jan-2030
SP Northern Farming Services Pty Ltd,Industry - Pork,08-Jan-2025,07-Jan-2030
ROCKY CREEK ABATTOIR PTY LTD,Industry - Meat,08-Jan-2025,07-Jan-2030
MT BOOTHBY PTY LTD,Industry - Pork,08-Jan-2025,07-Jan-2030
LAKE BOGA PASTORAL PTY LTD,Industry - Dairy,08-Jan-2025,07-Jan-2030
Inionba Pastoral Pty Ltd,Industry - Dairy,08-Jan-2025,07-Jan-2030
GLEDHILL FARMS PTY LTD,Industry - Dairy,08-Jan-2025,07-Jan-2030
Evolve Early Education Pty Ltd,Far North Queensland DAMA,08-Jan-2025,07-Jan-2030
COBRICO TRADING PTY LTD,Industry - Dairy,08-Jan-2025,07-Jan-2030
"CG, CJ, & MC BATTY",Industry - Dairy,08-Jan-2025,07-Jan-2030
Cambodian Buddhist Society of NSW Inc.,Industry - Minister of Religion,08-Jan-2025,07-Jan-2030
Cairns Cafe Cube Pty Ltd,Far North Queensland DAMA,08-Jan-2025,07-Jan-2030
KEEN TO CARE AUSTRALIA PTY LTD,Pilbara DAMA,02-Dec-2024,01-Dec-2029
MT LYALL DAIRIES PTY LTD,Industry - Dairy,02-Dec-2024,01-Dec-2029
MUTTI FOOD & DRINK PTY LTD,Far North Queensland DAMA,02-Dec-2024,01-Dec-2029
ROCKVALLEY DAIRIES PTY LTD,Industry - Dairy,02-Dec-2024,01-Dec-2029
SHAHRUKH PTY LTD,South Australia Regional DAMA,02-Dec-2024,01-Dec-2029
T.A SIMPSON & P.J WHITE,Industry - Dairy,02-Dec-2024,01-Dec-2029
The Newsport Corporation Pty Ltd,Far North Queensland DAMA,02-Dec-2024,01-Dec-2029
Walker & Sons Farming Pty Ltd,Industry - Dairy,02-Dec-2024,01-Dec-2029
Allure Energy Pty Ltd,Far North Queensland DAMA,03-Dec-2024,02-Dec-2029
OMC AUSTRALIA PTY LTD,Industry - Meat,03-Dec-2024,02-Dec-2029
QUBE Bulk Pty Ltd,Goldfields DAMA,03-Dec-2024,02-Dec-2029
STUART PARK NEIGHBOURHOOD & CHILD CARE CENTRE ASSOCIATION INC,Northern Territory DAMA,03-Dec-2024,02-Dec-2029
TRAIN WISE SOLUTIONS PTY LTD,Industry - On-Hire,03-Dec-2024,02-Dec-2029
BREWARRINA SHIRE COUNCIL,Orana DAMA,04-Dec-2024,03-Dec-2029
C.C Ridgway & L.S Ridgway & S.P Ridgway & T.J Ridgway & Z.C Ridgway,Goldfields DAMA,04-Dec-2024,03-Dec-2029
FLEURIEU HOLDINGS PTY LTD,Northern Territory DAMA,04-Dec-2024,03-Dec-2029
Jackson Enterprises Pty Ltd,Northern Territory DAMA,04-Dec-2024,03-Dec-2029
JARRYN TRADING PTY LTD,Northern Territory DAMA,04-Dec-2024,03-Dec-2029
KCS HEALTH PTY LTD,Industry - Meat,04-Dec-2024,03-Dec-2029
Longroad Dairy Pty Ltd,Industry - Dairy,04-Dec-2024,03-Dec-2029
OEG OFFSHORE PTY LTD,Northern Territory DAMA,04-Dec-2024,03-Dec-2029
Pharmwizz Pty Ltd,Orana DAMA,04-Dec-2024,03-Dec-2029
THE TRUSTEE FOR C & D SMITH FAMILY TRUST & THE TRUSTEE FOR CAMERON SMITH FAMILY TRUST,Industry - Dairy,04-Dec-2024,03-Dec-2029
THE VIETNAMESE CHRISTIAN MISSION CHURCH,Industry - Minister of Religion,04-Dec-2024,03-Dec-2029
Vietnamese Buddhist Society of the NT Inc,Industry - Minister of Religion,04-Dec-2024,03-Dec-2029
WA NT Tours Pty Ltd,Company Specific,04-Dec-2024,03-Dec-2029
Alicaring Pty Ltd,Industry - Aged Care,05-Dec-2024,04-Dec-2029
DARWIN SMILES PTY LTD,Northern Territory DAMA,05-Dec-2024,04-Dec-2029
Good Morning Dental Pty Ltd,Company Specific,05-Dec-2024,04-Dec-2029
J & C MACHEDA PTY LTD,Goulburn Valley DAMA,05-Dec-2024,04-Dec-2029
LESLIE MANOR PTY LTD,Industry - Dairy,05-Dec-2024,04-Dec-2029
PROGRESS FNQ PTY LTD,Far North Queensland DAMA,05-Dec-2024,04-Dec-2029
SUHANA BUTCHER SHOP PTY LTD,Northern Territory DAMA,05-Dec-2024,04-Dec-2029
THE LITTLE BIG DAIRY COMPANY PTY LTD,Orana DAMA,05-Dec-2024,04-Dec-2029
Welke Pastoral Pty Ltd,Goldfields DAMA,05-Dec-2024,04-Dec-2029
B.P. MARGETTS PTY. LTD.,South Australia Regional DAMA,06-Dec-2024,05-Dec-2029
Bright Star Foods Pty Ltd,East Kimberley DAMA,06-Dec-2024,05-Dec-2029
Four Birds Darwin Pty Ltd,Northern Territory DAMA,06-Dec-2024,05-Dec-2029
PERFECT TEETH (REDLYNCH) PTY. LTD.,Far North Queensland DAMA,06-Dec-2024,05-Dec-2029
Salmon Earthmoving Holdings Pty Ltd,Townsville DAMA,11-Dec-2024,10-Dec-2029
Firle Medical Centre Pty Ltd,South Australia Regional DAMA,12-Dec-2024,11-Dec-2029
Hoshizaki Lancer Pty Ltd,South Australia Regional DAMA,12-Dec-2024,11-Dec-2029
"PARIKH, RITESHKUMAR NAVINCHANDRA",Northern Territory DAMA,12-Dec-2024,11-Dec-2029
Stardeck Management Pty Ltd,Pilbara DAMA,12-Dec-2024,11-Dec-2029
Uplands Nominees Pty Ltd,East Kimberley DAMA,12-Dec-2024,11-Dec-2029
BLACK HORSE LOGISTICS GROUP PTY LTD,Goulburn Valley DAMA,13-Dec-2024,12-Dec-2029
DOCTORS CREEK INVESTMENTS PTY LTD,East Kimberley DAMA,13-Dec-2024,12-Dec-2029
Myburgh Concepts Pty Ltd,South West DAMA,13-Dec-2024,12-Dec-2029
RADHE KRISHNA INVESTMENT PTY LTD,Orana DAMA,13-Dec-2024,12-Dec-2029
THE ROSES CAFE & CATERING CO PTY LTD,Orana DAMA,13-Dec-2024,12-Dec-2029
Booroongen Djugun Limited,Industry - Aged Care,08-Jan-2025,07-Jan-2030
YAMBALA PTY LTD,South West DAMA,07-Jan-2025,06-Jan-2030
V R & E J & R A PITTER,Industry - Dairy,07-Jan-2025,06-Jan-2030
THE HUMPTY DUMPTY TRADING COMPANY PROPRIETARY LIMITED,South West DAMA,07-Jan-2025,06-Jan-2030
SNOWDEN FARMS PTY LTD,Industry - Dairy,07-Jan-2025,06-Jan-2030
Revolve Physiotherapy Pty Ltd,Far North Queensland DAMA,07-Jan-2025,06-Jan-2030
PT PEDRO BUSINESS PTY LTD,Far North Queensland DAMA,07-Jan-2025,06-Jan-2030
Pie Flight Pty Ltd,South West DAMA,07-Jan-2025,06-Jan-2030
OCEAN LODGE WA PTY LTD,East Kimberley DAMA,07-Jan-2025,06-Jan-2030
Marr Industries Pty Ltd,Skilled Refugee Pilot,07-Jan-2025,06-Jan-2030
M.A GALE & R.E GALE,Industry - Dairy,07-Jan-2025,06-Jan-2030
KNX Cleana Yards Pty Ltd,East Kimberley DAMA,07-Jan-2025,06-Jan-2030
JS Trucking Pty Ltd,Far North Queensland DAMA,07-Jan-2025,06-Jan-2030
JABV FARMING PTY LTD,Industry - Dairy,07-Jan-2025,06-Jan-2030
J.E & M.A RILEY,Industry - Dairy,07-Jan-2025,06-Jan-2030
CLUB EASTSIDE INCORPORATED,Northern Territory DAMA,07-Jan-2025,06-Jan-2030
BEAUSANGS PTY LTD,Industry - Dairy,07-Jan-2025,06-Jan-2030
Amelia Park Wines Pty Ltd,South West DAMA,07-Jan-2025,06-Jan-2030
AFFORDABLE AUTOMOTIVE PTY LTD,South Australia Regional DAMA,07-Jan-2025,06-Jan-2030
AFFINITY EDUCATION GROUP LIMITED,Northern Territory DAMA,07-Jan-2025,06-Jan-2030
A.M CAMPBELL & C.L COYSH,Industry - Dairy,07-Jan-2025,06-Jan-2030
A.M BARBAGALLO & T.R BARBAGALLO & HEARTBREAK RIDGE PTY LTD & THE TRUSTEE FOR TR & AM BARBAGALLO FAMI,Industry - Dairy,07-Jan-2025,06-Jan-2030
WILLSHIRE PTY. LTD.,South Australia Regional DAMA,06-Jan-2025,05-Jan-2030
"WHELAN, WENDY SUZANNE",Industry - Dairy,06-Jan-2025,05-Jan-2030
WESTERN CARE SUPPORT PTY LTD,South Australia Regional DAMA,06-Jan-2025,05-Jan-2030
SIEU LINH PTY LTD,South West DAMA,06-Jan-2025,05-Jan-2030
MCJOBEE PTY. LTD.,Far North Queensland DAMA,06-Jan-2025,05-Jan-2030
M N Courier PTY LTD,Townsville DAMA,06-Jan-2025,05-Jan-2030
Lagardere/AWPL Pty Ltd,Pilbara DAMA,06-Jan-2025,05-Jan-2030
KW & HL JONES PTY LTD,Industry - Dairy,06-Jan-2025,05-Jan-2030
K & R MALISTAN PTY LTD,Skilled Refugee Pilot,06-Jan-2025,05-Jan-2030
DM & CT DENTAL PTY LTD,Goldfields DAMA,06-Jan-2025,05-Jan-2030
DATE FARMS AUSTRALIA HOLDINGS PTY LTD,South Australia Regional DAMA,06-Jan-2025,05-Jan-2030
CHRISTADELPHIAN CARE SERVICES (SA) INCORPORATED,South Australia Regional DAMA,06-Jan-2025,05-Jan-2030
CHAN'S GLOBAL PTY LTD,Townsville DAMA,06-Jan-2025,05-Jan-2030
Cape Lavender Pty Ltd,South West DAMA,06-Jan-2025,05-Jan-2030
C.J DE JONGE & D.R DE JONGE,Industry - Pork,06-Jan-2025,05-Jan-2030
V.T.T TRAN & T.T VU,South Australia Regional DAMA,03-Jan-2025,02-Jan-2030
SEHGAL LOGISTICS PTY LTD,Townsville DAMA,03-Jan-2025,02-Jan-2030
SECUREWEALTH INVESTMENTS PTY LTD,South West DAMA,03-Jan-2025,02-Jan-2030
ROCKS FARMING COMPANY PTY LTD,Townsville DAMA,03-Jan-2025,02-Jan-2030
Ready Set Go Pty Ltd,Great South Coast DAMA,03-Jan-2025,02-Jan-2030
Ord Valley Turf Pty Ltd,East Kimberley DAMA,03-Jan-2025,02-Jan-2030
ONE TREE SOLUTIONS PTY LTD,Orana DAMA,03-Jan-2025,02-Jan-2030
Little Miss Chef Pty Ltd,Northern Territory DAMA,03-Jan-2025,02-Jan-2030
Industry One Coffee Pty Ltd,Far North Queensland DAMA,03-Jan-2025,02-Jan-2030
Eventide Lutheran Homes,Great South Coast DAMA,03-Jan-2025,02-Jan-2030
Curtin Springs NT Pty Ltd,Northern Territory DAMA,03-Jan-2025,02-Jan-2030
BRENDLEE ENTERPRISES PTY. LTD.,Northern Territory DAMA,03-Jan-2025,02-Jan-2030
INDOCHINESE AGED CARE LIMITED,Industry - Aged Care,24-Dec-2024,23-Dec-2029
Elite Netting Pty Ltd,Company Specific,23-Dec-2024,22-Dec-2029
LAST SLICE GROUP PTY LTD,South West DAMA,21-Dec-2024,20-Dec-2029
INDEPENDENT LIVING OPTIONS (SA) PTY LTD,South Australia Regional DAMA,21-Dec-2024,20-Dec-2029
Goldfields Family Dental Pty Ltd,Goldfields DAMA,21-Dec-2024,20-Dec-2029
Springland AG Contracting,Industry - Horticulture,20-Dec-2024,19-Dec-2029
Smart Berries Pty Ltd,Industry - Horticulture,20-Dec-2024,19-Dec-2029
SAMOAN INDEPENDENT SEVENTH DAY ADVENTIST CHURCH NSW LIMITED,Industry - Minister of Religion,20-Dec-2024,19-Dec-2029
Ram Care Pty Ltd,Industry - Aged Care,20-Dec-2024,19-Dec-2029
Narisa Produce Pty Ltd,Industry - Horticulture,20-Dec-2024,19-Dec-2029
Macs Milling Group Pty Ltd,Skilled Refugee Pilot,20-Dec-2024,19-Dec-2029
HOBERTS PTY LTD,Northern Territory DAMA,20-Dec-2024,19-Dec-2029
HENRI STEVENS PTY LTD,Industry - Horticulture,20-Dec-2024,19-Dec-2029
Bullock Hills Pastoral Pty Ltd,Industry - Horticulture,20-Dec-2024,19-Dec-2029
Alice Springs Optometrists Pty Ltd,Northern Territory DAMA,20-Dec-2024,19-Dec-2029
ABCB LINDSAY PTY LTD,Industry - Dairy,20-Dec-2024,19-Dec-2029
Rustico @ Hay Shed Hill Pty Ltd,South West DAMA,19-Dec-2024,18-Dec-2029
Oxfish Pty Ltd,Industry - Fishing,19-Dec-2024,18-Dec-2029
OCEAN GROWN ABALONE OPERATIONS PTY LTD,South West DAMA,19-Dec-2024,18-Dec-2029
IRONBAR SALOON PTY. LTD.,Far North Queensland DAMA,19-Dec-2024,18-Dec-2029
DR. B. P. FINN PTY. LTD.,Far North Queensland DAMA,19-Dec-2024,18-Dec-2029
Climbing Tree Creations Pty Ltd,South Australia Regional DAMA,19-Dec-2024,18-Dec-2029
ZAMBUSSO PTY LTD,South West DAMA,18-Dec-2024,17-Dec-2029
T & R Accountants Pty Ltd,Skilled Refugee Pilot,18-Dec-2024,17-Dec-2029
South Coast Fish Processors Pty Ltd,Industry - Fishing,18-Dec-2024,17-Dec-2029
SIMON HIGHAM BUILDING PTY. LTD.,Far North Queensland DAMA,18-Dec-2024,17-Dec-2029
MCF PANEL & PAINT PTY LTD,South West DAMA,18-Dec-2024,17-Dec-2029
HEAVYMECH PTY. LTD.,Townsville DAMA,18-Dec-2024,17-Dec-2029
Halls Creek Motel and Restaurant Pty Ltd,East Kimberley DAMA,18-Dec-2024,17-Dec-2029
FROKEL PTY LTD,Great South Coast DAMA,18-Dec-2024,17-Dec-2029
FELTON INTERNATIONAL GROUP PTY LTD,Orana DAMA,18-Dec-2024,17-Dec-2029
YOUNG BUCKS EARLY LEARNING CENTRES PTY LTD,South West DAMA,17-Dec-2024,16-Dec-2029
Wortley Pastoral Pty Ltd,Industry - Dairy,17-Dec-2024,16-Dec-2029
WALL ROAD PTY LTD,South West DAMA,17-Dec-2024,16-Dec-2029
RIVERINA BELTING CO PTY LTD,Goulburn Valley DAMA,17-Dec-2024,16-Dec-2029
Otto's Fishing Co Pty Ltd,Industry - Fishing,17-Dec-2024,16-Dec-2029
Jalygurr-Guwan Aboriginal Corporation,East Kimberley DAMA,17-Dec-2024,16-Dec-2029
ISLE HOLDINGS PTY LTD,Industry - Fishing,17-Dec-2024,16-Dec-2029
H & O KILPATRICK PTY LTD,Industry - Dairy,17-Dec-2024,16-Dec-2029
GROWFRESH PTY LTD,Industry - Horticulture,17-Dec-2024,16-Dec-2029
M.T. Bins Pty Ltd,Northern Territory DAMA,16-Dec-2024,15-Dec-2029
LINEAR CHAIN BREAKERS PTY LTD,Far North Queensland DAMA,16-Dec-2024,15-Dec-2029
"KRALJEVICH, MARK",East Kimberley DAMA,16-Dec-2024,15-Dec-2029
Jah Farming Pty Ltd,Far North Queensland DAMA,16-Dec-2024,15-Dec-2029
HARJASS INTERNATIONAL MARKETING PTY LTD,Northern Territory DAMA,16-Dec-2024,15-Dec-2029
Emergency Vets 247 Australia Pty Ltd,Far North Queensland DAMA,16-Dec-2024,15-Dec-2029
BEACHES APARTMENTS PTY LTD,South West DAMA,16-Dec-2024,15-Dec-2029
Waltja Tjutangku Palyapayi (Aboriginal Corporation),Northern Territory DAMA,13-Dec-2024,12-Dec-2029
4KH PTY LTD,Far North Queensland DAMA,07-Feb-2025,06-Feb-2030
A & A Seafoods Pty Ltd,South Australia Regional DAMA,07-Mar-2025,06-Mar-2030
A KIERATH & MICHAEL EDWARD BOWLES & CATHERINE MARY MANSFIELD & SEALCREST PTY. LTD.,South West DAMA,25-Feb-2025,24-Feb-2030
A.W Braham & Z Braham,South Australia Regional DAMA,10-Feb-2025,09-Feb-2030
A.J CARTER & TOMALOCKIN PTY LTD,WA DAMA,11-Mar-2025,10-Mar-2030
ADAMSONS RIVERSIDE ACCOMMODATION PTY LTD,South West DAMA,21-Feb-2025,20-Feb-2030
ADELAIDE TAXI TRUCKS PTY. LTD.,South Australia Regional DAMA,18-Mar-2025,17-Mar-2030
AEOZ GROUP PTY LTD,South Australia Regional DAMA,07-Feb-2025,06-Feb-2030
AFGRI EQUIPMENT AUSTRALIA PTY LTD,Goldfields DAMA,14-Mar-2025,13-Mar-2030
ALANDALE DAVIS INVESTMENTS PTY LTD,Industry - Dairy,26-Feb-2025,25-Feb-2030
Al-Bayan Institute Incorporated,Industry - Minister of Religion,18-Feb-2025,17-Feb-2030
AMA GROUP SOLUTIONS PTY LTD,Townsville DAMA,26-Feb-2025,25-Feb-2030
AMAZING CARE SERVICES PTY LTD,South Australia Regional DAMA,06-Mar-2025,05-Mar-2030
Ameya Care Support Services Pty Ltd,Far North Queensland DAMA,12-Mar-2025,11-Mar-2030
APE Cars MGMT Pty Ltd,Far North Queensland DAMA,21-Feb-2025,20-Feb-2030
Ariston Partners Australia Pty Ltd,Industry - On-Hire,05-Mar-2025,04-Mar-2030
AYLESBURY FARMS YARRAM PTY LTD,Industry - Dairy,07-Feb-2025,06-Feb-2030
B & B FLOORING PTY LTD,WA DAMA,07-Mar-2025,06-Mar-2030
B NICHOLS & M NICHOLS,Industry - Dairy,14-Mar-2025,13-Mar-2030
B.J & P.L SALMON,Industry - Dairy,21-Feb-2025,20-Feb-2030
Baptist Church Orange,Industry - Minister of Religion,21-Feb-2025,20-Feb-2030
Baptist Church Wellington,Industry - Minister of Religion,19-Feb-2025,18-Feb-2030
Barossa Hills Fleurieu Local Health Network Incorporated,South Australia Regional DAMA,13-Feb-2025,12-Feb-2030
BEYOND BROOME HOSPITALITY PTY LIMITED,East Kimberley DAMA,18-Feb-2025,17-Feb-2030
BN Tiling Pty Ltd,Skilled Refugee Pilot,19-Feb-2025,18-Feb-2030
Brooklyn Park Social Pty Ltd,South Australia Regional DAMA,14-Feb-2025,13-Feb-2030
BROOME SHARED SERVICES PTY LTD,East Kimberley DAMA,27-Feb-2025,26-Feb-2030
BROWN INVESTMENTS (N.T.) PTY. LTD.,Northern Territory DAMA,05-Mar-2025,04-Mar-2030
BRUNSWICK BAPTIST CHURCH,Industry - Minister of Religion,20-Feb-2025,19-Feb-2030
Bryter Days Construction Pty Ltd,Skilled Refugee Pilot,24-Feb-2025,23-Feb-2030
BULLIVANTS PTY LIMITED,Northern Territory DAMA,07-Mar-2025,06-Mar-2030
BUSSELTON CIVIL PTY LTD,South West DAMA,13-Mar-2025,12-Mar-2030
C MOLONEY & YENOLOM DAIRY PTY. LTD.,Industry - Dairy,05-Mar-2025,04-Mar-2030
Cactus Kangaroo Island Pty Ltd,South Australia Regional DAMA,18-Mar-2025,17-Mar-2030
CAHOUNA PTY LTD,East Kimberley DAMA,20-Feb-2025,19-Feb-2030
Cairns Little Seafood Market Pty Ltd,Far North Queensland DAMA,13-Mar-2025,12-Mar-2030
CAIRNS SURF LIFE SAVING SUPPORTERSCLUB INC,Far North Queensland DAMA,27-Feb-2025,26-Feb-2030
Callcott & Downey Pty Ltd,Company Specific,13-Feb-2025,12-Feb-2030
Carpe Diem Community Services Pty Ltd,Northern Territory DAMA,25-Feb-2025,24-Feb-2030
CENTRAL FRUIT PACKERS PTY LTD,Industry - Horticulture,06-Feb-2025,05-Feb-2030
CHARDIKALAA PTY LTD,South Australia Regional DAMA,18-Feb-2025,17-Feb-2030
"CHISHOLM, SUSAN",Orana DAMA,10-Feb-2025,09-Feb-2030
Christian City Church Ryde,Industry - Minister of Religion,12-Feb-2025,11-Feb-2030
CITIZEN CHURCH INCORPORATED,Industry - Minister of Religion,03-Mar-2025,02-Mar-2030
CJZ Farms Pty Ltd,Industry - Horticulture,26-Feb-2025,25-Feb-2030
COLOMBO GROUP PTY LTD,Northern Territory DAMA,26-Feb-2025,25-Feb-2030
Connect to Nursing Agency Pty.Ltd.,Industry - On-Hire,11-Mar-2025,10-Mar-2030
Craic Mhaith Pty Ltd,Far North Queensland DAMA,21-Feb-2025,20-Feb-2030
CRAIL PTY. LIMITED,South Australia Regional DAMA,19-Feb-2025,18-Feb-2030
CRESCENT COMMUNITY CARE PTY LTD,Company Specific,07-Feb-2025,06-Feb-2030
D.A PENFOLD & V.E PENFOLD,Industry - Dairy,28-Feb-2025,27-Feb-2030
Dai Hiro Sushi Pty Ltd,South Australia Regional DAMA,18-Mar-2025,17-Mar-2030
Dalwinder Pty Ltd,WA DAMA,11-Mar-2025,10-Mar-2030
DEVAT PTY LTD,Industry - Fishing,07-Feb-2025,06-Feb-2030
Diversity Native Seeds Pty Ltd,Orana DAMA,18-Mar-2025,17-Mar-2030
Dumpling King cafe Pty Ltd,South Australia Regional DAMA,04-Mar-2025,03-Mar-2030
DUNPEC PTY. LIMITED,Orana DAMA,21-Feb-2025,20-Feb-2030
DUST GONE CLEANING SERVICES PTY LTD,East Kimberley DAMA,24-Feb-2025,23-Feb-2030
EC CARE PTY. LTD,Far North Queensland DAMA,21-Feb-2025,20-Feb-2030
Edge Marine Pty Ltd,Far North Queensland DAMA,05-Mar-2025,04-Mar-2030
EMBRACE HEALTHCARE SOLUTIONS PTY LTD,Pilbara DAMA,12-Feb-2025,11-Feb-2030
FOREST WILLS HAULAGE PTY LTD,WA DAMA,12-Mar-2025,11-Mar-2030
FOUNDATIONS LEARNING PTY LTD,Company Specific,18-Feb-2025,17-Feb-2030
FOUNTAINDALE FARMS HOLDINGS PTY LTD,Industry - Dairy,28-Feb-2025,27-Feb-2030
Fronditha Care,Company Specific,28-Feb-2025,27-Feb-2030
G.CAVUOTO NOMINEES PTY. LTD.,South Australia Regional DAMA,06-Feb-2025,05-Feb-2030
G.R GRANT & K.A GRANT & R.W GRANT,Industry - Dairy,28-Feb-2025,27-Feb-2030
Garrett Hospitality Regional Hotels Pty Ltd,East Kimberley DAMA,21-Feb-2025,20-Feb-2030
Gawled Pty Ltd,Northern Territory DAMA,25-Feb-2025,24-Feb-2030
GD GEODRILL AUSTRALIA PTY LTD,Company Specific,11-Mar-2025,10-Mar-2030
Gill Farm Operations Pty Ltd,Industry - Horticulture,14-Feb-2025,13-Feb-2030
Gilly Louise Investments Pty Ltd,Pilbara DAMA,26-Feb-2025,25-Feb-2030
GNALLA COMMUNITY PTY LTD,WA DAMA,14-Mar-2025,13-Mar-2030
GO GOULBURN PTY. LTD.,Goulburn Valley DAMA,06-Mar-2025,05-Mar-2030
GOD'S PEOPLE CAMPUS WORSHIP AND MISSION INCORPORATED,Industry - Minister of Religion,20-Feb-2025,19-Feb-2030
GRADIAN PROJECTS PTY LTD,Goulburn Valley DAMA,07-Feb-2025,06-Feb-2030
Grape Lord Pty Ltd,Industry - Horticulture,21-Feb-2025,20-Feb-2030
Halls Creek Supermarket Pty Ltd,East Kimberley DAMA,18-Feb-2025,17-Feb-2030
Hamlet Resources Pty Ltd,Goldfields DAMA,19-Mar-2025,18-Mar-2030
HANDS ON PEOPLE PTY LTD,Northern Territory DAMA,13-Feb-2025,12-Feb-2030
Hari Oil Two Pty Ltd,Goulburn Valley DAMA,24-Feb-2025,23-Feb-2030
HINDU SOCIETY OF SOUTH AUSTRALIA INC,Industry - Minister of Religion,12-Mar-2025,11-Mar-2030
HONG SENG PTY LTD,WA DAMA,19-Mar-2025,18-Mar-2030
HSAK ASSOCIATES PTY LTD,South Australia Regional DAMA,13-Feb-2025,12-Feb-2030
HT NAILS PTY LTD,Pilbara DAMA,03-Mar-2025,02-Mar-2030
HUNGRY JACK'S PTY LTD,Northern Territory DAMA,07-Feb-2025,06-Feb-2030
Imagine Education Early Learning Centres No.26 Pty Ltd,Company Specific,13-Feb-2025,12-Feb-2030
INCI Foods Pty Ltd,Northern Territory DAMA,12-Feb-2025,11-Feb-2030
Indian Chef NT Pty Ltd,Northern Territory DAMA,18-Feb-2025,17-Feb-2030
ISKCON KRISHNA FARM (NEW GOVARDHAN) LIMITED,Industry - Minister of Religion,24-Feb-2025,23-Feb-2030
ISLAMIC MULTICULTURAL ASSOCIATION OF GOLD COAST,Industry - Minister of Religion,12-Feb-2025,11-Feb-2030
ISLAND HOSPITALITY PTY LTD,Townsville DAMA,11-Mar-2025,10-Mar-2030
J R PATEL ENTERPRISE PTY LTD,Far North Queensland DAMA,11-Feb-2025,10-Feb-2030
JKH GROUP PTY LTD,South West DAMA,19-Mar-2025,18-Mar-2030
JM & MM DODWELL PTY. LTD.,Great South Coast DAMA,11-Mar-2025,10-Mar-2030
JOHN KWEH PTY LTD,South Australia Regional DAMA,13-Mar-2025,12-Mar-2030
JP TRANSPORTATION SERVICES PTY LTD,Townsville DAMA,11-Feb-2025,10-Feb-2030
K.G.C. ENTERPRISES PTY LTD,East Kimberley DAMA,07-Feb-2025,06-Feb-2030
KARDINIA CHILDCARE INC,Great South Coast DAMA,13-Feb-2025,12-Feb-2030
Karma Association Of Western Australia Pty Ltd,WA DAMA,14-Mar-2025,13-Mar-2030
KEEGAN TRANSPORT PTY. LTD.,WA DAMA,11-Mar-2025,10-Mar-2030
KELVIN BAXTER TRANSPORT PTY LIMITED,Orana DAMA,05-Feb-2025,04-Feb-2030
KH-K (WA) Pty Ltd,South West DAMA,14-Mar-2025,13-Mar-2030
KIA-ORA PIGGERY PTY. LTD.,Industry - Pork,12-Feb-2025,11-Feb-2030
"KIM, YONGCHEOL",South Australia Regional DAMA,18-Mar-2025,17-Mar-2030
King and Saints Church Inc,Industry - Minister of Religion,11-Mar-2025,10-Mar-2030
Kisima Pty Ltd,Pilbara DAMA,06-Mar-2025,05-Mar-2030
KJ & AE PULLEN,Industry - Dairy,19-Feb-2025,18-Feb-2030
Kompletecare Community and Home Care Services Pty Ltd,South Australia Regional DAMA,28-Feb-2025,27-Feb-2030
KSPK AKT PTY LTD,Townsville DAMA,25-Feb-2025,24-Feb-2030
KUNGFU ENTERPRISE PTY LTD,Northern Territory DAMA,12-Mar-2025,11-Mar-2030
KURANDA RAINFOREST VIEW RESTAURANT PTY LTD,Far North Queensland DAMA,12-Mar-2025,11-Mar-2030
Leaville Holdings Pty Ltd,East Kimberley DAMA,20-Feb-2025,19-Feb-2030
Leecare Solutions Pty Ltd,Skilled Refugee Pilot,19-Feb-2025,18-Feb-2030
Light of Life Christian Centre Inc,Industry - Minister of Religion,26-Feb-2025,25-Feb-2030
LIVEBETTER SERVICES LIMITED,Orana DAMA,11-Mar-2025,10-Mar-2030
LM Holdings (WA) Pty Ltd,South West DAMA,14-Feb-2025,13-Feb-2030
M A JEFFERSON PTY LTD,Industry – Premium Dining,12-Mar-2025,11-Mar-2030
M.A. CENTRE (AUST) PTY LTD,Industry - Minister of Religion,27-Feb-2025,26-Feb-2030
MACORNA PASTORAL COMPANY PTY LTD,Industry - Pork,18-Feb-2025,17-Feb-2030
MACRO MEAT PROCESSING PTY LTD,South Australia Regional DAMA,11-Mar-2025,10-Mar-2030
Magnus Recruitment Solutions Pty Ltd,Industry - On-Hire,21-Feb-2025,20-Feb-2030
MAJESTIC MUSHROOMS Pty Ltd,Orana DAMA,17-Feb-2025,16-Feb-2030
MAJESTIC VENTURES PTY LTD,Northern Territory DAMA,19-Feb-2025,18-Feb-2030
Makybe BJ Pty Ltd,Industry - Fishing,18-Feb-2025,17-Feb-2030
Mala'la Health Service Aboriginal Corporation,Industry - Aged Care,07-Feb-2025,06-Feb-2030
MARANATHA MINISTRY INCORPORATED,Industry - Minister of Religion,06-Mar-2025,05-Mar-2030
Maspro Engineering Trading Pty Ltd,Orana DAMA,14-Mar-2025,13-Mar-2030
MCCRACKEN B J & M E,Industry - Dairy,05-Mar-2025,04-Mar-2030
McLeanview Pty Ltd,Industry - Dairy,18-Feb-2025,17-Feb-2030
"MEMBERS, CHURCH OF GOD INTERNATIONAL AUSTRALIA",Industry - Minister of Religion,26-Feb-2025,25-Feb-2030
MERCY AGED AND COMMUNITY CARE LTD,Industry - Aged Care,14-Feb-2025,13-Feb-2030
MF HOSPITALITY MANAGEMENT LTD,Pilbara DAMA,20-Feb-2025,19-Feb-2030
Mindesigns Group Pty Ltd,Far North Queensland DAMA,06-Mar-2025,05-Mar-2030
MINU THREADING MANAGEMENT PTY LTD,Pilbara DAMA,11-Feb-2025,10-Feb-2030
MON TEMPLE SYDNEY INCORPORATED,Industry - Minister of Religion,28-Feb-2025,27-Feb-2030
MY INDEPENDENT SUPPORT PTY LTD,Company Specific,11-Feb-2025,10-Feb-2030
N.N.M (SA) PTY LTD,South Australia Regional DAMA,18-Feb-2025,17-Feb-2030
N.T. SCAFFOLDS PTY. LTD.,Northern Territory DAMA,06-Feb-2025,05-Feb-2030
Nakamura's Pty Ltd,East Kimberley DAMA,28-Feb-2025,27-Feb-2030
NEWFRONTIERS GRACE CITY CHURCH INCORPORATED,Industry - Minister of Religion,20-Feb-2025,19-Feb-2030
NEWTON ORCHARDS LABOUR SOLUTIONS PTY LTD,Industry - Horticulture,06-Mar-2025,05-Mar-2030
Nexus Division Pty Ltd,Industry - On-Hire,26-Feb-2025,25-Feb-2030
NIAN NIAN LE LE PTY. LTD.,Goulburn Valley DAMA,07-Feb-2025,06-Feb-2030
NORANDA INVESTMENTS PTY LTD,WA DAMA,18-Mar-2025,17-Mar-2030
NT AUTOCARE AND SALES PTY LTD,Northern Territory DAMA,03-Mar-2025,02-Mar-2030
NT FOOD SERVICE PTY LTD,Northern Territory DAMA,26-Feb-2025,25-Feb-2030
O'Connors NT Pty Ltd,Northern Territory DAMA,28-Feb-2025,27-Feb-2030
PAL.COL.MAR. PTY LTD,South Australia Regional DAMA,18-Mar-2025,17-Mar-2030
Paringa View Park Investments Pty Ltd,Industry - Dairy,12-Mar-2025,11-Mar-2030
Parkes Automotive Group Pty Limited,Orana DAMA,21-Feb-2025,20-Feb-2030
PARTNERSHIP BUILDS PTY LTD,South Australia Regional DAMA,06-Mar-2025,05-Mar-2030
PASPALEY PEARLING COMPANY PTY. LIMITED,East Kimberley DAMA,27-Feb-2025,26-Feb-2030
Patel Plus Brothers Pty Ltd,South Australia Regional DAMA,13-Feb-2025,12-Feb-2030
Pathfinders Support Services Pty Ltd,South Australia Regional DAMA,26-Feb-2025,25-Feb-2030
PAWBOY PTY LTD,South West DAMA,18-Mar-2025,17-Mar-2030
PILBARA CEMENT SUPPLIES PTY. LTD.,Goldfields DAMA,13-Mar-2025,12-Mar-2030
Pilbara Distributors Pty Ltd,Pilbara DAMA,06-Feb-2025,05-Feb-2030
PINELANDS SCRAP CAR REMOVAL PTY LTD,Northern Territory DAMA,27-Feb-2025,26-Feb-2030
"PORCU, PIETRO",Industry - Horticulture,11-Mar-2025,10-Mar-2030
"PRASAD, SAJO",East Kimberley DAMA,11-Feb-2025,10-Feb-2030
Premier Fresh Australia Pty Ltd,Industry - Horticulture,20-Feb-2025,19-Feb-2030
Q & Z GROUP PTY LTD,South West DAMA,20-Feb-2025,19-Feb-2030
QPAMS Pty Ltd,Townsville DAMA,05-Feb-2025,04-Feb-2030
QUALIPAC FARMS PTY LTD,Industry - Horticulture,13-Mar-2025,12-Mar-2030
QUEEN & COLLINS PTY LTD,Industry – Premium Dining,12-Feb-2025,11-Feb-2030
QUEENSLAND MEDITATION GROUP INCORPORATED,Industry - Minister of Religion,18-Feb-2025,17-Feb-2030
R B BAKING PTY LTD,South Australia Regional DAMA,07-Feb-2025,06-Feb-2030
Railway Motel Pty Ltd,Goldfields DAMA,12-Mar-2025,11-Mar-2030
Reformed Evangelical Church of Indonesia Incorporated,Industry - Minister of Religion,20-Feb-2025,19-Feb-2030
Regis Aged Care Pty Ltd,Townsville DAMA,12-Feb-2025,11-Feb-2030
RINGTHANE PTY LTD,Pilbara DAMA,11-Mar-2025,10-Mar-2030
Rise Again Car Restorations Pty Ltd,Orana DAMA,18-Mar-2025,17-Mar-2030
RIVALEA (AUSTRALIA) PTY LTD,Industry - Pork,07-Feb-2025,06-Feb-2030
RIVERWAY NOMINEES PTY. LTD.,Northern Territory DAMA,07-Feb-2025,06-Feb-2030
Road Trains of Australia Pty Ltd,Northern Territory DAMA,17-Feb-2025,16-Feb-2030
ROCKY RIDGE GERALDTON PTY LTD,WA DAMA,06-Mar-2025,05-Mar-2030
Roebourne Pty Ltd,Pilbara DAMA,13-Mar-2025,12-Mar-2030
Roman Catholic Trust Corporation for the Diocese of Cairns,Far North Queensland DAMA,20-Feb-2025,19-Feb-2030
RON FINEMORE TRANSPORT SERVICES PTY LIMITED,Company Specific,07-Feb-2025,06-Feb-2030
South Australia Regional DAMA,South Australia Regional DAMA,27-Feb-2025,26-Feb-2030
SAIGON CAFE SA PTY LTD,South Australia Regional DAMA,28-Feb-2025,27-Feb-2030
SB PERTH PTY LTD,WA DAMA,12-Mar-2025,11-Mar-2030
Searson Buck Group Pty Ltd,Industry - On-Hire,11-Mar-2025,10-Mar-2030
Servco Australia Cairns Pty Ltd,Far North Queensland DAMA,12-Feb-2025,11-Feb-2030
SGS AUSTRALIA PTY LTD,Goldfields DAMA,18-Mar-2025,17-Mar-2030
Shepparton Truck Centre Pty Ltd,Goulburn Valley DAMA,19-Mar-2025,18-Mar-2030
"SHORT, LYNDALL ROSSLYN",South Australia Regional DAMA,13-Mar-2025,12-Mar-2030
SHT (SA) Pty Ltd,South Australia Regional DAMA,11-Mar-2025,10-Mar-2030
SHUTAN PTY. LTD.,Northern Territory DAMA,18-Mar-2025,17-Mar-2030
SMART BUILT PTY. LTD.,South Australia Regional DAMA,14-Feb-2025,13-Feb-2030
Snojen Pty Ltd,Orana DAMA,13-Feb-2025,12-Feb-2030
SOCIETY OF ST PIUS X LTD,Industry - Minister of Religion,11-Mar-2025,10-Mar-2030
SPB (2000) Pty Ltd,Industry – Premium Dining,19-Mar-2025,18-Mar-2030
SRI DURGA AUST PTY LTD,Goulburn Valley DAMA,10-Feb-2025,09-Feb-2030
St Lazarus Serbian Orthodox Church,Industry - Minister of Religion,19-Feb-2025,18-Feb-2030
STEVEN VICTOR BOLESTA,South West DAMA,26-Feb-2025,25-Feb-2030
Stewart Agri Pty Ltd,Industry - Dairy,20-Feb-2025,19-Feb-2030
STRIKEFORCE PTY LTD,Industry - Fishing,06-Feb-2025,05-Feb-2030
Success 168 Pty Ltd,Goldfields DAMA,25-Feb-2025,24-Feb-2030
Sugarworld Dental Pty Ltd,Far North Queensland DAMA,24-Feb-2025,23-Feb-2030
"SUN, YINGNA",Northern Territory DAMA,27-Feb-2025,26-Feb-2030
SUNNYCARE HOME SERVICES PTY LTD,Industry - Aged Care,24-Feb-2025,23-Feb-2030
SVS Group Trading Pty Ltd,Orana DAMA,06-Mar-2025,05-Mar-2030
T J & G CASHIN,Industry - Dairy,12-Feb-2025,11-Feb-2030
T.J. INVESTMENTS (NT) PTY LTD,Northern Territory DAMA,14-Feb-2025,13-Feb-2030
TABRO MEAT PTY LTD,Industry - Meat,14-Feb-2025,13-Feb-2030
TAMBREY (WA) PTY LTD,Pilbara DAMA,17-Feb-2025,16-Feb-2030
The Baik Yang Presbyterian Church Inc,Industry - Minister of Religion,25-Feb-2025,24-Feb-2030
The Pioneers Lodge Limited,Orana DAMA,18-Feb-2025,17-Feb-2030
The Pureland Puzhi Association of Toowoomba Inc,Industry - Minister of Religion,12-Feb-2025,11-Feb-2030
The Ripe Bunch Pty Ltd,South West DAMA,28-Feb-2025,27-Feb-2030
THE TRAVEL CORPORATION PTY LTD,Northern Territory DAMA,06-Feb-2025,05-Feb-2030
THE TRUSTEE FOR THE SHER GILL UNIT TRUST,Industry - Horticulture,05-Mar-2025,04-Mar-2030
"THEKKANATH, POULOSE PAUL",Far North Queensland DAMA,03-Mar-2025,02-Mar-2030
TML LABOUR HIRE PTY LTD,South Australia Regional DAMA,27-Feb-2025,26-Feb-2030
TOODYAY SUPERMARKET PTY LTD,WA DAMA,07-Mar-2025,06-Mar-2030
Trinity Nepali Church Incorporated,Industry - Minister of Religion,18-Feb-2025,17-Feb-2030
TRUECARE PHYSIO PTY LTD,Company Specific,04-Mar-2025,03-Mar-2030
TRUSTEE FOR HUFFADINE FAMILY TRUST,Industry - Dairy,07-Feb-2025,06-Feb-2030
Unite Resourcing Pty Ltd,Industry - On-Hire,25-Feb-2025,24-Feb-2030
V1 FUEL PTY LTD,Great South Coast DAMA,20-Feb-2025,19-Feb-2030
Venus Plains Pty Ltd,South Australia Regional DAMA,05-Feb-2025,04-Feb-2030
VFMFOODLAB PTY LTD,East Kimberley DAMA,20-Feb-2025,19-Feb-2030
VFS DISTRIBUTION PTY LTD,Industry - Horticulture,07-Feb-2025,06-Feb-2030
VITOR MARKETING PTY LTD,Industry - Horticulture,19-Mar-2025,18-Mar-2030
WARRNAMBOOL WHALERS HOTEL PTY LTD,Great South Coast DAMA,05-Mar-2025,04-Mar-2030
Wat Buddhalavarn Incorporated,Industry - Minister of Religion,19-Mar-2025,18-Mar-2030
WAYMARK HOTEL GROUP MANAGEMENT PTY LIMITED,Townsville DAMA,07-Mar-2025,06-Mar-2030
WE CARE NQ PTY LTD,Far North Queensland DAMA,14-Feb-2025,13-Feb-2030
West Coast Conveyor Services,Company Specific,13-Mar-2025,12-Mar-2030
WESTERN MEAT PROCESSORS PTY LTD,Industry - Meat,14-Mar-2025,13-Mar-2030
Westlakes Independent Baptist Church Incorporated,Industry - Minister of Religion,14-Feb-2025,13-Feb-2030
WESTSIDE MEATS AUSTRALIA PTY LTD,Industry - Meat,07-Feb-2025,06-Feb-2030
Westwall Holdings Pty Ltd,South West DAMA,11-Mar-2025,10-Mar-2030
Windrow Pty Ltd,WA DAMA,12-Mar-2025,11-Mar-2030
WINTRINGHAM LIMITED,Goulburn Valley DAMA,13-Feb-2025,12-Feb-2030
Woolpack Corner Pty Ltd,Industry - Meat,26-Feb-2025,25-Feb-2030
WORKPAC PTY LTD,Industry - On-Hire,28-Feb-2025,27-Feb-2030
WYNDHAM DESTINATIONS ASIA PACIFIC PTY LTD,Far North Queensland DAMA,07-Mar-2025,06-Mar-2030
Yalata Anangu Aboriginal Corporation,South Australia Regional DAMA,14-Feb-2025,13-Feb-2030
D & C BOWER PTY LTD,Far North Queensland DAMA,07-May-2025,06-May-2030
ALLAN B & CATHERINE J CAMPBELL,Industry - Dairy,07-May-2025,06-May-2030
UNDER PRESSURE CONTRACTING PTY LTD,Goldfields DAMA,07-May-2025,06-May-2030
Stratus Consulting Group Pty Ltd,WA DAMA,07-May-2025,06-May-2030
"ANAMEKA HOLDINGS PTY LTD, YORKS ANAMEKA PTY LTD & AKEMANA TRADING CO PTY LTD",WA DAMA,07-May-2025,06-May-2030
SG AWESOME TILING PTY LTD,WA DAMA,07-May-2025,06-May-2030
MR XEO PTY LTD,South Australia Regional DAMA,07-May-2025,06-May-2030
OPTIMA WINDOWS AND DOORS PTY LTD,South Australia Regional DAMA,07-May-2025,06-May-2030
Forbes Inn Pty Ltd,Orana DAMA,07-May-2025,06-May-2030
Cairns Sparkle Pty Ltd,Far North Queensland DAMA,07-May-2025,06-May-2030
Catalyst IT Australia Pty Limited,Skilled Refugee Pilot,06-May-2025,05-May-2030
Lake Lucas Almonds Pty Ltd,Industry - Horticulture,06-May-2025,05-May-2030
K.E BERMINGHAM & N.V BERMINGHAM,Industry - Dairy,06-May-2025,05-May-2030
J.N DREW & N.R DREW & R.A DREW & S.C DREW,Industry - Dairy,06-May-2025,05-May-2030
DICUGIN PTY LTD,Far North Queensland DAMA,06-May-2025,05-May-2030
G.E MATTHEWS & H MATTHEWS & R.P MATTHEWS,Industry - Dairy,05-May-2025,04-May-2030
PARBERY PASTORAL PTY LIMITED,Industry - Dairy,05-May-2025,04-May-2030
WALTOWA DAIRY COMPANY PTY LTD,Industry - Dairy,05-May-2025,04-May-2030
SYDNEY HIEL KOREAN CHURCH INCORPORATED,Industry - Minister of Religion,02-May-2025,01-May-2030
The Trustee for The Dobra Garden Trust,Industry - Horticulture,02-May-2025,01-May-2030
Cocomil Pty Ltd,Industry – Premium Dining,02-May-2025,01-May-2030
MCALPINE FARMS WOODSIDE PTY LTD,Industry - Dairy,02-May-2025,01-May-2030
Schulz Agri Farms Pty Ltd,Industry - Dairy,02-May-2025,01-May-2030
MEDISERVE PTY LTD,Industry - On-Hire,01-May-2025,30-Apr-2030
FOR STAFF SOLUTIONS PTY LTD,Industry - On-Hire,01-May-2025,30-Apr-2030
D T NGUYEN PTY LTD,Industry - Horticulture,01-May-2025,30-Apr-2030
ACMII Australia 2 Pty Ltd,Industry - Horticulture,01-May-2025,30-Apr-2030
G Capital No. 3 Trading Pty Ltd,Industry – Premium Dining,01-May-2025,30-Apr-2030
Bellevue Gold Limited,Goldfields DAMA,01-May-2025,30-Apr-2030
THE CATHOLIC DIOCESE OF PORT PIRIE INC STAR OF THE SEA HOME FOR THE AGED,South Australia Regional DAMA,01-May-2025,30-Apr-2030
HILLVIEW ORCHARDS PTY LTD,South Australia Regional DAMA,01-May-2025,30-Apr-2030
DSN TRADING PTY LTD,South Australia Regional DAMA,01-May-2025,30-Apr-2030
STOCKPRO PTY LTD,Orana DAMA,01-May-2025,30-Apr-2030
THE TATLER GROUP PROPRIETARY LIMITED,Orana DAMA,01-May-2025,30-Apr-2030
JMTI PTY LTD,Far North Queensland DAMA,01-May-2025,30-Apr-2030
AMITY RESOURCES PTY LTD,Industry - On-Hire,29-Apr-2025,28-Apr-2030
L.J COWHAN & P.H COWHAN,Industry - Dairy,29-Apr-2025,28-Apr-2030
Victorian Elderly Chinese Welfare Society Inc,Industry - Aged Care,29-Apr-2025,28-Apr-2030
Harman Gill Transport Pty Ltd,WA DAMA,29-Apr-2025,28-Apr-2030
LYKKE NOMINEES PTY LTD,WA DAMA,29-Apr-2025,28-Apr-2030
Truck Art Trailers Pty Ltd,Orana DAMA,29-Apr-2025,28-Apr-2030
SRI KARTIKYA PTY LTD,Orana DAMA,29-Apr-2025,28-Apr-2030
Loris H Hassall Trading Pty Ltd,Orana DAMA,29-Apr-2025,28-Apr-2030
HAMPSON BROS PTY LIMITED,Industry - Horticulture,28-Apr-2025,27-Apr-2030
M. & A. GARDINER PTY. LTD.,Industry - Dairy,28-Apr-2025,27-Apr-2030
WEUSANDI CONTRACTING PTY LTD,Goldfields DAMA,28-Apr-2025,27-Apr-2030
Nunora Ag Pty Ltd,South Australia Regional DAMA,28-Apr-2025,27-Apr-2030
ANZ Community Pty Ltd,South Australia Regional DAMA,28-Apr-2025,27-Apr-2030
NB2 FARMING LTD,Far North Queensland DAMA,28-Apr-2025,27-Apr-2030
DARLLEN PTY LTD,East Kimberley DAMA,28-Apr-2025,27-Apr-2030
NURSE AID AUSTRALIA PTY LTD,South Australia Regional DAMA,24-Apr-2025,23-Apr-2030
MOULAMEIN RETIREMENT VILLAGE INC,Orana DAMA,24-Apr-2025,23-Apr-2030
730 PTY LTD,Orana DAMA,24-Apr-2025,23-Apr-2030
Stellar Care Pty Ltd,Company Specific,24-Apr-2025,23-Apr-2030
T & G ENTERPRISES (VIC) PTY LTD,Company Specific,24-Apr-2025,23-Apr-2030
Umoona Tjutagku Health Service Aboriginal Corporation,Industry - Aged Care,23-Apr-2025,22-Apr-2030
Barcorp Holdings Pty Ltd,Goldfields DAMA,23-Apr-2025,22-Apr-2030
KIM & J CO PTY LTD,South West DAMA,23-Apr-2025,22-Apr-2030
Ochre Nation Pty Ltd,South Australia Regional DAMA,23-Apr-2025,22-Apr-2030
Hains & Co Pty Ltd,South Australia Regional DAMA,23-Apr-2025,22-Apr-2030
MQ GRIFFITH PTY LTD,Orana DAMA,23-Apr-2025,22-Apr-2030
Settlement Services International Limited,Skilled Refugee Pilot,22-Apr-2025,21-Apr-2030
Prayer House Incorporated,Industry - Minister of Religion,22-Apr-2025,21-Apr-2030
ASHBERN FARMS PTY LTD,Industry - Horticulture,22-Apr-2025,21-Apr-2030
Del Fuego Pty Ltd,Industry - Fishing,22-Apr-2025,21-Apr-2030
BRUNSWICK BAR SUPPLIES PTY LTD,Industry – Premium Dining,22-Apr-2025,21-Apr-2030
LA FERME PTY. LTD.,Industry - Dairy,22-Apr-2025,21-Apr-2030
KL Gannon & NJ Gannon,Industry - Dairy,22-Apr-2025,21-Apr-2030
TERLINE PTY LTD,Industry - Dairy,22-Apr-2025,21-Apr-2030
Pannu Co Pty Ltd,WA DAMA,22-Apr-2025,21-Apr-2030
LNJ TILING PTY LTD,WA DAMA,22-Apr-2025,21-Apr-2030
Australia Milling Group Pty Ltd,South Australia Regional DAMA,22-Apr-2025,21-Apr-2030
CARE NT PTY LTD,Northern Territory DAMA,22-Apr-2025,21-Apr-2030
VNC UNITED PTY LTD,Far North Queensland DAMA,22-Apr-2025,21-Apr-2030
WATTICO INDUSTRIES PTY LTD,WA DAMA,17-Apr-2025,16-Apr-2030
APEX BUILDING (AUS) PTY LTD,WA DAMA,17-Apr-2025,16-Apr-2030
TREMOR MINING & CIVIL PTY LTD,WA DAMA,17-Apr-2025,16-Apr-2030
ZEST AMBROSIA PTY LTD,South Australia Regional DAMA,17-Apr-2025,16-Apr-2030
LIFESTYLE ASSISTANCE & ACCOMODATION SERVICE INC,South Australia Regional DAMA,17-Apr-2025,16-Apr-2030
RED VEND PTY LTD,Pilbara DAMA,17-Apr-2025,16-Apr-2030
Classic Contractors Pty Ltd,WA DAMA,16-Apr-2025,15-Apr-2030
SERVCO AUSTRALIA DUBBO PTY LTD,Orana DAMA,16-Apr-2025,15-Apr-2030
Adorable Living Pty Ltd,Company Specific,16-Apr-2025,15-Apr-2030
ESPERANCE AGED CARE FACILITY INC,Goldfields DAMA,15-Apr-2025,14-Apr-2030
PROBELOGIC PTY LTD,WA DAMA,15-Apr-2025,14-Apr-2030
JMD FM PTY LTD,Pilbara DAMA,15-Apr-2025,14-Apr-2030
PACTUM DAIRY GROUP PTY. LTD.,Goulburn Valley DAMA,15-Apr-2025,14-Apr-2030
Daulats Delights Pty Ltd,Far North Queensland DAMA,15-Apr-2025,14-Apr-2030
Innisfail bananas Pty ltd,Far North Queensland DAMA,15-Apr-2025,14-Apr-2030
The Game Meats Company of Australia Pty Ltd,Industry - Meat,14-Apr-2025,13-Apr-2030
Quintarra Farms,Goldfields DAMA,14-Apr-2025,13-Apr-2030
Steel Mission Pty Ltd,WA DAMA,14-Apr-2025,13-Apr-2030
Eagle Valley & Co Pty Ltd,South West DAMA,14-Apr-2025,13-Apr-2030
PROJECT BUILDING SUPPLIES SOUTH WEST PTY LTD,South West DAMA,14-Apr-2025,13-Apr-2030
Greenvalley Asset Pty Ltd,Pilbara DAMA,14-Apr-2025,13-Apr-2030
Gumtree Farms Pty Ltd,Industry - Dairy,11-Apr-2025,10-Apr-2030
COX AGRI PTY LTD,Industry - Dairy,11-Apr-2025,10-Apr-2030
B.W MCDOWALL & L.G MCDOWALL,Industry - Dairy,11-Apr-2025,10-Apr-2030
BEDFORD HARBOUR ENGINEERING PTY LTD,Goldfields DAMA,11-Apr-2025,10-Apr-2030
BLUE LAKE MILLING PTY LTD,South Australia Regional DAMA,11-Apr-2025,10-Apr-2030
S C Lindsay Pty Ltd,South Australia Regional DAMA,11-Apr-2025,10-Apr-2030
Joyce Krane Australia Pty Ltd,Pilbara DAMA,11-Apr-2025,10-Apr-2030
THORNTRAIL PTY. LIMITED,Goulburn Valley DAMA,11-Apr-2025,10-Apr-2030
38 Lake Street Trading Pty Ltd,Far North Queensland DAMA,11-Apr-2025,10-Apr-2030
The Fur Salon by Rufus & Coco Pty Ltd,Company Specific,11-Apr-2025,10-Apr-2030
Easy Skill Australia Pty Ltd,Industry - On-Hire,10-Apr-2025,09-Apr-2030
Jacana Dairy Pty Ltd,Industry - Dairy,10-Apr-2025,09-Apr-2030
Adam and Nicole Walpole Pty Ltd,Industry - Dairy,10-Apr-2025,09-Apr-2030
ASSETBUILD PTY LTD,WA DAMA,10-Apr-2025,09-Apr-2030
CEDUNA COMMUNITY HOTEL LIMITED,South Australia Regional DAMA,10-Apr-2025,09-Apr-2030
COLLIER & MILLER PTY LTD,Orana DAMA,10-Apr-2025,09-Apr-2030
Sarumo Pty Ltd,Orana DAMA,10-Apr-2025,09-Apr-2030
APOLLO FABRICATION GROUP PTY LTD,Orana DAMA,10-Apr-2025,09-Apr-2030
G. & K. O'CONNOR PTY LTD,Industry - Meat,09-Apr-2025,08-Apr-2030
MYENSON PARK PTY LTD,Industry - Dairy,09-Apr-2025,08-Apr-2030
S.SIGNATURE PTY LTD,WA DAMA,09-Apr-2025,08-Apr-2030
GLENROWAN FARMING PTY LTD,WA DAMA,09-Apr-2025,08-Apr-2030
ECHUCA CURRY CLUB PTY LTD,Goulburn Valley DAMA,09-Apr-2025,08-Apr-2030
LSRKJ PTY LTD,Goulburn Valley DAMA,09-Apr-2025,08-Apr-2030
N D GLOBAL PTY LTD,Industry - On-Hire,08-Apr-2025,07-Apr-2030
Looton Dairy Pty Ltd,Industry - Dairy,08-Apr-2025,07-Apr-2030
GYRO AUSTRALIA PTY LTD,Goldfields DAMA,08-Apr-2025,07-Apr-2030
3V Transport Pty Ltd,WA DAMA,08-Apr-2025,07-Apr-2030
THE BRITISH HAM AND BACON COMPANY PTY LTD,WA DAMA,08-Apr-2025,07-Apr-2030
Y C Total Service Pty Ltd,WA DAMA,08-Apr-2025,07-Apr-2030
Salva Transport Pty Ltd,WA DAMA,08-Apr-2025,07-Apr-2030
THE BRITISH SAUSAGE COMPANY PTY LTD,WA DAMA,08-Apr-2025,07-Apr-2030
ACE CONSTRUCTION (VIC) PTY LTD & DAISY LODGE PTY LTD,Orana DAMA,08-Apr-2025,07-Apr-2030
TRINITY RETAIL PTY LTD,Orana DAMA,08-Apr-2025,07-Apr-2030
BISTRO SOCIALE TRADING PTY LTD,Orana DAMA,08-Apr-2025,07-Apr-2030
L & G MOTOR GROUP PTY LIMITED,Orana DAMA,08-Apr-2025,07-Apr-2030
SHREE SWAMINARAYAN GURUKUL AUSTRALIA PTY LTD,Industry - Minister of Religion,07-Apr-2025,06-Apr-2030
Pardip & Seema Singh,Industry - Horticulture,07-Apr-2025,06-Apr-2030
J.H BROAD & M.O BROAD,Industry - Dairy,07-Apr-2025,06-Apr-2030
S C Lindsay Pty Ltd,Townsville DAMA,07-Apr-2025,06-Apr-2030
T & K MCKRILL HOLDINGS PTY LTD,South West DAMA,07-Apr-2025,06-Apr-2030
TOM TOM BROTHERS PTY LTD,Company Specific,07-Apr-2025,06-Apr-2030
ETERNITY CHRISTIAN CHURCH IN PERTH INC.,Industry - Minister of Religion,04-Apr-2025,03-Apr-2030
Skyblue Enterprises Pty Ltd,Goldfields DAMA,04-Apr-2025,03-Apr-2030
NARACOORTE SEEDS PTY LTD,South Australia Regional DAMA,04-Apr-2025,03-Apr-2030
OASIS NEWMAN OPERATIONS PTY LTD,Pilbara DAMA,04-Apr-2025,03-Apr-2030
V. BOSCATO & CO. PTY. LIMITED,Northern Territory DAMA,04-Apr-2025,03-Apr-2030
Dominic Robert Dare,Great South Coast DAMA,04-Apr-2025,03-Apr-2030
Ichi Trading Pty Ltd,Far North Queensland DAMA,04-Apr-2025,03-Apr-2030
Seascape Holidays Queensland Pty Ltd,Far North Queensland DAMA,04-Apr-2025,03-Apr-2030
VANWHEEL PTY. LTD.,Far North Queensland DAMA,04-Apr-2025,03-Apr-2030
S C Lindsay Pty Ltd,Far North Queensland DAMA,04-Apr-2025,03-Apr-2030
JOINT SOLUTIONS LIFESTYLE 1.0 PTY LTD,Skilled Refugee Pilot,03-Apr-2025,02-Apr-2030
OM & WA PTY LTD,WA DAMA,03-Apr-2025,02-Apr-2030
STREAKY BAY HOTEL NOMINEES PTY LTD,South Australia Regional DAMA,03-Apr-2025,02-Apr-2030
Cozac Group Pty Ltd,Great South Coast DAMA,03-Apr-2025,02-Apr-2030
Delivery Nerd Pty Ltd,East Kimberley DAMA,03-Apr-2025,02-Apr-2030
TUFFY'S PTY LTD,East Kimberley DAMA,03-Apr-2025,02-Apr-2030
A2Z SOLUTIONS PTY LTD,Industry - Horticulture,02-Apr-2025,01-Apr-2030
OAKREEF HOLDINGS PTY LTD,Industry - Fishing,02-Apr-2025,01-Apr-2030
Fels Farming Pty Ltd,Goldfields DAMA,02-Apr-2025,01-Apr-2030
Ahanacare Pty Ltd,WA DAMA,02-Apr-2025,01-Apr-2030
SHARSO PTY LTD,South West DAMA,02-Apr-2025,01-Apr-2030
MAISON LASSIAILLE PTY LTD,South West DAMA,02-Apr-2025,01-Apr-2030
Kodomo Care Pty Ltd,South West DAMA,02-Apr-2025,01-Apr-2030
VISION & CARE PTY LTD,South Australia Regional DAMA,02-Apr-2025,01-Apr-2030
STONE ISLAND INVESTMENTS PTY. LTD.,Northern Territory DAMA,02-Apr-2025,01-Apr-2030
Hume Valley Pty Ltd,Goulburn Valley DAMA,02-Apr-2025,01-Apr-2030
East Kimberley Design Pty Ltd,East Kimberley DAMA,02-Apr-2025,01-Apr-2030
Yura Yungi Medical Service Aboriginal Corporation,East Kimberley DAMA,02-Apr-2025,01-Apr-2030
Cornerstone Medical Recruitment Pty Ltd,Industry - On-Hire,01-Apr-2025,31-Mar-2030
The Corp of The City Tabernacle,Industry - Minister of Religion,01-Apr-2025,31-Mar-2030
J.A MORRISON & A.O PELLETT,Industry - Dairy,01-Apr-2025,31-Mar-2030
Northern Coalfields Community Care Association Limited,Industry - Aged Care,01-Apr-2025,31-Mar-2030
Tandagin Pty Ltd,WA DAMA,01-Apr-2025,31-Mar-2030
Care Axis PTY LTD,South West DAMA,01-Apr-2025,31-Mar-2030
GIDLEY HOLDINGS PTY LTD,Orana DAMA,01-Apr-2025,31-Mar-2030
Vetronic Glass and Aluminium Pty Ltd,Far North Queensland DAMA,01-Apr-2025,31-Mar-2030
GREENBAY FOODS PTY LTD,Skilled Refugee Pilot,31-Mar-2025,30-Mar-2030
SHREE SANATAN DHARM SABHA OF NSW INC,Industry - Minister of Religion,31-Mar-2025,30-Mar-2030
WESTERN VICTORIA SRI-LANKAN BUDDHIST ASSOCIATION INC.,Industry - Minister of Religion,31-Mar-2025,30-Mar-2030
Majestic Selections Pty Ltd,Industry - Horticulture,31-Mar-2025,30-Mar-2030
ALEMRE CALIDA PTY LTD,Industry – Premium Dining,31-Mar-2025,30-Mar-2030
Alemre Mucho SB Pty Ltd,Industry – Premium Dining,31-Mar-2025,30-Mar-2030
BELJAD PTY LTD,Industry - Dairy,31-Mar-2025,30-Mar-2030
MK Platinum Pty Ltd,WA DAMA,31-Mar-2025,30-Mar-2030
Goldcape Holdings (WA) Pty Ltd,South West DAMA,31-Mar-2025,30-Mar-2030
AZF INVESTMENTS PTY LTD,South Australia Regional DAMA,31-Mar-2025,30-Mar-2030
FLIP SCREEN AUSTRALIA PTY. LTD.,Orana DAMA,31-Mar-2025,30-Mar-2030
Serbian Orthodox Church Of The Dormition Of The Most Holy Mother Of God Gold Coast Incorporated,Industry - Minister of Religion,28-Mar-2025,27-Mar-2030
BING TAK TONG LIMITED,Industry - Minister of Religion,28-Mar-2025,27-Mar-2030
L. & G. MEATS PTY. LTD.,Industry - Meat,28-Mar-2025,27-Mar-2030
CARRAMAR ENTERPRISE PTY LTD,Industry - Dairy,28-Mar-2025,27-Mar-2030
Carespace Australia Support Services Pty Ltd,WA DAMA,28-Mar-2025,27-Mar-2030
BENIPAL BROTHERS PTY LTD,WA DAMA,28-Mar-2025,27-Mar-2030
CATHOLIC EDUCATION OFFICE,Northern Territory DAMA,28-Mar-2025,27-Mar-2030
Viv Foods Pty Ltd,Far North Queensland DAMA,28-Mar-2025,27-Mar-2030
TEAGHLACH ENTERPRISE PTY LTD,Company Specific,28-Mar-2025,27-Mar-2030
Complete Pty Ltd,Company Specific,28-Mar-2025,27-Mar-2030
ACCESS ENGINEERING GROUP PTY LTD,Company Specific,28-Mar-2025,27-Mar-2030
Quality Rugs and More Pty Ltd,Skilled Refugee Pilot,27-Mar-2025,26-Mar-2030
IVEGA GROUP PTY LTD,Industry - On-Hire,27-Mar-2025,26-Mar-2030
SYDNEY NEW COMMUNITY CHURCH INCORPORATED,Industry - Minister of Religion,27-Mar-2025,26-Mar-2030
Islamic Society of Central Queensland Inc,Industry - Minister of Religion,27-Mar-2025,26-Mar-2030
Austral Almonds Management Pty Ltd,Industry - Horticulture,27-Mar-2025,26-Mar-2030
PURESEA INVESTMENTS PTY LTD,Industry - Fishing,27-Mar-2025,26-Mar-2030
Olive and Angelo Pty Ltd,Industry – Premium Dining,27-Mar-2025,26-Mar-2030
TARIPTA FARM PTY LTD,Industry - Dairy,27-Mar-2025,26-Mar-2030
T & AR TROPIANO,WA DAMA,27-Mar-2025,26-Mar-2030
THE CARERS' PHONE PTY LTD,South Australia Regional DAMA,27-Mar-2025,26-Mar-2030
GURU CARE AUTOMOTIVE PTY LTD,Far North Queensland DAMA,27-Mar-2025,26-Mar-2030
NORTH WEST MOTOR GROUP PTY LTD,East Kimberley DAMA,27-Mar-2025,26-Mar-2030
Warroo Game Meats Pty Ltd,Industry - Meat,26-Mar-2025,25-Mar-2030
F&J Services (CBD) Pty Ltd,Industry – Premium Dining,26-Mar-2025,25-Mar-2030
NQFD PTY LTD,Townsville DAMA,26-Mar-2025,25-Mar-2030
VERDANT HOLDINGS PTY LTD,Pilbara DAMA,26-Mar-2025,25-Mar-2030
TR Group PTY LTD,Orana DAMA,26-Mar-2025,25-Mar-2030
RNS CLEANING SERVICES PTY LTD,Northern Territory DAMA,26-Mar-2025,25-Mar-2030
EVERT OPALS PTY LTD,Far North Queensland DAMA,26-Mar-2025,25-Mar-2030
G BISHOPS TRANSPORT SERVICES PTY LTD,East Kimberley DAMA,26-Mar-2025,25-Mar-2030
MULTICULTURAL CHRISTIAN FELLOWSHIP OF AUSTRALIA INCORPORATED,Industry - Minister of Religion,25-Mar-2025,24-Mar-2030
4 SEAS PTY LTD,Industry - Fishing,25-Mar-2025,24-Mar-2030
J&S PARSONS HOLDINGS PTY LTD,Goldfields DAMA,25-Mar-2025,24-Mar-2030
KGI Logistics Pty Ltd,WA DAMA,25-Mar-2025,24-Mar-2030
Simran WA Logistics Pty Ltd,WA DAMA,25-Mar-2025,24-Mar-2030
SAMCHA HOLDINGS PTY LTD,WA DAMA,25-Mar-2025,24-Mar-2030
WESTERN HEALTHCARE PTY LTD,South West DAMA,25-Mar-2025,24-Mar-2030
"CAREY, JOHN WAYNE",South West DAMA,25-Mar-2025,24-Mar-2030
PHILIPS & JOHNS TRADING PTY LTD,South Australia Regional DAMA,25-Mar-2025,24-Mar-2030
BRIDGEWATER PUB PTY LTD,South Australia Regional DAMA,25-Mar-2025,24-Mar-2030
R Kaur & G Sahota & L Sahota & A Singh,Far North Queensland DAMA,25-Mar-2025,24-Mar-2030
DES EYE SURGERY PTY LTD,Skilled Refugee Pilot,24-Mar-2025,23-Mar-2030
First GC Pty Ltd,Industry - Meat,24-Mar-2025,23-Mar-2030
PMC HOSPITALITY PTY. LTD.,Industry – Premium Dining,24-Mar-2025,23-Mar-2030
TWG GROUP RESOURCES PTY LTD,Industry – Premium Dining,24-Mar-2025,23-Mar-2030
Gordon Pastoral Pty Ltd,Industry - Dairy,24-Mar-2025,23-Mar-2030
STEP NINE PTY LTD,WA DAMA,24-Mar-2025,23-Mar-2030
WA SAND Supply & Haulage Pty Ltd,WA DAMA,24-Mar-2025,23-Mar-2030
VIRK TRANSPORT SOLUTIONS PTY LTD,WA DAMA,24-Mar-2025,23-Mar-2030
STYGIAN NOMINEES PTY. LTD.,WA DAMA,24-Mar-2025,23-Mar-2030
Tung Transport Pty Ltd,WA DAMA,24-Mar-2025,23-Mar-2030
EMBRY CARE SERVICES PTY LTD,South Australia Regional DAMA,24-Mar-2025,23-Mar-2030
WHITE LINE TRANSPORT (AUST.) PTY. LTD.,South Australia Regional DAMA,24-Mar-2025,23-Mar-2030
NICOLA'S MACHINERY PTY LTD,South Australia Regional DAMA,24-Mar-2025,23-Mar-2030
Postal Angels Pty Ltd,Orana DAMA,24-Mar-2025,23-Mar-2030
MINH NHAN PTY LTD,Northern Territory DAMA,24-Mar-2025,23-Mar-2030
4S Group Pty Ltd,Great South Coast DAMA,24-Mar-2025,23-Mar-2030
YELLOW LEAF DINING PTY LTD,Far North Queensland DAMA,24-Mar-2025,23-Mar-2030
IONSKI PTY LTD,Far North Queensland DAMA,24-Mar-2025,23-Mar-2030
CHINA HOME PTY LTD,Far North Queensland DAMA,24-Mar-2025,23-Mar-2030
M.S. WHOLESALERS PTY. LTD.,Far North Queensland DAMA,24-Mar-2025,23-Mar-2030
Glass Wave Pty Ltd,East Kimberley DAMA,24-Mar-2025,23-Mar-2030
VICTORIA CITY TILING PTY LTD,Skilled Refugee Pilot,21-Mar-2025,20-Mar-2030
MANNUS2 PTY LTD,Industry - Meat,21-Mar-2025,20-Mar-2030
S&J McClure Investments No2 Pty Ltd,WA DAMA,21-Mar-2025,20-Mar-2030
ELEVATE CONSTRUCT PTY LTD,South Australia Regional DAMA,21-Mar-2025,20-Mar-2030
BARUNGA VILLAGE INC,South Australia Regional DAMA,21-Mar-2025,20-Mar-2030
MUELLER AUTOMOTIVE PTY LTD,Far North Queensland DAMA,21-Mar-2025,20-Mar-2030
VIETNAM GRACE CHURCH BRISBANE INC.,Industry - Minister of Religion,20-Mar-2025,19-Mar-2030
Mata Durga Temple Religious & Cultural Inc.,Industry - Minister of Religion,20-Mar-2025,19-Mar-2030
JTGC DEVELOPMENT PTY LTD,Industry – Premium Dining,20-Mar-2025,19-Mar-2030
ESPERANCE FRESH FOOD PTY LTD,Goldfields DAMA,20-Mar-2025,19-Mar-2030
SIXTH EASTWAY PTY LTD,Skilled Refugee Pilot,19-Mar-2025,18-Mar-2030
ELMAR FARMS PTY. LTD.,Industry - Dairy,02-Dec-2024,01-Dec-2029
CAMBODIAN BUDDHIST ASSOCIATION OF VICTORIA INCORPORATED,Industry - Minister of Religion,16-Jul-2025,15-Jul-2030
M & N BLAND PTY. LTD.,Industry - Dairy,16-Jul-2025,15-Jul-2030
VASSE AUTOMOTIVE PTY LTD,South West DAMA,16-Jul-2025,15-Jul-2030
Bethel Bible Baptist Church Inc.,Industry - Minister of Religion,15-Jul-2025,14-Jul-2030
DRAGE BOILERMAKING SERVICES PTY LTD,Goldfields DAMA,15-Jul-2025,14-Jul-2030
TOM'S BROOK TRADING PTY LTD,Goldfields DAMA,15-Jul-2025,14-Jul-2030
BIG LAKE FARMING PTY LTD,WA DAMA,15-Jul-2025,14-Jul-2030
T.F. & J.M. ROBINSON PTY LTD,WA DAMA,15-Jul-2025,14-Jul-2030
NIPPON FOOD ART PTY LTD,WA DAMA,15-Jul-2025,14-Jul-2030
SM HEAVY MOVERS PTY LTD,WA DAMA,15-Jul-2025,14-Jul-2030
JULIETTE'S GROUP PTY LTD,Townsville DAMA,15-Jul-2025,14-Jul-2030
PERFECT MEDICAL AND DENTAL CLINIC PTY LTD,South Australia Regional DAMA,15-Jul-2025,14-Jul-2030
Topfield Farms Pty Ltd,South Australia Regional DAMA,15-Jul-2025,14-Jul-2030
LAYLO PTY LTD,South Australia Regional DAMA,15-Jul-2025,14-Jul-2030
RPK FAMILY PTY LTD,Orana DAMA,15-Jul-2025,14-Jul-2030
N PARKES MOTEL PTY LTD,Orana DAMA,15-Jul-2025,14-Jul-2030
Tjuwanpa Outstation Resource Centre (Aboriginal Corporation),Northern Territory DAMA,15-Jul-2025,14-Jul-2030
DEEMAT PTY. LIMITED,Northern Territory DAMA,15-Jul-2025,14-Jul-2030
NEPTUNE NT PTY LTD,Northern Territory DAMA,15-Jul-2025,14-Jul-2030
Catholic Education Sandhurst Limited,Goulburn Valley DAMA,15-Jul-2025,14-Jul-2030
Alfa Locksmiths & Security Solutions Pty Ltd,Far North Queensland DAMA,15-Jul-2025,14-Jul-2030
SFT Trio Pty Ltd,Far North Queensland DAMA,15-Jul-2025,14-Jul-2030
KUNUNURRA CLEANING SERVICES PTY LTD,East Kimberley DAMA,15-Jul-2025,14-Jul-2030
LAUNCESTON FULL GOSPEL CHURCH INC,Industry - Minister of Religion,14-Jul-2025,13-Jul-2030
Toberfish Pty Ltd,Industry - Fishing,14-Jul-2025,13-Jul-2030
BAPTISTCARE WA LIMITED,Industry - Aged Care,14-Jul-2025,13-Jul-2030
R.L BIELBY & S.J LYNEHAM,Industry - Pork,11-Jul-2025,10-Jul-2030
TOP MULTIPLIER PTY LTD,Industry - Pork,11-Jul-2025,10-Jul-2030
KELLETT STREET PTY LTD,Industry – Premium Dining,11-Jul-2025,10-Jul-2030
The Trustee for Otway Milk Farm Trust,Industry - Dairy,11-Jul-2025,10-Jul-2030
VIEW PARK HOLDINGS PTY. LTD.,Industry - Dairy,11-Jul-2025,10-Jul-2030
REDSAIL HOLDINGS PTY LTD,WA DAMA,11-Jul-2025,10-Jul-2030
LOGISTIC SOLUTIONS PERTH PTY LTD,WA DAMA,11-Jul-2025,10-Jul-2030
D M Stanich & Co Pty Ltd,WA DAMA,11-Jul-2025,10-Jul-2030
Ashley Starcevich & Co Pty Ltd,WA DAMA,11-Jul-2025,10-Jul-2030
BOLDSTAR ENTERPRISES PTY LTD,WA DAMA,11-Jul-2025,10-Jul-2030
L AND J ARNOTT INVESTMENTS PTY LTD,Northern Territory DAMA,11-Jul-2025,10-Jul-2030
R & R ACCOUNTING PTY LTD,Northern Territory DAMA,11-Jul-2025,10-Jul-2030
TRAVEL & LEISURE AUSTRALIA PTY LTD,South West DAMA,10-Jul-2025,09-Jul-2030
Cable Beach Tavern Pty Ltd,East Kimberley DAMA,10-Jul-2025,09-Jul-2030
Factor 6 Pty Ltd,WA DAMA,09-Jul-2025,08-Jul-2030
Rafia Bari Pty Ltd,WA DAMA,09-Jul-2025,08-Jul-2030
REDEEMED CARE INCORPORATED,WA DAMA,09-Jul-2025,08-Jul-2030
Elite Linen Pty Ltd,WA DAMA,09-Jul-2025,08-Jul-2030
The Spirited Goat PTY LTD,Townsville DAMA,09-Jul-2025,08-Jul-2030
CAVES ROAD CONSTRUCTIONS PTY LTD,South West DAMA,09-Jul-2025,08-Jul-2030
Percie Group Pty Ltd,Orana DAMA,09-Jul-2025,08-Jul-2030
LMMR Pty Ltd,Northern Territory DAMA,09-Jul-2025,08-Jul-2030
DEVA SHORT STAY PTY LTD,Northern Territory DAMA,09-Jul-2025,08-Jul-2030
NT ENERGY CONTRACTING PTY LTD,Northern Territory DAMA,09-Jul-2025,08-Jul-2030
WACE Group Pty Ltd,Northern Territory DAMA,09-Jul-2025,08-Jul-2030
THE LIEBIG PTY. LTD.,Great South Coast DAMA,09-Jul-2025,08-Jul-2030
STOCKMAN'S EGGS PTY LTD,Far North Queensland DAMA,09-Jul-2025,08-Jul-2030
Cairns Ever Cool Pty Ltd,Far North Queensland DAMA,09-Jul-2025,08-Jul-2030
Team Tree Lopper Pty Ltd,East Kimberley DAMA,09-Jul-2025,08-Jul-2030
PAB MAC PTY LTD,East Kimberley DAMA,09-Jul-2025,08-Jul-2030
B FORD & C.J FORD,Industry - Pork,08-Jul-2025,07-Jul-2030
Agriexchange Pty Ltd,Industry - Horticulture,08-Jul-2025,07-Jul-2030
ST CLAIR FARMS PTY. LTD.,Industry - Dairy,08-Jul-2025,07-Jul-2030
A.M KENT & K.G KENT & S.C KENT & T.D KENT,Industry - Dairy,08-Jul-2025,07-Jul-2030
MAXI CARE PLUS PTY LTD,Company Specific,08-Jul-2025,07-Jul-2030
OUR REDEEMER LUTHERAN CHURCH,Industry - Minister of Religion,07-Jul-2025,06-Jul-2030
KLK FARMS PTY LTD,Industry - Horticulture,07-Jul-2025,06-Jul-2030
HURRICANE'S MANAGEMENT PTY LTD,Industry – Premium Dining,07-Jul-2025,06-Jul-2030
MUSCOR PTY LTD,Industry - Dairy,07-Jul-2025,06-Jul-2030
JPC INVESTMENTS (WA) PTY LTD,WA DAMA,07-Jul-2025,06-Jul-2030
CAPRAL LIMITED,WA DAMA,07-Jul-2025,06-Jul-2030
MCCONVILLE ENTERPRISES PTY LTD,South West DAMA,07-Jul-2025,06-Jul-2030
L & F BAKERY PTY LTD,South Australia Regional DAMA,07-Jul-2025,06-Jul-2030
HOTEL NEWMAN PTY LTD,Pilbara DAMA,07-Jul-2025,06-Jul-2030
COTTBEACH PTY LTD,Northern Territory DAMA,07-Jul-2025,06-Jul-2030
GARV VANSH PTY LTD,Northern Territory DAMA,07-Jul-2025,06-Jul-2030
FRONTIER MIGRATION SOLUTIONS PTY LTD,Northern Territory DAMA,07-Jul-2025,06-Jul-2030
Halcyon (AUST) PTY LTD,Far North Queensland DAMA,07-Jul-2025,06-Jul-2030
DOMESHELTER AUSTRALIA PTY LTD,WA DAMA,05-Jul-2025,04-Jul-2030
GHS REGIONAL WA PTY LTD,WA DAMA,05-Jul-2025,04-Jul-2030
BASANT HAULAGE PTY LTD,WA DAMA,05-Jul-2025,04-Jul-2030
HOPBROKER PTY LTD,South West DAMA,05-Jul-2025,04-Jul-2030
SAMARITAN COLLEGE,South Australia Regional DAMA,05-Jul-2025,04-Jul-2030
SONSAN PTY. LIMITED,Pilbara DAMA,05-Jul-2025,04-Jul-2030
Almighty Industries Pty Limited,Orana DAMA,05-Jul-2025,04-Jul-2030
VIRIDIAN GLASS PTY LTD,Orana DAMA,05-Jul-2025,04-Jul-2030
JMJ DISABILITY SERV PTY LIMITED,Northern Territory DAMA,05-Jul-2025,04-Jul-2030
AUSTFISH PTY LTD,Industry - Fishing,04-Jul-2025,03-Jul-2030
MOUNT ISA CITY COUNCIL,Townsville DAMA,04-Jul-2025,03-Jul-2030
KINGSTON ESTATE WINES PTY LTD,South Australia Regional DAMA,04-Jul-2025,03-Jul-2030
PINELANDS SCRAP CAR REMOVAL PTY LTD,Northern Territory DAMA,04-Jul-2025,03-Jul-2030
"Thos, Laurent",Far North Queensland DAMA,04-Jul-2025,03-Jul-2030
LACEVIEW PTY LTD,Industry - Dairy,03-Jul-2025,02-Jul-2030
JSH AUTOMOTIVE PTY LTD,Townsville DAMA,03-Jul-2025,02-Jul-2030
HONG KIEU PTY LTD,South Australia Regional DAMA,03-Jul-2025,02-Jul-2030
WOKS UP TENNANT CREEK PTY LTD,Northern Territory DAMA,03-Jul-2025,02-Jul-2030
SRI SAI BHAGAWATHI PTY LTD,Northern Territory DAMA,03-Jul-2025,02-Jul-2030
TOP END EARLY LEARNING CENTRE INCORPORATED,Northern Territory DAMA,03-Jul-2025,02-Jul-2030
TOSONI FARMING PTY LTD,Far North Queensland DAMA,03-Jul-2025,02-Jul-2030
FIRST CHOICE TILING & WATERPROOFING PTY LTD,Skilled Refugee Pilot,02-Jul-2025,01-Jul-2030
FINDMEA Pty Ltd,Industry - On-Hire,02-Jul-2025,01-Jul-2030
L & H EXPRESS PTY LTD,Industry - Horticulture,02-Jul-2025,01-Jul-2030
ROTI PLACE WEST END PTY LTD,Industry – Premium Dining,02-Jul-2025,01-Jul-2030
Dalrymple Villa Inc,Industry - Aged Care,02-Jul-2025,01-Jul-2030
EAST TO WEST PLANT SERVICES PTY LTD,WA DAMA,02-Jul-2025,01-Jul-2030
SAI HS KALYAN PTY LTD,Northern Territory DAMA,02-Jul-2025,01-Jul-2030
Quality Marine NT Pty Ltd,Northern Territory DAMA,02-Jul-2025,01-Jul-2030
New World Engineering Automation Pty Ltd,Industry - On-Hire,01-Jul-2025,30-Jun-2030
Osan Ability Assist Pty Ltd,Industry - Aged Care,01-Jul-2025,30-Jun-2030
GOLDFIELDS BAPTIST COLLEGE INCORPORATED,Goldfields DAMA,01-Jul-2025,30-Jun-2030
SGS FREIGHTLINES PTY LTD,WA DAMA,01-Jul-2025,30-Jun-2030
DARWIN INNOVATION HUB ADVISORY PTY LIMITED,Northern Territory DAMA,01-Jul-2025,30-Jun-2030
CHAMBERS TRADE SERVICES PTY LTD,Northern Territory DAMA,01-Jul-2025,30-Jun-2030
RADHASHYAM PTY LTD,Goulburn Valley DAMA,01-Jul-2025,30-Jun-2030
Greek Orthodox Community of South Australia Incorporated,Industry - Minister of Religion,30-Jun-2025,29-Jun-2030
MAHAMAKUT RAGAWITHAYALAI FOUNDATION,Industry - Minister of Religion,30-Jun-2025,29-Jun-2030
J CLOVER TILING PTY LTD,WA DAMA,30-Jun-2025,29-Jun-2030
COLLINS TRANSPORT GROUP PTY LTD,South Australia Regional DAMA,30-Jun-2025,29-Jun-2030
TMH CORPORATION PTY LTD,South Australia Regional DAMA,30-Jun-2025,29-Jun-2030
Cabania One Pty Ltd,Northern Territory DAMA,30-Jun-2025,29-Jun-2030
SKLIROS PRODUCE PTY. LTD.,Northern Territory DAMA,30-Jun-2025,29-Jun-2030
VIV ENTERPRISES PTY LTD,Far North Queensland DAMA,30-Jun-2025,29-Jun-2030
G.J FISHER & J.L FISHER,Goldfields DAMA,28-Jun-2025,27-Jun-2030
PHYLOS INCORPORATED,WA DAMA,28-Jun-2025,27-Jun-2030
TOSUM PTY LTD,WA DAMA,28-Jun-2025,27-Jun-2030
apache investments australia pty ltd,WA DAMA,28-Jun-2025,27-Jun-2030
FREEFLOW WA PTY LTD,WA DAMA,28-Jun-2025,27-Jun-2030
ELITE TILE GROUP PTY LTD,WA DAMA,28-Jun-2025,27-Jun-2030
BUNBURY FOODS PTY LTD,South West DAMA,28-Jun-2025,27-Jun-2030
CINNAMON CLUB NORWOOD PTY LTD,South Australia Regional DAMA,28-Jun-2025,27-Jun-2030
Myrtle Grove Supportive Care Pty Ltd,South Australia Regional DAMA,28-Jun-2025,27-Jun-2030
SPG HARVEST PTY LTD,Pilbara DAMA,28-Jun-2025,27-Jun-2030
C.C BLEACH & H HUYNH,Pilbara DAMA,28-Jun-2025,27-Jun-2030
VYAS FAMILY PTY LTD,Orana DAMA,28-Jun-2025,27-Jun-2030
KAN SUSHI N POKE' DUBBO PTY LTD,Orana DAMA,28-Jun-2025,27-Jun-2030
THE WARRNAMBOOL HOTEL PTY LTD,Great South Coast DAMA,28-Jun-2025,27-Jun-2030
AGRIKAL PTY. LTD.,Goulburn Valley DAMA,28-Jun-2025,27-Jun-2030
Kalpack Pty Ltd,Goulburn Valley DAMA,28-Jun-2025,27-Jun-2030
COOWONGA FARM PTY LTD,Industry - Dairy,27-Jun-2025,26-Jun-2030
OZZI TECH AND WEB SOLUTION PTY LTD,South Australia Regional DAMA,27-Jun-2025,26-Jun-2030
DEEP CIVIL PTY LTD,Skilled Refugee Pilot,26-Jun-2025,25-Jun-2030
NUNDAH PASTORAL PTY LIMITED,Industry - Dairy,26-Jun-2025,25-Jun-2030
Wheatfields Incorporated,Industry - Aged Care,26-Jun-2025,25-Jun-2030
FORWARD AGRICULTURE PTY LTD & C.R FORWARD & R.H FORWARD,WA DAMA,26-Jun-2025,25-Jun-2030
ALBURY LINEN AND TEXTILE SERVICES PTY LTD,Orana DAMA,26-Jun-2025,25-Jun-2030
SAMYANG PTY LTD,Far North Queensland DAMA,26-Jun-2025,25-Jun-2030
JSFS AU PTY LTD,Adelaide City Tech and Innovation DAMA,26-Jun-2025,25-Jun-2030
REVILO FAMILY INVESTMENT PTY LTD,Skilled Refugee Pilot,25-Jun-2025,24-Jun-2030
BRUCERON PTY LTD,Industry - Pork,25-Jun-2025,24-Jun-2030
GL & DL Dyke,Industry - Dairy,25-Jun-2025,24-Jun-2030
M.D GRAY & P.M GRAY,Industry - Dairy,25-Jun-2025,24-Jun-2030
FREO TRADING PTY LTD,WA DAMA,25-Jun-2025,24-Jun-2030
MARGARET RIVER NOUGAT COMPANY PTY LTD,South West DAMA,25-Jun-2025,24-Jun-2030
K DEILEY & M.J DEILEY,East Kimberley DAMA,25-Jun-2025,24-Jun-2030
KLEMBY FARMS PTY LTD,Industry - Dairy,24-Jun-2025,23-Jun-2030
CJ WORLD PTY LTD,WA DAMA,24-Jun-2025,23-Jun-2030
KTPIPER INVESTMENTS PTY LTD,South West DAMA,24-Jun-2025,23-Jun-2030
OLYMPIC DAM SPORTING CLUB INCORPORATED,South Australia Regional DAMA,24-Jun-2025,23-Jun-2030
WARRAMUNDA VILLAGE LIMITED,Goulburn Valley DAMA,24-Jun-2025,23-Jun-2030
Australian Strawberry Company Pty Limited,Industry - Horticulture,23-Jun-2025,22-Jun-2030
A AND P BARBARIC,Industry - Fishing,23-Jun-2025,22-Jun-2030
DOWNIE FAMILY HOLDINGS PTY LTD,Industry - Dairy,23-Jun-2025,22-Jun-2030
All Tree Solutions WA Pty Ltd,WA DAMA,23-Jun-2025,22-Jun-2030
WESTRAC PTY LTD,WA DAMA,23-Jun-2025,22-Jun-2030
MAYFAR NOMINEES PTY LTD,WA DAMA,23-Jun-2025,22-Jun-2030
H.D CHAPMAN & R.T CHAPMAN & S.K CHAPMAN & S.M,Townsville DAMA,23-Jun-2025,22-Jun-2030
Black Swan Enterprises Pty Ltd,South West DAMA,23-Jun-2025,22-Jun-2030
Australian Rainforest Honey Pty Ltd,Orana DAMA,23-Jun-2025,22-Jun-2030
FLOURISH PLANTS NORTH QUEENSLAND PTY LTD,Far North Queensland DAMA,23-Jun-2025,22-Jun-2030
PROGRAMMED SKILLED WORKFORCE PTY LTD,Industry - On-Hire,20-Jun-2025,19-Jun-2030
GARTH ALCWYN JOHNSTONE,Industry - Dairy,20-Jun-2025,19-Jun-2030
VONIJIM PTY. LIMITED,Townsville DAMA,20-Jun-2025,19-Jun-2030
Norwest Contracting and Rail Pty Ltd,Pilbara DAMA,20-Jun-2025,19-Jun-2030
W.R. ELECTRICAL PTY LTD,Company Specific,20-Jun-2025,19-Jun-2030
NOBLE FUELS PTY LTD,WA DAMA,19-Jun-2025,18-Jun-2030
WATER TECHNOLOGY PTY. LTD.,WA DAMA,19-Jun-2025,18-Jun-2030
Chipper Family Pty Ltd,WA DAMA,19-Jun-2025,18-Jun-2030
SGA Roads Pty Ltd,WA DAMA,19-Jun-2025,18-Jun-2030
CORE DENTAL CERAMICS PTY LTD,WA DAMA,19-Jun-2025,18-Jun-2030
WARAKIRRI 2 PTY. LTD.,WA DAMA,19-Jun-2025,18-Jun-2030
NQSS ENTERPRISES PTY LTD,Townsville DAMA,19-Jun-2025,18-Jun-2030
RAC TOURISM ASSETS PTY LTD,South West DAMA,19-Jun-2025,18-Jun-2030
DONNYBROOK PANEL BEATERS PTY LTD,South West DAMA,19-Jun-2025,18-Jun-2030
J KIM & M KO PTY LTD,South West DAMA,19-Jun-2025,18-Jun-2030
TK TILING AND STONE PTY LTD,South West DAMA,19-Jun-2025,18-Jun-2030
KESUM PTY LTD,South West DAMA,19-Jun-2025,18-Jun-2030
EXPLORER HOSPITALITY PTY LTD,South West DAMA,19-Jun-2025,18-Jun-2030
GB BROTHERS PTY LTD,South Australia Regional DAMA,19-Jun-2025,18-Jun-2030
AMA GROUP SOLUTIONS PTY LTD,South Australia Regional DAMA,19-Jun-2025,18-Jun-2030
Sushi Zen 2830 Pty Ltd,Orana DAMA,19-Jun-2025,18-Jun-2030
PERLOWSKI HOLDINGS PTY LTD,Orana DAMA,19-Jun-2025,18-Jun-2030
SUNSET FARMING COMPANY PTY. LTD.,Far North Queensland DAMA,19-Jun-2025,18-Jun-2030
JONG'S FLOWERS PTY LTD,South Australia Regional DAMA,18-Jun-2025,17-Jun-2030
Qualton PTY LTD,Skilled Refugee Pilot,17-Jun-2025,16-Jun-2030
DIVYA AGRICULTURE MANAGEMENT PTY LTD,Industry - On-Hire,17-Jun-2025,16-Jun-2030
TEN FARMS PTY LTD,Industry - Horticulture,17-Jun-2025,16-Jun-2030
GV INDEPENDANT PACKERS PTY. LTD.,Industry - Horticulture,17-Jun-2025,16-Jun-2030
KERNITA LODGE PTY LTD,Industry - Dairy,17-Jun-2025,16-Jun-2030
LJL (VIC) PTY LTD,Industry - Dairy,17-Jun-2025,16-Jun-2030
Ku-Ring-Gai Neighbourhood Centre Ltd,Industry - Aged Care,17-Jun-2025,16-Jun-2030
Specialist Disability Housing Pty Ltd,WA DAMA,17-Jun-2025,16-Jun-2030
Tydeman Pty Ltd,WA DAMA,17-Jun-2025,16-Jun-2030
BAILEY WARD NOMINEES PTY LTD & DEVEREUX INDUSTRIES PTY LTD & WROOK INDUSTRIES PTY LTD,WA DAMA,17-Jun-2025,16-Jun-2030
DAISYOU PTY LTD,South Australia Regional DAMA,17-Jun-2025,16-Jun-2030
PACETECH PTY LTD,South Australia Regional DAMA,17-Jun-2025,16-Jun-2030
Z LI & P QIN,Great South Coast DAMA,17-Jun-2025,16-Jun-2030
Hemingway's Brewery Cairns Pty Ltd,Far North Queensland DAMA,17-Jun-2025,16-Jun-2030
T&C Do & Son Pty Ltd,Industry - Horticulture,16-Jun-2025,15-Jun-2030
Freedom Dairying Pty Ltd,Industry - Dairy,16-Jun-2025,15-Jun-2030
MKCB PTY LTD,WA DAMA,16-Jun-2025,15-Jun-2030
Twilight Payment Pty Ltd,WA DAMA,16-Jun-2025,15-Jun-2030
Leeder & Co Pty Ltd,WA DAMA,16-Jun-2025,15-Jun-2030
NETCHEK PTY. LTD.,Industry - Horticulture,13-Jun-2025,12-Jun-2030
CSIDE Cairns Pty Ltd,Industry - Fishing,13-Jun-2025,12-Jun-2030
Foote Dairies Pty Ltd,Industry - Dairy,13-Jun-2025,12-Jun-2030
KENNA DAIRY PTY LTD,Industry - Dairy,13-Jun-2025,12-Jun-2030
HALENVY PTY LIMITED,Industry - Aged Care,13-Jun-2025,12-Jun-2030
Bacchus Wine Bar Pty Ltd,South Australia Regional DAMA,13-Jun-2025,12-Jun-2030
T.J. & R.A. SCANLON PTY. LTD.,South Australia Regional DAMA,13-Jun-2025,12-Jun-2030
HEYWOOD RURAL HEALTH,Great South Coast DAMA,13-Jun-2025,12-Jun-2030
GIANTS PIZZERIA PTY LTD,Far North Queensland DAMA,13-Jun-2025,12-Jun-2030
BEVERAGE MARKETING AUSTRALIA PTY. LTD.,Far North Queensland DAMA,13-Jun-2025,12-Jun-2030
FITZROY RIVER LODGE PTY LTD,East Kimberley DAMA,13-Jun-2025,12-Jun-2030
Road Trains of Australia Pty Ltd,WA DAMA,12-Jun-2025,11-Jun-2030
WE CARE NQ PTY LTD,Townsville DAMA,12-Jun-2025,11-Jun-2030
REGAL COLLABORATIONS PTY LTD,South West DAMA,12-Jun-2025,11-Jun-2030
King Kira People Solutions Pty Ltd,Pilbara DAMA,12-Jun-2025,11-Jun-2030
ACTIVE MEDICAL SUPPLIES PTY LTD,Orana DAMA,12-Jun-2025,11-Jun-2030
YING SING FAMILY PTY LTD,Orana DAMA,12-Jun-2025,11-Jun-2030
End Church Limited,Industry - Minister of Religion,11-Jun-2025,10-Jun-2030
"ROBINSON, GARY",Industry - Fishing,11-Jun-2025,10-Jun-2030
BLAKEWEST PTY. LTD.,WA DAMA,11-Jun-2025,10-Jun-2030
K & P KERAI PTY LTD AND N & A KERAI PTY LTD,WA DAMA,11-Jun-2025,10-Jun-2030
MAK Services Pty Ltd,South Australia Regional DAMA,11-Jun-2025,10-Jun-2030
BRILLIANT BOTON (AUSTRALIA) CONVEYOR SERVICES PTY LTD,Pilbara DAMA,11-Jun-2025,10-Jun-2030
FOLK BEATS ENTERTAINERS PTY LTD,Orana DAMA,11-Jun-2025,10-Jun-2030
DIVYAJYOTI PTY. LTD.,Orana DAMA,11-Jun-2025,10-Jun-2030
P KAUR & S SINGH,Far North Queensland DAMA,11-Jun-2025,10-Jun-2030
DERBY ABORIGINAL HEALTH SERVICE COUNCIL ABORIGINAL CORPORATION,East Kimberley DAMA,11-Jun-2025,10-Jun-2030
SWAN HILL AND REGION PACKING PTY LTD,Industry - Horticulture,10-Jun-2025,09-Jun-2030
ROCCELLA PTY. LTD.,Industry – Premium Dining,10-Jun-2025,09-Jun-2030
Lovesalento Pty Ltd,Orana DAMA,10-Jun-2025,09-Jun-2030
WAT THAI BUDDHARAM INC,Industry - Minister of Religion,06-Jun-2025,05-Jun-2030
P.G BOYD & G.L BOYD,Industry - Dairy,06-Jun-2025,05-Jun-2030
Goldfields ChildCare Centre Inc,Goldfields DAMA,06-Jun-2025,05-Jun-2030
COREXPERT SUPPORT SOLUTIONS PTY LTD,WA DAMA,06-Jun-2025,05-Jun-2030
SIRIBAN NOMINEES PTY LTD,Far North Queensland DAMA,06-Jun-2025,05-Jun-2030
GEOFFREY NATHAN (AUSTRALIA) PTY LTD,Industry - On-Hire,05-Jun-2025,04-Jun-2030
"SMAGH, KULDEEP SINGH",Industry - Horticulture,05-Jun-2025,04-Jun-2030
NEGUS ENTERPRISES PTY LTD,Industry - Dairy,05-Jun-2025,04-Jun-2030
VITAM PTY LTD,Orana DAMA,05-Jun-2025,04-Jun-2030
Pranam & Dhyana Pty Ltd,WA DAMA,04-Jun-2025,03-Jun-2030
ALL RUBBER TMH PTY LTD,South West DAMA,04-Jun-2025,03-Jun-2030
Indigo Empire Pty Ltd,South West DAMA,04-Jun-2025,03-Jun-2030
OHSG Pty Ltd,Pilbara DAMA,04-Jun-2025,03-Jun-2030
KINSFOLK RETAIL PTY LTD,Orana DAMA,04-Jun-2025,03-Jun-2030
mr saigon australia pty ltd,East Kimberley DAMA,04-Jun-2025,03-Jun-2030
Hu Guo Bao En Temple Of Australia Incorporated,Industry - Minister of Religion,03-Jun-2025,02-Jun-2030
KINGDOMCITY AUSTRALIA LIMITED,Industry - Minister of Religion,03-Jun-2025,02-Jun-2030
ATH PTY LTD,Industry - Fishing,03-Jun-2025,02-Jun-2030
IAN D & MICHELLE N CONN,Industry - Dairy,03-Jun-2025,02-Jun-2030
NARAIN TRANSPORT PTY LTD,WA DAMA,03-Jun-2025,02-Jun-2030
Dhanoa Group Pty Ltd,WA DAMA,03-Jun-2025,02-Jun-2030
KRIS - MYA SISTERS PTY LTD,South Australia Regional DAMA,03-Jun-2025,02-Jun-2030
Futuristic Optics Pty Ltd,Orana DAMA,03-Jun-2025,02-Jun-2030
CASELLA WINES PTY. LIMITED,Orana DAMA,03-Jun-2025,02-Jun-2030
Broometown Holdings Pty Ltd,East Kimberley DAMA,03-Jun-2025,02-Jun-2030
Forgeline Pty Ltd,WA DAMA,02-Jun-2025,01-Jun-2030
BLEASDALE VINEYARDS PROPRIETARY LIMITED,South Australia Regional DAMA,02-Jun-2025,01-Jun-2030
YC AUSTRALIA GROUP PTY LTD,South Australia Regional DAMA,02-Jun-2025,01-Jun-2030
Indian Tandoori Albury Wodonga Pty Ltd,Orana DAMA,02-Jun-2025,01-Jun-2030
B & N Enterprise Pty Ltd,Industry - Aged Care,30-May-2025,29-May-2030
C & B LOGISTICS PTY LTD,WA DAMA,30-May-2025,29-May-2030
RED LION EDUCATION PTY LIMITED,South Australia Regional DAMA,30-May-2025,29-May-2030
SBS Conveyor Services Pty Ltd,Pilbara DAMA,30-May-2025,29-May-2030
Port Douglas Steam Train Company Pty Ltd,Far North Queensland DAMA,30-May-2025,29-May-2030
REDSANDS CAMPERS PTY LTD,East Kimberley DAMA,30-May-2025,29-May-2030
Zhilink Pty Ltd,Industry - Horticulture,29-May-2025,28-May-2030
Malwa WA Group Pty Ltd,WA DAMA,29-May-2025,28-May-2030
Fremantle Thai Pty Ltd,WA DAMA,29-May-2025,28-May-2030
CHARLIE SUNSHINE PTY LTD,East Kimberley DAMA,29-May-2025,28-May-2030
DHILLONSFARMS PTY LTD,Industry - Horticulture,28-May-2025,27-May-2030
AW TRADING (AUSTRALIA) PTY LTD,Industry – Premium Dining,28-May-2025,27-May-2030
WINE & DINE AUSTRALIA PTY LIMITED,Industry – Premium Dining,28-May-2025,27-May-2030
MERSEY NOMINEES PTY LTD,Goldfields DAMA,28-May-2025,27-May-2030
SIMRAV TRANSPORT PTY LTD,WA DAMA,28-May-2025,27-May-2030
Hardrok Engineering Pty Ltd,Townsville DAMA,28-May-2025,27-May-2030
Pathibhara Investment Pty Ltd,South Australia Regional DAMA,28-May-2025,27-May-2030
D.T LAWLER & S.P LAWLER,Orana DAMA,28-May-2025,27-May-2030
United Pentecostal Church of Australia Ltd,Industry - Minister of Religion,27-May-2025,26-May-2030
Mures Fishing Pty Ltd,Industry - Fishing,27-May-2025,26-May-2030
Troy & Gabbi Stuart Pty Ltd,Industry - Dairy,27-May-2025,26-May-2030
MINARA RESOURCES PTY LTD,Goldfields DAMA,27-May-2025,26-May-2030
Sydney Services Group Pty Ltd,Industry - On-Hire,26-May-2025,25-May-2030
Narwastu Church Incorporated,Industry - Minister of Religion,26-May-2025,25-May-2030
YOUTH WITH A MISSION TOOWOOMBA INC.,Industry - Minister of Religion,26-May-2025,25-May-2030
J KAUR & I SINGH,Industry - Horticulture,26-May-2025,25-May-2030
NMF Capital Holdings Pty Ltd,Industry – Premium Dining,26-May-2025,25-May-2030
Linkforce Electrical Services Pty Ltd,Goldfields DAMA,26-May-2025,25-May-2030
MAINRO PTY LTD,WA DAMA,26-May-2025,25-May-2030
P Franzinelli & R Franzinelli,WA DAMA,26-May-2025,25-May-2030
F G MCCABE PTY LTD,South Australia Regional DAMA,26-May-2025,25-May-2030
RAM Operations Pty Ltd,Pilbara DAMA,26-May-2025,25-May-2030
Allan's Pool Shop Pty Ltd,Far North Queensland DAMA,26-May-2025,25-May-2030
GRID GROUP PTY LTD,Far North Queensland DAMA,26-May-2025,25-May-2030
SHRI BEEKAWAS MATAJI PTY LTD,Far North Queensland DAMA,26-May-2025,25-May-2030
SHELTERING ARMS WA PTY LTD,WA DAMA,23-May-2025,22-May-2030
Limestone Coast Local Health Network Incorporated,South Australia Regional DAMA,23-May-2025,22-May-2030
GRO EARLY LEARNING PTY LTD,Townsville DAMA,22-May-2025,21-May-2030
Skala Trading Pty Ltd,South Australia Regional DAMA,22-May-2025,21-May-2030
ACAI HUB PTY LTD,Far North Queensland DAMA,22-May-2025,21-May-2030
WESTERN PLAINS PORK PTY LTD,Industry - Pork,21-May-2025,20-May-2030
Munro Geological Services Pty Ltd,Industry - On-Hire,21-May-2025,20-May-2030
MGH EMPLOYMENT AND TRAINING PTY LTD,Industry – Premium Dining,21-May-2025,20-May-2030
Top Hat Liquor Supplies Pty Ltd,Industry – Premium Dining,21-May-2025,20-May-2030
TONY & ELISE HAYES,Industry - Dairy,21-May-2025,20-May-2030
BYRON LODGE PTY LTD,Industry - Dairy,21-May-2025,20-May-2030
HARDI MARKETING PTY. LTD.,South Australia Regional DAMA,21-May-2025,20-May-2030
Great Ocean Road Health,Great South Coast DAMA,21-May-2025,20-May-2030
Djarindjin Aboriginal Corporation,East Kimberley DAMA,21-May-2025,20-May-2030
Julius Pizzeria,Industry – Premium Dining,20-May-2025,19-May-2030
HIRAMATSU PTY LTD,WA DAMA,20-May-2025,19-May-2030
"SUMNER, ANDREW PAUL",Far North Queensland DAMA,20-May-2025,19-May-2030
Antioch Gospel Church Incorporated,Industry - Minister of Religion,19-May-2025,18-May-2030
Kalcare Medical Supplies Pty Ltd,Goldfields DAMA,19-May-2025,18-May-2030
PROJECT OUTBACK DENTAL (POD) PTY LTD,Townsville DAMA,19-May-2025,18-May-2030
I&A PROJECTS PTY LTD,South Australia Regional DAMA,19-May-2025,18-May-2030
BAL LOGISTICS PTY LTD,Orana DAMA,19-May-2025,18-May-2030
8848 DISABILITY SERVICES PTY LTD,Company Specific,19-May-2025,18-May-2030
R VASHIST & V VISHAWJEET,Industry - Horticulture,16-May-2025,15-May-2030
Rose Aged Care Service Pty Ltd,Industry - Aged Care,16-May-2025,15-May-2030
MERTON LIVING LIMITED,Industry - Aged Care,16-May-2025,15-May-2030
Altrad Services Pty Ltd,WA DAMA,16-May-2025,15-May-2030
BYFORD EQUIPMENT PTY. LTD.,Orana DAMA,16-May-2025,15-May-2030
AJ Crestani PTY LTD,Orana DAMA,16-May-2025,15-May-2030
Ford Hospitality Pty Ltd,Orana DAMA,16-May-2025,15-May-2030
Ganpati Dental Pty Ltd,Great South Coast DAMA,16-May-2025,15-May-2030
BROWNPORT ALMONDS PTY LTD,Industry - Horticulture,15-May-2025,14-May-2030
Weicare Pty Ltd,Industry - Aged Care,15-May-2025,14-May-2030
STATEWIDE INDUSTRIAL MAINTENANCE PTY LTD,WA DAMA,15-May-2025,14-May-2030
VIRIDIS AG SERVICES PTY LIMITED,WA DAMA,15-May-2025,14-May-2030
STONE AXE PASTORAL COMPANY PTY LTD,South West DAMA,15-May-2025,14-May-2030
S2 THAI PROJECTS PTY LTD,South Australia Regional DAMA,15-May-2025,14-May-2030
VELOCITY GLOBAL PTY LTD,Orana DAMA,15-May-2025,14-May-2030
MARINA INVESTMENT HOLDINGS PTY LTD,Industry – Premium Dining,14-May-2025,13-May-2030
CUMBEROONA HOLDINGS PTY LIMITED,Industry - Dairy,14-May-2025,13-May-2030
DCMJ Farms Pty Ltd,Industry - Dairy,14-May-2025,13-May-2030
Greenlite Transport Pty Ltd,WA DAMA,14-May-2025,13-May-2030
D AND Y CHILDCARE PTY LTD,Townsville DAMA,14-May-2025,13-May-2030
THE MARGARET RIVER CHOCOLATE COMPANY PTY LTD,South West DAMA,14-May-2025,13-May-2030
RMK GROUPS (AUS) PTY LTD,South Australia Regional DAMA,14-May-2025,13-May-2030
NORTHERN AUSTRALIA HOTELS PTY LTD,East Kimberley DAMA,14-May-2025,13-May-2030
Kabul Cafe Pty Ltd,Skilled Refugee Pilot,13-May-2025,12-May-2030
Frostman Express Pty Ltd,Townsville DAMA,13-May-2025,12-May-2030
Commitment Issues Pty Ltd,South Australia Regional DAMA,13-May-2025,12-May-2030
J.B Goulden & R.B Williams,Orana DAMA,13-May-2025,12-May-2030
MEDLOG REGIONAL PTY LTD,Orana DAMA,13-May-2025,12-May-2030
KRISHA RETAIL PTY. LTD.,Orana DAMA,13-May-2025,12-May-2030
WILLDARBEN FARM PTY LTD,Industry - Dairy,12-May-2025,11-May-2030
NEVLAINE PTY LTD,Industry - Dairy,12-May-2025,11-May-2030
LEO FRANCO MOTORS PTY. LTD.,Orana DAMA,12-May-2025,11-May-2030
Workcon (Qld) Pty Ltd,Industry - On-Hire,09-May-2025,08-May-2030
DOMAIN INTERIORS PTY LTD,WA DAMA,09-May-2025,08-May-2030
M. & I. SAMARAS (NO.1) PTY. LTD. & M. & I. SAMARAS (NO.2) PTY. LTD. & M. & I. SAMARAS (NO.3) PTY. LTD.,South Australia Regional DAMA,09-May-2025,08-May-2030
AIE Engineering and Construction Management Pty Ltd,Pilbara DAMA,09-May-2025,08-May-2030
84 SIKH PTY LTD,Orana DAMA,09-May-2025,08-May-2030
Australian Wildflowers Pty Ltd,Industry - Horticulture,08-May-2025,07-May-2030
Ammawil Pty Ltd,Industry - Dairy,08-May-2025,07-May-2030
Wild Rose Dairies Pty Ltd,Industry - Dairy,08-May-2025,07-May-2030
METRO GLASS PTY LTD,WA DAMA,08-May-2025,07-May-2030
KAV DENTAL PTY LTD,WA DAMA,08-May-2025,07-May-2030
Great West Group PTY LTD,WA DAMA,08-May-2025,07-May-2030
FAVCOTE PTY LIMITED,WA DAMA,08-May-2025,07-May-2030
DELMAR SYSTEMS AUSTRALIA PTY LTD,WA DAMA,08-May-2025,07-May-2030
BREAKFAST CREEK HOLDINGS PTY LTD,WA DAMA,08-May-2025,07-May-2030
PEDLAR PROJECT PTY LTD,Townsville DAMA,08-May-2025,07-May-2030
Online Basket Pty Ltd,South West DAMA,08-May-2025,07-May-2030
DANAZA PTY LTD,Far North Queensland DAMA,08-May-2025,07-May-2030
GESTE PTY LTD,Far North Queensland DAMA,08-May-2025,07-May-2030
Kimberley Aboriginal Medical Services Limited,East Kimberley DAMA,08-May-2025,07-May-2030
SLEEPING BEAUTIES PTY LTD,Company Specific,08-May-2025,07-May-2030
JAY DISABILITY SUPPORT PTY LTD,WA DAMA,28-Aug-2025,28-Aug-2025
Northern Territory Major Events Company Pty Ltd,Northern Territory DAMA,29-Aug-2025,28-Aug-2030
COORABIN PASTORAL PTY LTD,Skilled Refugee Pilot,29-Aug-2025,28-Aug-2030
True Vine Church Incorporated,Industry - Minister of Religion,29-Aug-2025,28-Aug-2030
Jane's Care Pty Ltd,WA DAMA,29-Aug-2025,28-Aug-2030
LAKES ENTRANCE FISHERMEN LIMITED,Industry - Fishing,29-Aug-2025,28-Aug-2030
Moonta Health and Aged Care Service Inc,South Australia Regional DAMA,29-Aug-2025,28-Aug-2030
NAWIRI GROUP PTY LTD,South Australia Regional DAMA,29-Aug-2025,28-Aug-2030
NSW Electricity Networks Operations Pty Limited,Skilled Refugee Pilot,28-Aug-2025,27-Aug-2030
Enable & Connect Disability Services Pty Ltd.,WA DAMA,28-Aug-2025,27-Aug-2030
Boxx Logistics Pty Ltd,WA DAMA,28-Aug-2025,27-Aug-2030
ATTENTIVE CARE PTY LTD,South Australia Regional DAMA,28-Aug-2025,27-Aug-2030
Baaz Heavy Towing WA Pty Ltd,WA DAMA,28-Aug-2025,27-Aug-2030
"MICHAEL MEU HIANG CHAM, SIAO PO CHAM",Townsville DAMA,28-Aug-2025,27-Aug-2030
Guardian Nursing Agency Pty Ltd,WA DAMA,28-Aug-2025,27-Aug-2030
GUERRILLA & CO PTY LTD,Far North Queensland DAMA,28-Aug-2025,27-Aug-2030
WAY OUT BUSH MOBILE STORE PTY LTD,Northern Territory DAMA,28-Aug-2025,27-Aug-2030
Koonambil Aged Care Ltd,Orana DAMA,28-Aug-2025,27-Aug-2030
BROKEN SQUARE PTY LTD,South Australia Regional DAMA,28-Aug-2025,27-Aug-2030
EPIC DISABILITY SERVICES PTY LTD,South Australia Regional DAMA,28-Aug-2025,27-Aug-2030
Bassi care services Pty Ltd,WA DAMA,28-Aug-2025,27-Aug-2030
NT 7 INVESTA GROUP PTY LTD,Northern Territory DAMA,27-Aug-2025,26-Aug-2030
TERRITORY CHILD CARE GROUP INC,Northern Territory DAMA,27-Aug-2025,26-Aug-2030
WEST HOLM FARMING PTY LTD,Industry - Horticulture,27-Aug-2025,26-Aug-2030
PFD FOOD SERVICES PTY LTD,Goldfields DAMA,27-Aug-2025,26-Aug-2030
Anne Grace Chitenderu,Goldfields DAMA,27-Aug-2025,26-Aug-2030
JOT ENTERPRISE PTY LTD,WA DAMA,27-Aug-2025,26-Aug-2030
UTOPIA (NT) PTY LTD,Northern Territory DAMA,27-Aug-2025,26-Aug-2030
JAG ELEVEN PTY LTD,Company Specific,27-Aug-2025,26-Aug-2030
FINNDIAN PTY LTD,South Australia Regional DAMA,27-Aug-2025,26-Aug-2030
R. SHRESTHA PTY LTD,Northern Territory DAMA,26-Aug-2025,25-Aug-2030
TOSUM PTY LTD,Industry - Horticulture,26-Aug-2025,25-Aug-2030
Prok Conveyor Components PTY LTD,WA DAMA,26-Aug-2025,25-Aug-2030
WARREN FRANK DEAN AND MARGARET ROSE DEAN,South West DAMA,25-Aug-2025,24-Aug-2030
Ask Community Support Services Pty Ltd,WA DAMA,25-Aug-2025,24-Aug-2030
TAK PROJECTS PTY LTD,Skilled Refugee Pilot,25-Aug-2025,24-Aug-2030
SAILS LAVENDER BAY PTY LTD,Industry – Premium Dining,25-Aug-2025,24-Aug-2030
ALTRUISTIC NURSING AND CARE PTY LTD,Industry - Aged Care,25-Aug-2025,24-Aug-2030
ELEVEN EASTERN PTY LTD,Industry – Premium Dining,25-Aug-2025,24-Aug-2030
Burgess Earthmoving Pty Ltd,Orana DAMA,25-Aug-2025,24-Aug-2030
AXSA GROUP PTY LTD,Northern Territory DAMA,25-Aug-2025,24-Aug-2030
CRANETRUCKS SA PTY LTD,South Australia Regional DAMA,25-Aug-2025,24-Aug-2030
CLUB EASTSIDE INCORPORATED,Northern Territory DAMA,22-Aug-2025,21-Aug-2030
THYME HOSPITALITY PTY LTD,Northern Territory DAMA,22-Aug-2025,21-Aug-2030
promotor trailers pty ltd,Northern Territory DAMA,22-Aug-2025,21-Aug-2030
R.L. BLAKE PTY LTD,Great South Coast DAMA,22-Aug-2025,21-Aug-2030
RITYTIL PTY LTD,Northern Territory DAMA,22-Aug-2025,21-Aug-2030
Rannee Pty Ltd,Northern Territory DAMA,22-Aug-2025,21-Aug-2030
Bourke & District Children's Services,Orana DAMA,22-Aug-2025,21-Aug-2030
THE TRUSTEE FOR CARMEN PANDOLFO FAMILY TRUST & THE TRUSTEE FOR GARY PANDOLFO FAMILY TRUST,Orana DAMA,22-Aug-2025,21-Aug-2030
BROAD CARE ENTERPRISES PTY LTD,Northern Territory DAMA,22-Aug-2025,21-Aug-2030
DEPARTMENT FOR EDUCATION,South Australia Regional DAMA,22-Aug-2025,21-Aug-2030
PHUC VAN LE,WA DAMA,22-Aug-2025,21-Aug-2030
AMIGOS MEXICAN CANTINA PTY LTD,Northern Territory DAMA,22-Aug-2025,21-Aug-2030
K AND N INVESTMENTS (NT) PTY LTD,Northern Territory DAMA,22-Aug-2025,21-Aug-2030
Ericks and Fredericks International Consulting Pty Ltd,Townsville DAMA,22-Aug-2025,21-Aug-2030
TING FAMILY INVESTMENTS PTY LTD,Northern Territory DAMA,22-Aug-2025,21-Aug-2030
Harlin Nominees Pty Ltd & Moonlite NT Pty Ltd,Northern Territory DAMA,21-Aug-2025,20-Aug-2030
BOUILLON L'ENTRECOTE PTY LTD,Industry – Premium Dining,21-Aug-2025,20-Aug-2030
Saval Consulting Pty Ltd,Skilled Refugee Pilot,20-Aug-2025,19-Aug-2030
GDR 1 Pty Ltd,Industry – Premium Dining,20-Aug-2025,19-Aug-2030
Iconic Projects for Adelaide Pty Ltd,Skilled Refugee Pilot,20-Aug-2025,19-Aug-2030
F.L JONES & G.M JONES & P.S JONES & MAX JONES PARTNERSHIP PTY. LTD.,Industry - Dairy,19-Aug-2025,18-Aug-2030
Astral Tiling Pty ltd,Skilled Refugee Pilot,19-Aug-2025,18-Aug-2030
BRISBANE FULL GOSPEL CHURCH INC.,Industry - Minister of Religion,19-Aug-2025,18-Aug-2030
BARR ENGINEERING INDUSTRIES PTY LTD,South Australia Regional DAMA,19-Aug-2025,18-Aug-2030
DAILLY FRESH PRODUCE PTY LTD,WA DAMA,19-Aug-2025,18-Aug-2030
ROVERWORTH PTY LTD,Industry – Premium Dining,19-Aug-2025,18-Aug-2030
PROCARE HOLDINGS PTY LTD,WA DAMA,19-Aug-2025,18-Aug-2030
ALPHA JOINERY PTY LTD,Northern Territory DAMA,19-Aug-2025,18-Aug-2030
Walli Asr Halal Butcher Shop Pty Ltd,Skilled Refugee Pilot,19-Aug-2025,18-Aug-2030
THE BARN PALAIS PTY. LTD.,South Australia Regional DAMA,19-Aug-2025,18-Aug-2030
THE TRUSTEE FOR NAGRA FAMILY TRUST,Industry - Horticulture,19-Aug-2025,18-Aug-2030
AVIAGEN AUSTRALIA PTY LIMITED,Company Specific,19-Aug-2025,18-Aug-2030
Compassionate Community Care Pty Ltd,Far North Queensland DAMA,19-Aug-2025,18-Aug-2030
THE BEDROCK CAFE INNISFAIL PTY LTD,Far North Queensland DAMA,18-Aug-2025,17-Aug-2030
NORTH AUSTRALIA GLOBAL SERVICES PTY LIMITED,Far North Queensland DAMA,18-Aug-2025,17-Aug-2030
Pro Tiling & Waterproofing Pty Ltd,Skilled Refugee Pilot,18-Aug-2025,17-Aug-2030
INNER BALANCE HEALTH PTY LTD,Northern Territory DAMA,18-Aug-2025,17-Aug-2030
Enfes Pty Ltd,Skilled Refugee Pilot,18-Aug-2025,17-Aug-2030
Graeme John Stringer & Elizabeth Vivian Stringer,Far North Queensland DAMA,15-Aug-2025,14-Aug-2030
Giannitto Balhannah Pty Ltd,South Australia Regional DAMA,15-Aug-2025,14-Aug-2030
AMS technology group Perth Pty Ltd,WA DAMA,15-Aug-2025,14-Aug-2030
Ausghan Building Services Pty Ltd,Skilled Refugee Pilot,15-Aug-2025,14-Aug-2030
NIRVANA AUTOMOTIVE PTY LTD,Skilled Refugee Pilot,15-Aug-2025,14-Aug-2030
TM EATERY PTY LTD,South Australia Regional DAMA,15-Aug-2025,14-Aug-2030
TEYS AUSTRALIA SOUTHERN PTY LTD,Orana DAMA,15-Aug-2025,14-Aug-2030
YENDA GROCER PTY LTD,Orana DAMA,15-Aug-2025,14-Aug-2030
GRAINERY LANE PTY LTD,Industry – Premium Dining,15-Aug-2025,14-Aug-2030
CAPA SUPPORT SERVICES PTY LTD,Far North Queensland DAMA,15-Aug-2025,14-Aug-2030
DWM Engineering Pty Ltd,Skilled Refugee Pilot,15-Aug-2025,14-Aug-2030
TENDERSPOT MEAT COMPANY PORT HEDLAND PTY LTD,Pilbara DAMA,15-Aug-2025,14-Aug-2030
EQUIPWRITE PTY LTD & G.J WEARNE & J.A WEARNE,Far North Queensland DAMA,15-Aug-2025,14-Aug-2030
Sushi Gosu Pty Ltd,Northern Territory DAMA,15-Aug-2025,14-Aug-2030
Joyful Souls Support Pty Ltd,Northern Territory DAMA,15-Aug-2025,14-Aug-2030
The Haus - Hahndorf Pty Ltd,South Australia Regional DAMA,15-Aug-2025,14-Aug-2030
Nereis Fishing Pty Ltd,Industry - Fishing,15-Aug-2025,14-Aug-2030
BLIMEY CHARLIE PTY LTD,Northern Territory DAMA,15-Aug-2025,14-Aug-2030
DV & ME SIMPSON FAMILY TRUST & D.V SIMPSON & H.G SIMPSON & K.C SIMPSON & M.E SIMPSON,WA DAMA,15-Aug-2025,14-Aug-2030
TJ MB ENTERPRISE PTY LTD,Far North Queensland DAMA,14-Aug-2025,13-Aug-2030
PARADISIS HOLDINGS PTY LTD,Northern Territory DAMA,14-Aug-2025,13-Aug-2030
TRUELINK COMMUNITY SERVICES PTY LTD,Northern Territory DAMA,14-Aug-2025,13-Aug-2030
TEXAS CONTRACTORS PTY LTD,Northern Territory DAMA,14-Aug-2025,13-Aug-2030
THE UNIVERSITY CLUB OF WESTERN AUSTRALIA PTY LTD,WA DAMA,14-Aug-2025,13-Aug-2030
DARWIN TURF CLUB INC,Northern Territory DAMA,14-Aug-2025,13-Aug-2030
Haulmark Trailers (Australia) Pty Ltd,South Australia Regional DAMA,14-Aug-2025,13-Aug-2030
A.K KEARNEY & D.G KITCHEN,East Kimberley DAMA,14-Aug-2025,13-Aug-2030
Vindha Pty Ltd,South West DAMA,14-Aug-2025,13-Aug-2030
FIELDY'S INVESTMENTS PTY LTD,WA DAMA,14-Aug-2025,13-Aug-2030
SRHOJ FARMING PTY LTD,Far North Queensland DAMA,14-Aug-2025,13-Aug-2030
WAYMARK HOTEL GROUP MANAGEMENT PTY LIMITED,Northern Territory DAMA,14-Aug-2025,13-Aug-2030
CAO VO PTY LTD,Industry - Horticulture,12-Aug-2025,11-Aug-2030
THE AUSTRALIAN SHANGA BHIKKHU BUDDHIST ASSOCIATION INC,Industry - Minister of Religion,12-Aug-2025,11-Aug-2030
AUSTRALIA CHINESE TAOISM ASSOCIATION INC.,Industry - Minister of Religion,12-Aug-2025,11-Aug-2030
THE BETHANIE GROUP INC,WA DAMA,12-Aug-2025,11-Aug-2030
Shamiat Pty Ltd,Skilled Refugee Pilot,12-Aug-2025,11-Aug-2030
BEVCO NT PTY LTD,Northern Territory DAMA,12-Aug-2025,11-Aug-2030
THE HUT CREW PTY LTD,Industry – Premium Dining,12-Aug-2025,11-Aug-2030
HURLEYS ARKABA HOTEL PTY. LTD.,Skilled Refugee Pilot,12-Aug-2025,11-Aug-2030
GV Xtreme Cleaning Pty Ltd,Goulburn Valley DAMA,12-Aug-2025,11-Aug-2030
Elite Rugs & Furniture Pty Ltd,Skilled Refugee Pilot,12-Aug-2025,11-Aug-2030
MAF INTERNATIONAL,Far North Queensland DAMA,12-Aug-2025,11-Aug-2030
Smilenergy Pty Ltd,Orana DAMA,12-Aug-2025,11-Aug-2030
STAFFING OPTIONS FOR COMMUNITY SERVICES,Skilled Refugee Pilot,12-Aug-2025,11-Aug-2030
Ember Byron Bay Pty Ltd,Industry – Premium Dining,12-Aug-2025,11-Aug-2030
ASHLEY TRENT ISHIGAMI-SIMS,South West DAMA,11-Aug-2025,10-Aug-2030
IRIS STOTT TERRACE OPERATIONS PTY LTD,Northern Territory DAMA,11-Aug-2025,10-Aug-2030
Multifert Pty Ltd,Orana DAMA,11-Aug-2025,10-Aug-2030
P.A MOCK & A.R MOCK & ROSEART INVESTMENTS PTY LTD AS TRUSTEE OF THE MOCK FAMILY TRUST,East Kimberley DAMA,11-Aug-2025,10-Aug-2030
TOONGABBIE SPORTS AND BOWLING CLUB LIMITED,Orana DAMA,11-Aug-2025,10-Aug-2030
M.A Dorhimo & D.I Schulz,South Australia Regional DAMA,11-Aug-2025,10-Aug-2030
BROOME DENTAL PTY LTD,East Kimberley DAMA,11-Aug-2025,10-Aug-2030
HUNTER MARINE SURVEYORS PTY LTD,WA DAMA,11-Aug-2025,10-Aug-2030
Alemre Ole SB Pty Ltd,Industry – Premium Dining,08-Aug-2025,07-Aug-2030
AKH Sales Pty Ltd,Industry – Premium Dining,08-Aug-2025,07-Aug-2030
Costanza Pty Ltd,Industry – Premium Dining,08-Aug-2025,07-Aug-2030
M.D CUMMINGS & S.W CUMMINGS & W.J DOUGLASS,Industry - Dairy,08-Aug-2025,07-Aug-2030
D Lee & M Lee,Great South Coast DAMA,08-Aug-2025,07-Aug-2030
OCEAN DEPTHS PTY. LTD.,Industry - Fishing,08-Aug-2025,07-Aug-2030
CHRISTADELPHIAN HERITAGE COLLEGE MELBOURNE,Skilled Refugee Pilot,08-Aug-2025,07-Aug-2030
Mighty Orchid Services Pty Ltd,Pilbara DAMA,08-Aug-2025,07-Aug-2030
A.H BLAKE & G.J MATTHEWS,Industry - Dairy,08-Aug-2025,07-Aug-2030
Arkle Farms (Operations) Pty Ltd,WA DAMA,08-Aug-2025,07-Aug-2030
JAMS MUIRHEAD PTY LTD,Northern Territory DAMA,08-Aug-2025,07-Aug-2030
MONADELPHOUS GROUP LIMITED,Goldfields DAMA,08-Aug-2025,07-Aug-2030
HAYS SPECIALIST RECRUITMENT (AUSTRALIA) PTY LIMITED,Industry - On-Hire,07-Aug-2025,06-Aug-2030
THE TRUSTEE FOR THE IFFLA FAMILY TRUST & THE TRUSTEE FOR THE IFFLA FARMING TRUST & TURUA PARK FARMS PTY LTD,WA DAMA,07-Aug-2025,06-Aug-2030
CCY (NT) PTY LTD,Northern Territory DAMA,07-Aug-2025,06-Aug-2030
G.R. & J.R. HAWKEN PTY. LTD.,Industry - Dairy,07-Aug-2025,06-Aug-2030
HAWFORD SOUND PTY LTD,WA DAMA,07-Aug-2025,06-Aug-2030
Sarbat Khalsa South Australia Inc,Industry - Minister of Religion,07-Aug-2025,06-Aug-2030
PHARMACY O2463 PTY LTD,Goldfields DAMA,07-Aug-2025,06-Aug-2030
Virk's Restaurant PTY LTD,Orana DAMA,06-Aug-2025,05-Aug-2030
PRIMESTAR NOMINEES PTY LTD,Goldfields DAMA,06-Aug-2025,05-Aug-2030
MAIDENS FINE FOODS PTY LTD,Northern Territory DAMA,04-Aug-2025,03-Aug-2030
T & K MCKRILL HOLDINGS PTY LTD,WA DAMA,04-Aug-2025,03-Aug-2030
ZLW888 PTY LTD,South Australia Regional DAMA,04-Aug-2025,03-Aug-2030
BALDIVIS VETERINARY HOSPITAL PTY LTD,WA DAMA,04-Aug-2025,03-Aug-2030
F & J BITUMEN SERVICES PTY LTD,Northern Territory DAMA,04-Aug-2025,03-Aug-2030
N.M & S.A McRae,Industry - Dairy,04-Aug-2025,03-Aug-2030
Mt Lofty Operations Pty Ltd,South Australia Regional DAMA,01-Aug-2025,31-Jul-2030
POWER TO CHANGE,Skilled Refugee Pilot,01-Aug-2025,31-Jul-2030
MURPH AND CO PTY LTD,South West DAMA,01-Aug-2025,31-Jul-2030
PORT DOUGLAS EVENTS WEDDINGS AND HIRE PTY LTD,Far North Queensland DAMA,01-Aug-2025,31-Jul-2030
Wan da 999 pty ltd,Great South Coast DAMA,01-Aug-2025,31-Jul-2030
NTFG Pty Ltd,Northern Territory DAMA,01-Aug-2025,31-Jul-2030
WAYMOUTH STREET DENTAL SERVICES PTY LTD,South Australia Regional DAMA,01-Aug-2025,31-Jul-2030
WESTCARE EARLY LEARNING CENTRE PTY LTD,South Australia Regional DAMA,31-Jul-2025,30-Jul-2030
AS & NS PTY LTD,Orana DAMA,31-Jul-2025,30-Jul-2030
Cotton East Ave Pty Ltd,South Australia Regional DAMA,31-Jul-2025,30-Jul-2030
Red Feather Coffee Pty Ltd,South West DAMA,31-Jul-2025,30-Jul-2030
Casterton Memorial Hospital,Great South Coast DAMA,31-Jul-2025,30-Jul-2030
WESTCO CAIRNS PTY. LTD.,Far North Queensland DAMA,31-Jul-2025,30-Jul-2030
Willow View Dairy Pty Ltd,Industry - Dairy,31-Jul-2025,30-Jul-2030
MSN FUELS PTY LTD,South Australia Regional DAMA,31-Jul-2025,30-Jul-2030
North East Transport Company PTY LTD,Orana DAMA,31-Jul-2025,30-Jul-2030
THE PUSHPAGIRI HOSPITALITIES PTY LTD,Orana DAMA,31-Jul-2025,30-Jul-2030
PASPALEY PEARLING COMPANY PTY. LIMITED,Northern Territory DAMA,31-Jul-2025,30-Jul-2030
RYAN'S FRESH MARKET PTY LTD,Goulburn Valley DAMA,31-Jul-2025,30-Jul-2030
Urara Ag Pty Ltd,Goldfields DAMA,29-Jul-2025,28-Jul-2030
Shepparton Christian College Ltd,Goulburn Valley DAMA,29-Jul-2025,28-Jul-2030
NITMILUK TOURS PTY LTD,Northern Territory DAMA,29-Jul-2025,28-Jul-2030
BRAJKOVICH DEMOLITION & SALVAGE (WA) PTY LTD,WA DAMA,29-Jul-2025,28-Jul-2030
MGM BULK PTY LTD,Pilbara DAMA,29-Jul-2025,28-Jul-2030
VEERAS CONVENIENCE PTY LTD,Northern Territory DAMA,29-Jul-2025,28-Jul-2030
HAIR TODAY ALICE PTY LTD,Northern Territory DAMA,29-Jul-2025,28-Jul-2030
1847 WINERY (SA) PTY LTD,South Australia Regional DAMA,29-Jul-2025,28-Jul-2030
Fijioz Investments Pty Ltd,Far North Queensland DAMA,29-Jul-2025,28-Jul-2030
BOILING POINT F&B GROUP PTY LTD,South Australia Regional DAMA,29-Jul-2025,28-Jul-2030
GREGORY DAVID WHYTE,Company Specific,29-Jul-2025,28-Jul-2030
SOUTH WEST HEALTHCARE,Great South Coast DAMA,29-Jul-2025,28-Jul-2030
Tambo Investments Pty Ltd,Industry - Fishing,28-Jul-2025,27-Jul-2030
Alemre Vici SB Pty Ltd,Industry – Premium Dining,28-Jul-2025,27-Jul-2030
C & D UPSTON PTY LTD,Industry - Dairy,28-Jul-2025,27-Jul-2030
INTERNATIONAL SOCIETY FOR KRISHNA CONSCIOUSNESS SYDNEY LIMITED,Industry - Minister of Religion,28-Jul-2025,27-Jul-2030
JAPANESE CAR PARTS QLD PTY LTD,Skilled Refugee Pilot,28-Jul-2025,27-Jul-2030
MCCARTHY'S ORCHARD PTY LTD,South Australia Regional DAMA,28-Jul-2025,27-Jul-2030
VIC METAL RECYCLERS PTY. LTD.,Skilled Refugee Pilot,28-Jul-2025,27-Jul-2030
NORTHERN TERRITORY OF AUSTRALIA,Skilled Refugee Pilot,25-Jul-2025,24-Jul-2030
Sinhmar Enterprises Pty Ltd,WA DAMA,23-Jul-2025,22-Jul-2030
MARACH PTY LTD,WA DAMA,23-Jul-2025,22-Jul-2030
HUNGRY JACK'S PTY LTD,Goldfields DAMA,23-Jul-2025,22-Jul-2030
CAMP MANAGEMENT SERVICES PTY. LTD.,Pilbara DAMA,23-Jul-2025,22-Jul-2030
HJY SA PTY LTD,South Australia Regional DAMA,23-Jul-2025,22-Jul-2030
CAMPAIGN EDGE SPROUT PTY LTD,Northern Territory DAMA,23-Jul-2025,22-Jul-2030
DANG & VU ENTERPRISE PTY LTD,Northern Territory DAMA,23-Jul-2025,22-Jul-2030
NUMANS ACCOMMODATION VILLAGES PTY LTD,South West DAMA,23-Jul-2025,22-Jul-2030
DEPARTMENT OF EDUCATION,WA DAMA,23-Jul-2025,22-Jul-2030
#1 RELIABLE CARERS AUSTRALIA PTY LTD,WA DAMA,23-Jul-2025,22-Jul-2030
MIB TRAFFIC PTY LTD,Pilbara DAMA,23-Jul-2025,22-Jul-2030
"Naden, Monique Louise",Far North Queensland DAMA,23-Jul-2025,22-Jul-2030
DARWIN ELECTRIC MOTOR REWINDS PTY LTD,Northern Territory DAMA,23-Jul-2025,22-Jul-2030
AUSTRALIAN PROPERTIES & RESORTS PTY LTD,WA DAMA,23-Jul-2025,22-Jul-2030
The Spot Italian Takeaway Pty Ltd,South West DAMA,23-Jul-2025,22-Jul-2030
JAN N JAY PTY LTD,Northern Territory DAMA,23-Jul-2025,22-Jul-2030
SUHANA BUTCHER SHOP PTY LTD,Northern Territory DAMA,23-Jul-2025,22-Jul-2030
Postino Osteria Pty Ltd,Industry – Premium Dining,23-Jul-2025,22-Jul-2030
MARGARET RIVER WINE PRODUCTION PTY LTD,WA DAMA,23-Jul-2025,22-Jul-2030
Fannie Bay Cool Spot Pty Ltd,Northern Territory DAMA,23-Jul-2025,22-Jul-2030
RANDALLS EQUIPMENT CO. (VIC) PTY. LTD.,South Australia Regional DAMA,23-Jul-2025,22-Jul-2030
WARD KELLER PTY LTD,Northern Territory DAMA,23-Jul-2025,22-Jul-2030
MGC SOLUTIONS PTY LTD,WA DAMA,23-Jul-2025,22-Jul-2030
WARRNAMBOOL RSL SUB BRANCH INC,Great South Coast DAMA,23-Jul-2025,22-Jul-2030
LA VERNA PASTORAL PTY. LTD.,Industry - Dairy,22-Jul-2025,21-Jul-2030
PHYSIOCHOICE PTY LTD,South Australia Regional DAMA,21-Jul-2025,20-Jul-2030
L.M PICKLES & R.A PICKLES,Industry - Dairy,21-Jul-2025,20-Jul-2030
SEVENTH-DAY ADVENTIST AGED CARE (VICTORIA) LTD,Industry - Aged Care,21-Jul-2025,20-Jul-2030
NEXT LEVEL COMPONENTS PTY LTD,Goldfields DAMA,21-Jul-2025,20-Jul-2030
STROUD PTY. LIMITED,Industry - Dairy,21-Jul-2025,20-Jul-2030
The Seed Shop Pty Ltd,Industry - Horticulture,21-Jul-2025,20-Jul-2030
IMPRESSION TILING WA PTY LTD,WA DAMA,21-Jul-2025,20-Jul-2030
THE ESSINGTON SCHOOL DARWIN LIMITED,Northern Territory DAMA,21-Jul-2025,20-Jul-2030
Filigree Holdings Pty Ltd,Goldfields DAMA,21-Jul-2025,20-Jul-2030
OOKUMA FARM PTY LTD,Industry - Horticulture,21-Jul-2025,20-Jul-2030
SRI GURU GOBIND SINGH TRANSPORT PTY LTD,WA DAMA,21-Jul-2025,20-Jul-2030
"AVELLANOSA, KRISTY BEATRICE",Northern Territory DAMA,21-Jul-2025,20-Jul-2030
SPORTIES87 PTY LTD,Northern Territory DAMA,17-Jul-2025,16-Jul-2030
RICKY BAULCH & MATTHEW PETER GIBB,Great South Coast DAMA,17-Jul-2025,16-Jul-2030
HIRINO PTY LTD,Orana DAMA,17-Jul-2025,16-Jul-2030
CASINOS AUSTRIA INTERNATIONAL (CAIRNS) PTY LIMITED,Far North Queensland DAMA,17-Jul-2025,16-Jul-2030
DSATCO PTY LTD,WA DAMA,17-Jul-2025,16-Jul-2030
WTD Constructions Pty Ltd,Northern Territory DAMA,17-Jul-2025,16-Jul-2030
The Elephant (WA) Pty Ltd,South West DAMA,17-Jul-2025,16-Jul-2030
AMBIKA KITCHEN PTY LTD,South West DAMA,17-Jul-2025,16-Jul-2030
NORTHERN ACCOUNTANTS PTY LTD,Northern Territory DAMA,17-Jul-2025,16-Jul-2030
THE SYNDICATE TRUST & TRINITY TRUST,Far North Queensland DAMA,17-Jul-2025,16-Jul-2030
Southern Refrigerated Transport Pty Ltd,Goulburn Valley DAMA,17-Jul-2025,16-Jul-2030
HILCI AUSTRALIA PTY LTD,Northern Territory DAMA,17-Jul-2025,16-Jul-2030
SCHULZ ORGANIC FARMS PTY. LTD.,Great South Coast DAMA,17-Jul-2025,16-Jul-2030
THE RACK'N STACK WAREHOUSE DARWIN PTY LTD,Northern Territory DAMA,17-Jul-2025,16-Jul-2030
SOUTHERN CROSS FARMS OPERATIONS PTY LTD,Industry - Horticulture,01-Sep-2025,31-Aug-2030
MID MURRAY HOMES FOR THE AGED INCORPORATED,South West DAMA,01-Sep-2025,31-Aug-2030
SAMEJO DISABILITY SUPPORT SERVICES PTY LTD,South Australia Regional DAMA,01-Sep-2025,31-Aug-2030
"Luong, Thien Ba",WA DAMA,01-Sep-2025,31-Aug-2030
Dentistry Plus Pty Ltd,WA DAMA,02-Sep-2025,01-Sep-2030
BROOME RETIC AND GARDENING SERVICES PTY LTD,East Kimberley DAMA,02-Sep-2025,01-Sep-2030
CASS Care Limited,Industry - Aged Care,02-Sep-2025,01-Sep-2030
BUDDHIST TEMPLE TRISIKKHA INC.,Industry - Minister of Religion,02-Sep-2025,01-Sep-2030
INCLUSIVE LIFESTYLE PTY LIMITED,South Australia Regional DAMA,02-Sep-2025,01-Sep-2030
Genial Australia Pty Ltd,Orana DAMA,02-Sep-2025,01-Sep-2030
BLACK SWAN PLANT HIRE PTY LTD,WA DAMA,02-Sep-2025,01-Sep-2030
R.C PLATT & T.A PLATT,Industry - Dairy,02-Sep-2025,01-Sep-2030
BROTHERS LEAGUES CLUB (CAIRNS) LIMITED,Far North Queensland DAMA,03-Sep-2025,02-Sep-2030
ORION PEOPLE PTY LTD,South Australia Regional DAMA,03-Sep-2025,02-Sep-2030
Falcam Pty Ltd,Orana DAMA,03-Sep-2025,02-Sep-2030
JKP HOSPITALITY NO.2 PTY LTD,Industry – Premium Dining,04-Sep-2025,03-Sep-2030
Glenbank Farm Pty Ltd,Industry - Dairy,04-Sep-2025,03-Sep-2030
Oceancross Pty Ltd,Goldfields DAMA,04-Sep-2025,03-Sep-2030
BULLIVANTS PTY LIMITED,Northern Territory DAMA,05-Sep-2025,04-Sep-2030
QUBE HOLDINGS LIMITED,Pilbara DAMA,05-Sep-2025,04-Sep-2030
Monsoon Aquatics Pty Ltd,Far North Queensland DAMA,05-Sep-2025,04-Sep-2030
KEVMATT HOSPITALITY INVESTMENTS PTY. LTD.,Industry – Premium Dining,05-Sep-2025,04-Sep-2030
INNOVATIVE AGRICULTURAL SERVICES PTY LTD,WA DAMA,05-Sep-2025,04-Sep-2030
Katmarjoh Pty Ltd,Skilled Refugee Pilot,05-Sep-2025,04-Sep-2030
JTR Trading Pty Ltd,Northern Territory DAMA,05-Sep-2025,04-Sep-2030
JP AYR PTY LTD,Townsville DAMA,05-Sep-2025,04-Sep-2030
Willow's Bitumen Haulage Pty Ltd,Townsville DAMA,09-Sep-2025,08-Sep-2030
Panderia Pty Ltd,WA DAMA,09-Sep-2025,08-Sep-2030
Adriem Pty Ltd,Townsville DAMA,09-Sep-2025,08-Sep-2030
Ashfield Baptist Homes Ltd,Industry - Aged Care,09-Sep-2025,08-Sep-2030
Polytex Pty Ltd,Orana DAMA,09-Sep-2025,08-Sep-2030
Tallogum Raspberries Pty Ltd,Industry - Horticulture,09-Sep-2025,08-Sep-2030
PROM COUNTRY AGED CARE INC.,Industry - Aged Care,09-Sep-2025,08-Sep-2030
FORESHORE MANAGEMENT ALBANY PTY LTD,WA DAMA,09-Sep-2025,08-Sep-2030
ANGLICARE N.T. LTD.,Northern Territory DAMA,09-Sep-2025,08-Sep-2030
MA ADMINISTRATION SERVICES PTY LTD,Company Specific,09-Sep-2025,08-Sep-2030
RICHARD ALEXANDER EARDLY MILNE AND ELLEN REBECCA MILNE,WA DAMA,09-Sep-2025,08-Sep-2030
SAMTASS SEAFOODS PTY LTD,South Australia Regional DAMA,10-Sep-2025,09-Sep-2030
ADELAIDE CENTRAL TILING PTY LTD,Skilled Refugee Pilot,10-Sep-2025,09-Sep-2030
FRESH CROP (VIC) PTY LTD,Industry - Horticulture,10-Sep-2025,09-Sep-2030
MACDUE PTY LTD,East Kimberley DAMA,10-Sep-2025,09-Sep-2030
Atlas Export Pty Ltd,South West DAMA,10-Sep-2025,09-Sep-2030
AKR TRANSPORT PTY. LTD.,WA DAMA,11-Sep-2025,10-Sep-2030
CHEF Q PTY LTD,Industry - Meat,11-Sep-2025,10-Sep-2030
ALICE SPRINGS FAMILY DENTAL PTY LTD,Northern Territory DAMA,11-Sep-2025,10-Sep-2030
Wyndham Youth Aboriginal Corporation,East Kimberley DAMA,11-Sep-2025,10-Sep-2030
Coral Bay Utility Services Pty Ltd,WA DAMA,12-Sep-2025,11-Sep-2030
BARBETTA PTY LIMITED,Industry – Premium Dining,12-Sep-2025,11-Sep-2030
Skinfit Body & Beauty Pty Ltd,Great South Coast DAMA,12-Sep-2025,11-Sep-2030
Australian Southern Exporters Pty Ltd,Industry - Fishing,12-Sep-2025,11-Sep-2030
EPITOME CARE PTY LTD,Orana DAMA,12-Sep-2025,11-Sep-2030
Five Star Auto Services Pty Ltd,WA DAMA,15-Sep-2025,14-Sep-2030
Estate Late I S Black,Industry - Dairy,15-Sep-2025,14-Sep-2030
PW & LN Thornton Pty Ltd,Industry - Dairy,15-Sep-2025,14-Sep-2030
MAXIMUS PRECISION LOGISTICS PTY LTD,South Australia Regional DAMA,15-Sep-2025,14-Sep-2030
Ock Pty Ltd,Far North Queensland DAMA,16-Sep-2025,15-Sep-2030
COMMUNITY VISION AUSTRALIA LIMITED,WA DAMA,16-Sep-2025,15-Sep-2030
APMG CORPORATE SOLUTIONS PTY. LTD.,Skilled Refugee Pilot,16-Sep-2025,15-Sep-2030
DANJEN CORPORATION PTY LTD,Goldfields DAMA,16-Sep-2025,15-Sep-2030
Anderson Neurological and Developmental Services Pty Ltd,South West DAMA,16-Sep-2025,15-Sep-2030
GH WA PTY LTD,WA DAMA,16-Sep-2025,15-Sep-2030
DIAZ MAHECHA PTY LTD,South Australia Regional DAMA,16-Sep-2025,15-Sep-2030
ROSHA PTY. LTD.,South Australia Regional DAMA,16-Sep-2025,15-Sep-2030
EL Mexicano Kitchen & Bar Glenelg Pty Ltd,South Australia Regional DAMA,17-Sep-2025,16-Sep-2030
OUTREACH WA INC.,Industry - Minister of Religion,17-Sep-2025,16-Sep-2030
FNQ SHED COMPANY PTY LTD,Far North Queensland DAMA,17-Sep-2025,16-Sep-2030
T. & K. BRYANT PTY. LIMITED,Orana DAMA,17-Sep-2025,16-Sep-2030
M.C BARNETT & S.S BARNETT & The Trustee For The M & S Barnett Family Trust,WA DAMA,17-Sep-2025,16-Sep-2030
Mary & Edward Pty Ltd,Industry – Premium Dining,17-Sep-2025,16-Sep-2030
Walcha Council,Industry - Aged Care,17-Sep-2025,16-Sep-2030
Aspire Together Pty Ltd,South Australia Regional DAMA,17-Sep-2025,16-Sep-2030
WILLOWAY FARMING PTY LTD,Orana DAMA,17-Sep-2025,16-Sep-2030
Ceravolo Orchards Pty Ltd,South Australia Regional DAMA,17-Sep-2025,16-Sep-2030
Springwood Crafts Pty. Ltd.,Far North Queensland DAMA,17-Sep-2025,16-Sep-2030
WESTATE GROUP PTY LTD,South West DAMA,18-Sep-2025,17-Sep-2030
CARESQUAD PTY LTD,South Australia Regional DAMA,18-Sep-2025,17-Sep-2030
Juicy Banana Pty Ltd,Industry – Premium Dining,18-Sep-2025,17-Sep-2030
T Gannon & M Gannon,Industry - Dairy,18-Sep-2025,17-Sep-2030
REHAB CARE AUSTRALIA PTY LTD,South Australia Regional DAMA,18-Sep-2025,17-Sep-2030
Giorgiana Pty Ltd,WA DAMA,18-Sep-2025,17-Sep-2030
KOSIPARK PTY LIMITED,Orana DAMA,18-Sep-2025,17-Sep-2030
TEAK CORP WINERY PTY LTD,South Australia Regional DAMA,18-Sep-2025,17-Sep-2030
Harvest Road Agribusiness Pty Ltd,WA DAMA,18-Sep-2025,17-Sep-2030
A. GIANNITTO AND SONS PROPRIETARY LIMITED,South Australia Regional DAMA,18-Sep-2025,17-Sep-2030
Brighton Tavern Group Pty Ltd,WA DAMA,18-Sep-2025,17-Sep-2030
Shaolin Kungfu Meditation Temple of Australia Incorporated,Industry - Minister of Religion,18-Sep-2025,17-Sep-2030
COWRA MEAT PROCESSORS PTY LIMITED,Industry - Meat,19-Sep-2025,18-Sep-2030
ROGUE NTT PTY LTD,Northern Territory DAMA,19-Sep-2025,18-Sep-2030
DIVERSE BATHROOM SOLUTIONS PTY LIMITED,Far North Queensland DAMA,19-Sep-2025,18-Sep-2030
SAR METALS PTY LTD,South Australia Regional DAMA,19-Sep-2025,18-Sep-2030
AGED CARE GROUP PTY LTD,Industry - Aged Care,19-Sep-2025,18-Sep-2030
MOXEY FARMS MANAGEMENT PTY LTD,Industry - Dairy,19-Sep-2025,18-Sep-2030
"STREICHER, LAURA",Northern Territory DAMA,22-Sep-2025,21-Sep-2030
APE Cars MGMT Pty Ltd,Northern Territory DAMA,22-Sep-2025,21-Sep-2030
Ruvett Pty Ltd,South Australia Regional DAMA,22-Sep-2025,21-Sep-2030
RELKAD PTY. LIMITED,Northern Territory DAMA,22-Sep-2025,21-Sep-2030
ZELL AG PTY LTD,Orana DAMA,22-Sep-2025,21-Sep-2030
PANJTAN SOCIETY OF VICTORIA INC.,Industry - Minister of Religion,22-Sep-2025,21-Sep-2030
Top Line Furniture Pty Ltd,Skilled Refugee Pilot,23-Sep-2025,22-Sep-2030
ICM Agribusiness Pty Ltd,Industry - Horticulture,23-Sep-2025,22-Sep-2030
Wombarra Civil Construction Pty Ltd,Northern Territory DAMA,23-Sep-2025,22-Sep-2030
East End Cellars Pty Ltd,South Australia Regional DAMA,23-Sep-2025,22-Sep-2030
ONE STOP SUPPORT SERVICES PTY LTD,Far North Queensland DAMA,23-Sep-2025,22-Sep-2030
HEAD REPUBLIC PTY LTD,Northern Territory DAMA,23-Sep-2025,22-Sep-2030
Tablelands Indian Restaurants Pty Ltd,Far North Queensland DAMA,23-Sep-2025,22-Sep-2030
DAPPER & BOSS SHOPS PTY LTD,Northern Territory DAMA,23-Sep-2025,22-Sep-2030
Tatiara Seeds Pty. Ltd.Tatiara Seeds Pty. Ltd.,South Australia Regional DAMA,23-Sep-2025,22-Sep-2030
Delivery Nerd Pty Ltd,WA DAMA,23-Sep-2025,22-Sep-2030
TRINITY BEACH BREWING CO PTY LTD,Far North Queensland DAMA,23-Sep-2025,22-Sep-2030
NSW PLANNING MANAGEMENT PTY LTD,Skilled Refugee Pilot,23-Sep-2025,22-Sep-2030
The United Vietnamese Buddhist Congregation of Victoria Inc,Industry - Minister of Religion,23-Sep-2025,22-Sep-2030
VIRTUOUS CARE SERVICES PTY LTD,South West DAMA,24-Sep-2025,23-Sep-2030
INTERNATIONAL LUBRICANT DISTRIBUTORS PTY LTD,WA DAMA,24-Sep-2025,23-Sep-2030
Dtown Group Pty Ltd,Northern Territory DAMA,24-Sep-2025,23-Sep-2030
SRR AHMED PTY LTD,Industry - On-Hire,24-Sep-2025,23-Sep-2030
DEUS SOUZS PTY LTD,WA DAMA,24-Sep-2025,23-Sep-2030
GLOBAL ENABLERS PTY LTD.,South Australia Regional DAMA,24-Sep-2025,23-Sep-2030
ktlyons Pty Ltd,Orana DAMA,24-Sep-2025,23-Sep-2030
SGP Civil Pty Ltd,South Australia Regional DAMA,24-Sep-2025,23-Sep-2030
PAK AURORA SERVICES PTY LTD,Company Specific,23-Oct-2025,22-Oct-2030
Gary Singh Enterprises Pty Ltd,Company Specific,28-Oct-2025,27-Oct-2030
8CARE PTY LTD,Company Specific,30-Oct-2025,29-Oct-2030
Ultimate Disability Services,Company Specific,05-Nov-2025,04-Nov-2030
BALLARAT MOTOR WINDERS PTY LTD,Company Specific,07-Nov-2025,06-Nov-2030
Cowra Retirement Village Ltd,Industry - Aged Care,29-Sep-2025,28-Sep-2030
AMANA LIVING INCORPORATED,Industry - Aged Care,29-Sep-2025,28-Sep-2030
Quambie Park Waroona Inc,Industry - Aged Care,07-Oct-2025,06-Oct-2030
Latrobe Valley Village Inc.,Industry - Aged Care,13-Oct-2025,12-Oct-2030
BUSHLAND HEALTH GROUP LIMITED,Industry - Aged Care,17-Oct-2025,16-Oct-2030
FRESH FIELDS AGED CARE (NSW) NO 1 PTY LTD,Industry - Aged Care,23-Oct-2025,22-Oct-2030
FRESH FIELDS MANAGEMENT (NSW) PTY LTD,Industry - Aged Care,23-Oct-2025,22-Oct-2030
CHRISTADELPHIAN CARE SERVICES (SA) INCORPORATED,Industry - Aged Care,28-Oct-2025,27-Oct-2030
Uniting Church Homes,Industry - Aged Care,03-Nov-2025,02-Nov-2030
Freshfields Aged Care Pty Ltd,Industry - Aged Care,05-Nov-2025,04-Nov-2030
Good Shepherd Lodge Limited,Industry - Aged Care,07-Nov-2025,06-Nov-2030
Moxey Farms Pty Limited,Industry - Dairy,26-Sep-2025,25-Sep-2030
"ALLEN, SEAN",Industry - Dairy,26-Sep-2025,25-Sep-2030
Windy Lea Pty Ltd,Industry - Dairy,30-Sep-2025,29-Sep-2030
Spec Dairy Pty Ltd,Industry - Dairy,30-Sep-2025,29-Sep-2030
STUDLEIGH DAIRY PTY LTD,Industry - Dairy,01-Oct-2025,30-Sep-2030
Alnor Partners Pty Ltd,Industry - Dairy,16-Oct-2025,15-Oct-2030
R.H. BOYD & SON PTY LTD,Industry - Dairy,17-Oct-2025,16-Oct-2030
G.W PEDDLE & K.L PEDDLE,Industry - Dairy,20-Oct-2025,19-Oct-2030
Wall Flat Employment Pty Ltd,Industry - Dairy,20-Oct-2025,19-Oct-2030
Speldon Pastoral Pty Ltd,Industry - Dairy,21-Oct-2025,20-Oct-2030
TASCA HOLDINGS PTY LTD,Industry - Dairy,22-Oct-2025,21-Oct-2030
GEN TWO PTY LTD,Industry - Fishing,01-Oct-2025,30-Sep-2030
SHANNON COURT PTY LTD,Industry - Fishing,03-Oct-2025,02-Oct-2030
Alpine TF Pty Ltd,Industry - Fishing,09-Oct-2025,08-Oct-2030
SOUTHERN FISHERIES GROUP PTY LTD,Industry - Fishing,13-Oct-2025,12-Oct-2030
PREECE INDUSTRIES WA PTY LTD,Industry - Fishing,29-Oct-2025,28-Oct-2030
R KAUR & G SINGH,Industry - Horticulture,01-Oct-2025,30-Sep-2030
Premium Fresh Tasmania Pty Ltd,Industry - Horticulture,13-Oct-2025,12-Oct-2030
ALBYFARMS PRODUCE PTY LTD,Industry - Horticulture,16-Oct-2025,15-Oct-2030
RM Kluck Farms PTY LTD,Industry - Horticulture,29-Oct-2025,28-Oct-2030
Jaclan Nominees Pty Ltd,Industry - Horticulture,29-Oct-2025,28-Oct-2030
MH Fresh Pty. Ltd.,Industry - Horticulture,07-Nov-2025,06-Nov-2030
MONBEEF PTY LIMITED,Industry - Meat,16-Oct-2025,15-Oct-2030
NERRIM CRESCENT PTY. LTD.,Industry - Meat,04-Nov-2025,03-Nov-2030
PLUM VILLAGE AUSTRALIA INCORPORATED,Industry - Minister of Religion,01-Oct-2025,30-Sep-2030
Perth Chin Baptist Church INC,Industry - Minister of Religion,03-Oct-2025,02-Oct-2030
Hosanna Nepali Church Incorporated,Industry - Minister of Religion,07-Oct-2025,06-Oct-2030
Mahamevnawa Buddhist Monastery of Melbourne West Ltd,Industry - Minister of Religion,20-Oct-2025,19-Oct-2030
SEVENTH-DAY ADVENTIST CHURCH (NORTH NEW SOUTH WALES CONFERENCE) LTD,Industry - Minister of Religion,21-Oct-2025,20-Oct-2030
Dhammakaya Society of Victoria Inc.,Industry - Minister of Religion,21-Oct-2025,20-Oct-2030
BRISBANE KOREAN CENTRAL PRESBYTERIAN CHURCH INC.,Industry - Minister of Religion,22-Oct-2025,21-Oct-2030
Reformed Church International Australia Limited,Industry - Minister of Religion,23-Oct-2025,22-Oct-2030
INDONESIAN MUSLIM COMMUNITY of VICTORIA,Industry - Minister of Religion,28-Oct-2025,27-Oct-2030
AUSTRAL-ASIAN CHINESE CHURCH INC,Industry - Minister of Religion,29-Oct-2025,28-Oct-2030
PARISH OF CANTERBURY WITH HURLSTONE PARK,Industry - Minister of Religion,06-Nov-2025,05-Nov-2030
RAMAKRISHNA SARADA VEDANTA SOCIETY OF NSW INC,Industry - Minister of Religion,06-Nov-2025,05-Nov-2030
Galilee Best Unity Church Incorporated,Industry - Minister of Religion,07-Nov-2025,06-Nov-2030
SERBIAN ORTHODOX CHURCH & SCHOOL COMMUNITY ST STEFAN,Industry - Minister of Religion,07-Nov-2025,06-Nov-2030
ANANDA MARGA PRACARAKA SAMGHA LTD,Industry - Minister of Religion,07-Nov-2025,06-Nov-2030
St Sava Serbian Orthodox Church In Highgate Inc,Industry - Minister of Religion,10-Nov-2025,09-Nov-2030
SHEPHERD COMMUNITY EVANGELICAL CHURCH,Industry - Minister of Religion,10-Nov-2025,09-Nov-2030
AJ Labour Hire Pty Ltd,Industry - On-Hire,07-Nov-2025,06-Nov-2030
RIVERHAVEN ENTERPRISES PTY LTD,Industry - Pork,20-Oct-2025,19-Oct-2030
CEFN PTY LTD,Industry - Pork,03-Nov-2025,02-Nov-2030
BAY STREET JAPANESE PTY LTD,Industry – Premium Dining,03-Oct-2025,02-Oct-2030
Venus Hospitality Services Pty Ltd,Industry – Premium Dining,03-Oct-2025,02-Oct-2030
PRATHAM VENTURES PTY LTD,Industry – Premium Dining,13-Oct-2025,12-Oct-2030
Bundaleer Sustainable Investments Pty Ltd,Industry – Premium Dining,14-Oct-2025,13-Oct-2030
GOROACEN SERVICES PTY LIMITED,Industry – Premium Dining,21-Oct-2025,20-Oct-2030
Tassis Pty Ltd,Industry – Premium Dining,23-Oct-2025,22-Oct-2030
PALACE MW PTY LTD,Industry – Premium Dining,24-Oct-2025,23-Oct-2030
BAR CONTE PTY LIMITED,Industry – Premium Dining,28-Oct-2025,27-Oct-2030
CASOTIMBRI PTY LTD,Industry – Premium Dining,28-Oct-2025,27-Oct-2030
Callays Kitchen Pty Ltd,Industry – Premium Dining,30-Oct-2025,29-Oct-2030
C CHRISTOPOULOS & JOSHUA BRISBANE ATF THE BRISBANE SULLIVAN INVESTMENT TRUST,Industry – Premium Dining,31-Oct-2025,30-Oct-2030
CAMBRIDGE (KICKON) PTY LTD,Industry – Premium Dining,06-Nov-2025,05-Nov-2030
Laok Consulting Pty Ltd,Industry – Premium Dining,11-Nov-2025,10-Nov-2030
Victoria Carpet Centre Pty Ltd,Skilled Refugee Pilot,30-Sep-2025,29-Sep-2030
Kimrick Pty Ltd,East Kimberley DAMA,25-Sep-2025,24-Sep-2030
Catholic Education Western Australia Limited,East Kimberley DAMA,30-Sep-2025,29-Sep-2030
MARTIN STEWART LONG AND JITSOPIN SURIN,East Kimberley DAMA,30-Sep-2025,29-Sep-2030
Binarri-binyja yarrawoo Aboriginal Corporation,East Kimberley DAMA,03-Oct-2025,02-Oct-2030
Ord Six Pty Ltd,East Kimberley DAMA,07-Oct-2025,06-Oct-2030
Halls Creek Chemist Pty Ltd,East Kimberley DAMA,08-Oct-2025,07-Oct-2030
DWA Industrial Resources PTY LTD,East Kimberley DAMA,15-Oct-2025,14-Oct-2030
ILALH PTY LTD,East Kimberley DAMA,16-Oct-2025,15-Oct-2030
D & G Company WA Pty Ltd,East Kimberley DAMA,29-Oct-2025,28-Oct-2030
EMPOWER3 PTY LTD,East Kimberley DAMA,31-Oct-2025,30-Oct-2030
Norship Pty Ltd,Far North Queensland DAMA,25-Sep-2025,24-Sep-2030
MAE Refrigeration Pty Ltd,Far North Queensland DAMA,09-Oct-2025,08-Oct-2030
N DHILLON & G GILL & J GILL & V KAUR,Far North Queensland DAMA,10-Oct-2025,09-Oct-2030
Hachi AU Pty Ltd,Far North Queensland DAMA,15-Oct-2025,14-Oct-2030
Valley View Farming Pty Ltd,Far North Queensland DAMA,24-Oct-2025,23-Oct-2030
HEM Cairns Pty Ltd,Far North Queensland DAMA,29-Oct-2025,28-Oct-2030
WAYMARK HOTEL GROUP MANAGEMENT PTY LIMITED,Far North Queensland DAMA,29-Oct-2025,28-Oct-2030
FNQ Podiatry & Orthotics Pty Ltd,Far North Queensland DAMA,30-Oct-2025,29-Oct-2030
KING OF ORIENTAL FOODS TRADING PTY LTD,Far North Queensland DAMA,03-Nov-2025,02-Nov-2030
Lucy My Love Pty Ltd,Far North Queensland DAMA,07-Nov-2025,06-Nov-2030
MURAT ENTERPRISES PTY. LTD.,Far North Queensland DAMA,12-Nov-2025,11-Nov-2030
Milburn Lake Pty. Ltd.,Goulburn Valley DAMA,25-Sep-2025,24-Sep-2030
Echuca Workers & Services Club Ltd,Goulburn Valley DAMA,15-Oct-2025,14-Oct-2030
Trafford Group Pty Ltd,Goulburn Valley DAMA,16-Oct-2025,15-Oct-2030
Vicmill AG Solutions Pty Ltd,Goulburn Valley DAMA,28-Oct-2025,27-Oct-2030
Aussie Pride Produce Group Pty Ltd,Goulburn Valley DAMA,29-Oct-2025,28-Oct-2030
AYSG PTY LTD,Goulburn Valley DAMA,30-Oct-2025,29-Oct-2030
SEAFARERS GETAWAY RESORT PTY LTD,Great South Coast DAMA,01-Oct-2025,30-Sep-2030
NAMZDAVZ PTY. LTD.,Great South Coast DAMA,09-Oct-2025,08-Oct-2030
Davison Kaplan PTY LTD,Great South Coast DAMA,16-Oct-2025,15-Oct-2030
Respect Group Limited,Great South Coast DAMA,20-Oct-2025,19-Oct-2030
Rummer Pty Ltd,Great South Coast DAMA,29-Oct-2025,28-Oct-2030
TIWI TRAINING & EMPLOYMENT PTY LTD,Northern Territory DAMA,25-Sep-2025,24-Sep-2030
JARRYN TRADING PTY LTD,Northern Territory DAMA,26-Sep-2025,25-Sep-2030
DARWIN TRAILER BOAT CLUB INC,Northern Territory DAMA,26-Sep-2025,25-Sep-2030
BORS COMMUNITY SERVICES PTY LTD,Northern Territory DAMA,30-Sep-2025,29-Sep-2030
AUSTRALIAN MARKETING CONSULTANTS PTY LTD,Northern Territory DAMA,30-Sep-2025,29-Sep-2030
NOVOVISTA PTY LTD,Northern Territory DAMA,30-Sep-2025,29-Sep-2030
OH MY COFFEE PTY LTD,Northern Territory DAMA,30-Sep-2025,29-Sep-2030
N.T. EXCAVATION & DEMOLITION PTY LTD,Northern Territory DAMA,02-Oct-2025,01-Oct-2030
JABROK INVESTMENTS PTY LTD,Northern Territory DAMA,03-Oct-2025,02-Oct-2030
THIRD PLACE BARBERSHOP PTY LTD,Northern Territory DAMA,07-Oct-2025,06-Oct-2030
BevCo SBB Pty Ltd,Northern Territory DAMA,09-Oct-2025,08-Oct-2030
ARNHEM EARLY LEARNING CENTRE PTY. LTD.,Northern Territory DAMA,09-Oct-2025,08-Oct-2030
KAKADU TOURISM (GLC) PTY LIMITED,Northern Territory DAMA,09-Oct-2025,08-Oct-2030
Exact Contracting Services Pty Ltd,Northern Territory DAMA,09-Oct-2025,08-Sep-2030
Jackson Enterprises Pty Ltd,Northern Territory DAMA,10-Oct-2025,09-Oct-2030
CARERS NT LIMITED,Northern Territory DAMA,10-Oct-2025,09-Oct-2030
EPILOGUE ENTERPRISES PTY. LTD.,Northern Territory DAMA,10-Oct-2025,09-Oct-2030
KOPI EMPIRE PTY LTD,Northern Territory DAMA,10-Oct-2025,09-Oct-2030
Reidy Investments Pty Ltd,Northern Territory DAMA,13-Oct-2025,12-Oct-2030
SS & GA Pty Ltd,Northern Territory DAMA,15-Oct-2025,14-Oct-2030
MALA'LA HEALTH SERVICE ABORIGINAL CORPORATION,Northern Territory DAMA,15-Oct-2025,14-Oct-2030
BRAITLING NEIGHBOURHOOD CENTRE INC,Northern Territory DAMA,15-Oct-2025,14-Oct-2030
MARLIN DARWIN PTY LTD,Northern Territory DAMA,16-Oct-2025,15-Oct-2030
A.B.T. (NT) PTY. LTD.,Northern Territory DAMA,16-Oct-2025,15-Oct-2030
ELEMENTS GLASS (NT) PTY LTD,Northern Territory DAMA,16-Oct-2025,15-Oct-2030
DARWIN FIBREGLASS PTY LTD,Northern Territory DAMA,16-Oct-2025,15-Oct-2030
LUX NAILS AND SPA PTY LTD,Northern Territory DAMA,17-Oct-2025,16-Oct-2030
KERRY'S TRADITIONAL CHINESE MASSAGE CENTRE PTY. LTD.,Northern Territory DAMA,20-Oct-2025,19-Oct-2030
BUDKO GROUP PTY LTD,Northern Territory DAMA,20-Oct-2025,19-Oct-2030
Ms Minnie Pty Ltd,Northern Territory DAMA,21-Oct-2025,21-Oct-2030
FENIX CONVENIENCE PTY LTD,Northern Territory DAMA,22-Oct-2025,21-Oct-2030
MIKHLEE PTY LTD,Northern Territory DAMA,23-Oct-2025,22-Oct-2030
Jon Kers Pty Ltd,Northern Territory DAMA,24-Oct-2025,23-Oct-2030
We Tile Pty Ltd,Northern Territory DAMA,27-Oct-2025,26-Oct-2030
GLOBAL PIES PTY LTD,Northern Territory DAMA,27-Oct-2025,26-Oct-2030
JESS AND AL PTY LTD,Northern Territory DAMA,27-Oct-2025,26-Oct-2030
Junction 9 Pty Ltd,Northern Territory DAMA,27-Oct-2025,26-Oct-2030
TOP END CIVIL PTY LTD,Northern Territory DAMA,28-Oct-2025,27-Oct-2030
N.T. SCAFFOLDS PTY. LTD.,Northern Territory DAMA,28-Oct-2025,27-Oct-2030
PLUMBING NT PTY LTD,Northern Territory DAMA,29-Oct-2025,28-Oct-2030
CLIPPERS & SCIZZORS SERVICES PTY LTD,Northern Territory DAMA,29-Oct-2025,28-Oct-2030
S NEO & H.Y SEOW,Northern Territory DAMA,30-Oct-2025,29-Oct-2030
GILLEN CLUB INCORPORATED,Northern Territory DAMA,30-Oct-2025,29-Oct-2030
TOUCHING LIVES COMMUNITY SERVICES PTY LTD,Northern Territory DAMA,31-Oct-2025,30-Oct-2030
SHAMROCK CHEMICALS (N.T.) PTY. LTD.,Northern Territory DAMA,31-Oct-2025,30-Oct-2030
D LAPDEZ & H LAPDEZ,Northern Territory DAMA,03-Nov-2025,02-Nov-2030
Kylie's International Pty Ltd,Northern Territory DAMA,03-Nov-2025,02-Nov-2030
H TRINH & T UY,Northern Territory DAMA,03-Nov-2025,02-Nov-2030
Arnhemland Pest Control Pty Ltd,Northern Territory DAMA,04-Nov-2025,03-Nov-2030
Junction 8 Pty Ltd,Northern Territory DAMA,04-Nov-2025,03-Nov-2030
TJ INTERIOR FITOUT PTY LTD,Northern Territory DAMA,04-Nov-2025,03-Nov-2030
Kulgera Service Area Pty Ltd,Northern Territory DAMA,05-Nov-2025,04-Nov-2030
EFUS FOOD & CATERING SERVICES PTY LTD,Northern Territory DAMA,06-Nov-2025,05-Nov-2030
RAMAKIEN PTY LTD,Northern Territory DAMA,10-Nov-2025,09-Oct-2030
MALAK FAMILY CENTRE INCORPORATED,Northern Territory DAMA,11-Nov-2025,10-Nov-2030
Nightcliff Sports and Social Club Inc,Northern Territory DAMA,11-Nov-2025,10-Nov-2030
JC YEUM TRADING PTY LTD,Northern Territory DAMA,11-Nov-2025,10-Nov-2030
Altrad Services Pty Ltd,Northern Territory DAMA,12-Nov-2025,11-Nov-2030
ALICE FLOWERS PTY LTD,Northern Territory DAMA,12-Nov-2025,11-Nov-2030
Red Centre Foods Pty Ltd,Northern Territory DAMA,12-Nov-2025,11-Nov-2030
SVM TRADERS PTY LTD,Orana DAMA,29-Sep-2025,28-Sep-2030
RELIABLE CONVEYOR BELT PTY. LIMITED,Orana DAMA,29-Sep-2025,28-Sep-2030
Reyans Pty Ltd,Orana DAMA,01-Oct-2025,30-Sep-2030
GVL Group Pty Ltd,Orana DAMA,03-Oct-2025,02-Oct-2030
PEFFER PASTORAL CO. PTY LIMITED,Orana DAMA,09-Oct-2025,08-Oct-2030
J & P AU PTY LTD,Orana DAMA,14-Oct-2025,13-Oct-2030
Lingling Thai Pty Ltd,Orana DAMA,15-Oct-2025,14-Oct-2030
DUNCAN MCGINNESS PTY LTD,Orana DAMA,16-Oct-2025,15-Oct-2030
RADD4 PTY LIMITED,Orana DAMA,23-Oct-2025,22-Oct-2030
WILGA LANE PRODUCE PTY. LTD.,Orana DAMA,30-Oct-2025,29-Oct-2030
MJRJR PTY LTD,Orana DAMA,05-Nov-2025,04-Nov-2030
MUTUAL SHARED SERVICES PTY LTD,Orana DAMA,11-Nov-2025,10-Nov-2030
Hampton Harbour Boat & Sailing Club Pty Ltd,Pilbara DAMA,03-Oct-2025,02-Oct-2030
Broometown Holdings Pty Ltd,Pilbara DAMA,12-Nov-2025,11-Nov-2030
MLRXYZ PTY LTD,South Australia Regional DAMA,25-Sep-2025,24-Sep-2030
ASR CIVIL PTY LTD,South Australia Regional DAMA,26-Sep-2025,25-Sep-2030
STONEFAB PTY LTD,South Australia Regional DAMA,30-Sep-2025,29-Sep-2030
SA Disability Care Pty Ltd,South Australia Regional DAMA,01-Oct-2025,30-Sep-2030
BL91 PTY LTD,South Australia Regional DAMA,03-Oct-2025,02-Oct-2030
Dental Corporation Pty Ltd,South Australia Regional DAMA,03-Oct-2025,02-Oct-2030
BOOKYANA CULTURAL & COMMUNITY SERVICES PTY LTD,South Australia Regional DAMA,03-Oct-2025,02-Oct-2030
ROSHA PTY. LTD.,South Australia Regional DAMA,08-Oct-2025,07-Oct-2030
SERBIAN COMMUNITY WELFARE ASSOCIATION OF SA INC,South Australia Regional DAMA,09-Oct-2025,08-Oct-2030
Loustarr Pty Ltd,South Australia Regional DAMA,10-Oct-2025,09-Oct-2030
PORT AUGUSTA COLLISION REPAIR CENTRE PTY. LTD.,South Australia Regional DAMA,10-Oct-2025,09-Oct-2030
Jodan (Aust) Pty Ltd,South Australia Regional DAMA,10-Oct-2025,09-Oct-2030
FARQUHAR GROUP PTY LTD,South Australia Regional DAMA,10-Oct-2025,09-Oct-2030
Spice & Ice Pty Ltd,South Australia Regional DAMA,13-Oct-2025,12-Oct-2030
QUALITALY PTY LTD,South Australia Regional DAMA,13-Oct-2025,12-Oct-2030
SB KIM PTY LTD,South Australia Regional DAMA,14-Oct-2025,13-Oct-2030
SPRY SUPPORT SERVICES PTY LTD,South Australia Regional DAMA,15-Oct-2025,14-Oct-2030
Tibii Pty Ltd,South Australia Regional DAMA,16-Oct-2025,15-Oct-2030
LIVABILITY CARE AUSTRALIA PTY LTD,South Australia Regional DAMA,16-Oct-2025,15-Oct-2030
SHRED-X PTY LTD,South Australia Regional DAMA,20-Oct-2025,19-Oct-2030
DOTTORI PTY LTD,South Australia Regional DAMA,20-Oct-2025,19-Oct-2030
GHTC PTY LTD,South Australia Regional DAMA,23-Oct-2025,22-Oct-2030
CAVAN AGRICULTURAL AGENCIES PTY LTD,South Australia Regional DAMA,24-Oct-2025,23-Oct-2030
PAYA THAI RESTAURANT PTY LTD,South Australia Regional DAMA,27-Oct-2025,26-Oct-2030
In Ground Projects Pty Ltd,South Australia Regional DAMA,28-Oct-2025,27-Oct-2030
St Louis Community Care Packages Pty Ltd,South Australia Regional DAMA,29-Oct-2025,28-Oct-2030
CROATIAN UKRAINIAN & BELARUSIAN AGED CARE ASSOCIATION,South Australia Regional DAMA,30-Oct-2025,29-Oct-2030
Southern Bluefin Pty Ltd,South Australia Regional DAMA,04-Nov-2025,03-Nov-2030
ANGEL GREWAL ENTERPRISES PTY LTD,South Australia Regional DAMA,06-Nov-2025,05-Nov-2030
XUJI BRO PTY LTD,South Australia Regional DAMA,10-Nov-2025,09-Nov-2030
Treasury Wine Estates Vintners Limited,South Australia Regional DAMA,10-Nov-2025,09-Nov-2030
GVRK PTY. LTD.,South Australia Regional DAMA,11-Nov-2025,10-Nov-2030
ST & P CATERING PTY LTD,South Australia Regional DAMA,12-Nov-2025,11-Nov-2030
COORONG APIARIES PTY. LTD.,South Australia Regional DAMA,12-Nov-2025,11-Nov-2030
RTJ CARRIERS PTY LTD,South West DAMA,20-Oct-2025,19-Oct-2030
HARVEY INDUSTRIES GROUP PTY LTD,South West DAMA,22-Oct-2025,21-Oct-2030
JPT Ventures Pty Ltd,South West DAMA,23-Oct-2025,22-Oct-2030
ALBERT & GEORGE PTY LTD,South West DAMA,23-Oct-2025,22-Oct-2030
S.V COWAN & W.C SOLWAY,South West DAMA,29-Oct-2025,28-Oct-2030
FULL CIRCLE CHILD CARE PTY LTD,South West DAMA,04-Nov-2025,03-Nov-2030
BUSSELTON HOSPITALITY PTY LTD,South West DAMA,04-Nov-2025,03-Nov-2030
ROCKLYN FARM PTY LTD,South West DAMA,04-Nov-2025,03-Nov-2030
TUONG M NGUYEN & HIEN T LE,South West DAMA,06-Nov-2025,05-Nov-2030
M.K Gasbarri & D.C Hare,South West DAMA,06-Nov-2025,05-Nov-2030
C BAR HOLDINGS PTY. LTD.,Townsville DAMA,10-Oct-2025,09-Oct-2030
LONGBOARD BAR AND GRILL PTY LTD,Townsville DAMA,21-Oct-2025,20-Oct-2030
WHITCHERA RIDGE ENTERPRISES PROPRIETARY LIMITED,Townsville DAMA,24-Oct-2025,23-Oct-2030
GTEC TRAINING AND DEVELOPMENT PTY. LTD.,Townsville DAMA,06-Nov-2025,05-Nov-2030
RC JACOB FAMILY INVESTMENTS PTY LTD,Townsville DAMA,11-Nov-2025,10-Nov-2030
Delivery Nerd Pty Ltd,WA DAMA,25-Sep-2025,24-Sep-2030
E.C KIPKORIR & T.I.C KIMUTAI,WA DAMA,25-Sep-2025,24-Sep-2030
E.L QUINN & J.S QUINN,WA DAMA,01-Oct-2025,30-Sep-2030
HIRO JAPANESE PTY LTD,WA DAMA,02-Oct-2025,01-Oct-2030
Pezzano Enterprises Pty Ltd,WA DAMA,03-Oct-2025,02-Oct-2030
Costanza Pty Ltd,WA DAMA,03-Oct-2025,02-Oct-2030
GAJANAND INVESTMENTS PTY LTD,WA DAMA,07-Oct-2025,06-Oct-2030
MULTIWEST PTY LTD,WA DAMA,07-Oct-2025,06-Oct-2030
Passionate Keepers Pty Ltd,WA DAMA,07-Oct-2025,06-Oct-2030
ORONTES PTY LTD,WA DAMA,07-Oct-2025,06-Oct-2030
Atlas Fuel Australia PTY LTD,WA DAMA,07-Oct-2025,06-Oct-2030
L & H Family Investments Pty Ltd,WA DAMA,07-Oct-2025,06-Oct-2030
RQ Living PTY LTD,WA DAMA,08-Oct-2025,07-Oct-2030
THE GREEN TREE TRANSPORT (WA) PTY LTD,WA DAMA,08-Oct-2025,07-Oct-2030
PHONEFIX PTY LTD,WA DAMA,08-Oct-2025,07-Oct-2030
Ammodo Pty Ltd,WA DAMA,08-Oct-2025,07-Oct-2030
AIRCRAFT INSTALLATIONS PTY. LTD.,WA DAMA,09-Oct-2025,08-Oct-2030
Toscana (WA) Pty Ltd,WA DAMA,09-Oct-2025,08-Oct-2030
Wiseplace Investments Pty Ltd,WA DAMA,10-Oct-2025,09-Oct-2030
DEPARTMENT OF COMMUNITIES,WA DAMA,10-Oct-2025,09-Oct-2030
SANDS FRIDGE LINES PTY LTD,WA DAMA,10-Oct-2025,09-Oct-2030
Mikevie Pty Ltd,WA DAMA,14-Oct-2025,13-Oct-2030
GIANTSTONE PTY LTD,WA DAMA,15-Oct-2025,14-Oct-2030
Tilt Trays Australia Pty Ltd,WA DAMA,15-Oct-2025,14-Oct-2030
THI HONG SON LE,WA DAMA,15-Oct-2025,14-Oct-2030
OSHA TECHNOLOGIES PTY LTD,WA DAMA,15-Oct-2025,14-Oct-2030
COMPA (AUST) PTY LTD,WA DAMA,16-Oct-2025,15-Oct-2030
BENIPAL TRANSPORT PTY LTD,WA DAMA,17-Oct-2025,16-Oct-2030
SHAW'S DARWIN TRANSPORT PTY LIMITED,WA DAMA,17-Oct-2025,16-Oct-2030
TSG Rockingham Pty Ltd,WA DAMA,20-Oct-2025,19-Oct-2030
ITAFOOD Pty Ltd,WA DAMA,22-Oct-2025,21-Oct-2030
COMPANION MENTAL HEALTH AND DISABILITY SERVICES PTY LTD.,WA DAMA,23-Oct-2025,22-Oct-2030
ALPHA CARERS AUSTRALIA PTY LTD,WA DAMA,23-Oct-2025,22-Oct-2030
COURTLEA FARMS PTY LTD,WA DAMA,23-Oct-2025,22-Oct-2030
Akaal Sahai Freightlines Pty Ltd,WA DAMA,27-Oct-2025,26-Oct-2030
GVL Group Pty Ltd,WA DAMA,28-Oct-2025,27-Oct-2030
VB SOOD PTY LTD,WA DAMA,29-Oct-2025,28-Oct-2030
ROADS 2000 PTY LTD,WA DAMA,29-Oct-2025,28-Oct-2030
VVG Services WA Pty Ltd,WA DAMA,03-Nov-2025,02-Nov-2030
A ANJOS & R.D KAZON,WA DAMA,04-Nov-2025,03-Nov-2030
YES STAFFING SOLUTIONS PTY LTD,WA DAMA,04-Nov-2025,03-Nov-2030
K NG & M TAN,WA DAMA,04-Nov-2025,03-Nov-2030
INDIAN OCEAN ROCK LOBSTER PTY LTD,WA DAMA,06-Nov-2025,05-Nov-2030
Stephen Entities Pty Ltd,WA DAMA,06-Nov-2025,05-Nov-2030
MODULAR TRANSPORT PTY LTD,WA DAMA,07-Nov-2025,06-Nov-2030
Italian Elite Group Pty Ltd,WA DAMA,11-Nov-2025,10-Nov-2030
JOB SKILLS TRAINING ACADEMY PTY LTD,WA DAMA,11-Nov-2025,10-Nov-2030
NGO TRANSPORT PTY LTD,WA DAMA,12-Nov-2025,11-Nov-2030
FLANCO KALGOORLIE PTY LTD,Goldfields DAMA,09-Oct-2025,08-Oct-2030
Wickstein Partners,Goldfields DAMA,10-Oct-2025,09-Oct-2030
J.A MOLLETT & J.A MOLLETT & N MOLLETT & THE TRUSTEE FOR THE MOLLETT FAMILY TRUST,Goldfields DAMA,13-Oct-2025,12-Oct-2030
DAVID CAMPBELL TRANSPORT PTY LTD,Goldfields DAMA,20-Oct-2025,19-Oct-2030
CAICOS PTY LTD,Goldfields DAMA,30-Oct-2025,29-Oct-2030
Black Cat Syndicate Limited,Goldfields DAMA,04-Nov-2025,03-Nov-2030
S L SATYA PTY LTD,Goldfields DAMA,07-Nov-2025,06-Nov-2030
ADT AUSTRALIA NOMINEES PTY LTD,Goldfields DAMA,07-Nov-2025,06-Nov-2030
AMBER MOTEL (EUCLA) W.A. PTY LTD,Goldfields DAMA,10-Nov-2025,09-Nov-2030
Q.R.A PTY LIMITED,Industry – Premium Dining,04-Nov-2022,03-Nov-2027
BURSWOOD CARE PTY LTD,Industry - Aged Care,14-Nov-2025,13-Nov-2030
FULL GOSPEL ASSEMBLY MELBOURNE,Minister of Religion,14-Nov-2025,13-Nov-2030
Birrang Enterprise Development Company Ltd,Orana DAMA,14-Nov-2025,13-Nov-2030
ADELAIDE EATERY PTY LTD,South Australia Regional DAMA,14-Nov-2025,13-Nov-2030
Samaf Group Pty Ltd,Northern Territory DAMA,14-Nov-2025,13-Nov-2030
JBS AUSTRALIA PTY LIMITED,Townsville DAMA,14-Nov-2025,13-Nov-2030
Burralga Trading Pty Ltd,East Kimberley DAMA,17-Nov-2025,16-Nov-2030
K. LAMONT PTY LTD,Industry – Premium Dining,17-Nov-2025,16-Nov-2030
TBJ LOGISTICS PTY LTD,South Australia Regional DAMA,17-Nov-2025,16-Nov-2030
SWI (CS) PTY LTD,Northern Territory DAMA,17-Nov-2025,16-Nov-2030
Dixie Park Dairying Pty Ltd,Industry - Dairy,17-Nov-2025,16-Nov-2030
ARMADA ELC PTY LTD,Northern Territory DAMA,17-Nov-2025,16-Nov-2030
CABLE BEACH ROOFING PTY LTD,East Kimberley DAMA,17-Nov-2025,16-Nov-2030
Fowler Ventures Pty Ltd,Great South Coast DAMA,17-Nov-2025,16-Nov-2030
ODH Tyres Pty Ltd,Pilbara DAMA,17-Nov-2025,16-Nov-2030
Chandu Petroleum Pty Ltd,Orana DAMA,17-Nov-2025,16-Nov-2030
Platform 25 Pty Ltd,Orana DAMA,17-Nov-2025,16-Nov-2030
Midland Bacon Pty Ltd,Industry - Pork,18-Nov-2025,17-Nov-2030
Sarens (Australia) Pty Limited,WA DAMA,18-Nov-2025,17-Nov-2030
Mimosa Care Pty Ltd,Company Specific,18-Nov-2025,17-Nov-2030
JASALIS NOMINEES PTY LTD,Industry - Horticulture,18-Nov-2025,17-Nov-2030
Truflo Pumping Systems Pty Ltd,Orana DAMA,18-Nov-2025,17-Nov-2030
ASHAR&SONS PTY. LTD.,WA DAMA,18-Nov-2025,17-Nov-2030
SANDS FRIDGE LINES PTY LTD,Pilbara DAMA,18-Nov-2025,17-Nov-2030
Tan Huy's Trading Company Pty Ltd,Goulburn Valley DAMA,18-Nov-2025,17-Nov-2030
HULLY PTY LTD,South Australia Regional DAMA,19-Nov-2025,18-Nov-2030
ETS Earthworks Pty Ltd,WA DAMA,19-Nov-2025,18-Nov-2030
Hapuku Fisheries Pty Limited,Industry - Fishing,19-Nov-2025,18-Nov-2030
Juniper Lea Pty Ltd,Industry - Dairy,19-Nov-2025,18-Nov-2030
CUSTOMADE COMMERCIAL KITCHENS PTY LTD,Northern Territory DAMA,19-Nov-2025,18-Nov-2030
Cherratta Lodge Pty Ltd,Pilbara DAMA,19-Nov-2025,18-Nov-2030
SMC CRONULLA PTY LTD,Industry – Premium Dining,20-Nov-2025,19-Nov-2030
FRANKLAND ESTATE WINES PTY LTD,WA DAMA,20-Nov-2025,19-Nov-2030
CENTERWEST PTY LTD & OAKSTONE HOLDINGS PTY. LTD.,WA DAMA,20-Nov-2025,19-Nov-2030
MUKAYI HEALTHCARE PTY LTD,Goldfields DAMA,20-Nov-2025,19-Nov-2030
MIBATE PTY. LTD.,South Australia Regional DAMA,21-Nov-2025,21-Nov-2030
Nora Homecare Pty Ltd,Company Specific,21-Nov-2025,20-Nov-2030
NATIONAL WINDSCREENS PTY. LTD.,Northern Territory DAMA,21-Nov-2025,20-Nov-2030
BETTER CARE AUSTRALIA PTY LTD,South Australia Regional DAMA,24-Nov-2025,23-Nov-2030
JGC INDUSTRIES PTY LTD,East Kimberley DAMA,24-Nov-2025,23-Nov-2030
SEVENTH-DAY ADVENTIST CHURCH (GREATER SYDNEY CONFERENCE) LIMITED,Industry - Minister of Religion,24-Nov-2025,23-Nov-2030
ANGELS HOUSE PTY LTD,WA DAMA,24-Nov-2025,23-Nov-2030
A ANDERSON & L.G ANDERSON & W ANDERSON,WA DAMA,24-Nov-2025,23-Nov-2030
MY ABILITY ANGEL PTY LTD,Industry - Aged Care,24-Nov-2025,23-Nov-2030
AUSTRALIAN BUDDHIST VIHARA,Industry - Minister of Religion,24-Nov-2025,23-Nov-2030
TIWI LAND COUNCIL,Northern Territory DAMA,24-Nov-2025,23-Nov-2030
YAPP INVESTMENT HOLDINGS PTY. LIMITED,Northern Territory DAMA,24-Nov-2025,23-Nov-2030
I.R ROGERS & J.D ROGERS & KYLAGH NOMINEES PTY LTD AS TRUSTEE FOR THE IVAN ROGERS FAMILY TRUST,WA DAMA,24-Nov-2025,23-Nov-2030
Atlas Professionals Australia Pty Ltd,Industry - On-Hire,25-Nov-2025,24-Nov-2030
"RILEY, Alkira Jade",Industry - Dairy,25-Nov-2025,24-Nov-2030
KBSS PTY LTD,WA DAMA,25-Nov-2025,24-Nov-2030
Lucio's Sunshine Pty Ltd,Industry – Premium Dining,25-Nov-2025,24-Nov-2030
RAC TOURISM ASSETS PTY LTD,East Kimberley DAMA,25-Nov-2025,24-Nov-2030
MURRAY EDEN PTY. LTD.,Industry - Dairy,25-Nov-2025,24-Nov-2030
CHANOR HOLDINGS PTY LTD,Far North Queensland DAMA,25-Nov-2025,24-Nov-2030
TD & RM Currie PTY LTD,Great South Coast DAMA,26-Nov-2025,25-Nov-2030
HARTFELL PTY LIMITED,Townsville DAMA,26-Nov-2025,25-Nov-2030
Renko Group Pty Ltd,Northern Territory DAMA,26-Nov-2025,25-Nov-2030
Regis Aged Care Pty Ltd,South West DAMA,26-Nov-2025,25-Nov-2030
Vesta Cairns Pty Ltd,Far North Queensland DAMA,27-Nov-2025,26-Nov-2030
BODHI BUS PTY LTD,Northern Territory DAMA,27-Nov-2025,26-Nov-2030
Page Business Group Pty Ltd,Far North Queensland DAMA,27-Nov-2025,26-Nov-2030
THK Capital Pty Ltd,Townsville DAMA,27-Nov-2025,26-Nov-2030
MYT Framing Pty Ltd,South Australia Regional DAMA,27-Nov-2025,26-Nov-2030
SOUTHERN CROSS CARE (QLD) LTD,Industry - Aged Care,27-Nov-2025,26-Nov-2030
JABA TRANSPORT PTY LTD,Orana DAMA,27-Nov-2025,26-Nov-2030
MD & TJ Ryan Contracting Pty Ltd,Industry - Dairy,27-Nov-2025,26-Nov-2030
Gawled Pty Ltd,Northern Territory DAMA,27-Nov-2025,26-Nov-2030
Gawled Pty Ltd,Northern Territory DAMA,27-Nov-2025,26-Nov-2030
West Coast Care Pty Ltd,WA DAMA,28-Nov-2025,27-Nov-2030
CARE I WISH PTY LTD,Company Specific,28-Nov-2025,27-Nov-2030
Cobber Australia Pty Ltd,WA DAMA,28-Nov-2025,27-Nov-2030
Dhapai Investments Pty Ltd,WA DAMA,28-Nov-2025,27-Nov-2030
BLUE WHALE SOLUTIONS PTY LTD,Northern Territory DAMA,28-Nov-2025,27-Nov-2030
YAYA'S HELLENIC KITCHEN & BAR PTY LTD,Far North Queensland DAMA,28-Nov-2025,27-Nov-2030
Wecare Health Pty Ltd,Orana DAMA,28-Nov-2025,27-Nov-2030
Ord Mechanical Services Pty Ltd,East Kimberley DAMA,01-Dec-2025,30-Nov-2030
Mitolo group Pty Ltd,Industry - Horticulture,01-Dec-2025,30-Nov-2030
Emvee Group Pty Ltd,South West DAMA,01-Dec-2025,30-Nov-2030
BENNELONG ENTERPRISES PTY LTD,Industry – Premium Dining,01-Dec-2025,30-Nov-2030
Gnarabar Two Pty Ltd,South West DAMA,01-Dec-2025,30-Nov-2030
NT BAKERY PTY LTD,Northern Territory DAMA,01-Dec-2025,30-Nov-2030
The Trustee for Barangaroo Trust & The Trustee for the Mash Barangaroo Trust,Industry – Premium Dining,01-Dec-2025,30-Nov-2030
BISSY CARE AND SUPPORT SERVICES PTY LTD,South Australia Regional DAMA,02-Dec-2025,01-Dec-2030
Ostojic Group Pty Ltd,Northern Territory DAMA,02-Dec-2025,01-Dec-2030
LHERE ARTEPE RETAIL PTY LTD,Northern Territory DAMA,02-Dec-2025,01-Dec-2030
Mazdex Pty Ltd,Far North Queensland DAMA,02-Dec-2025,01-Dec-2030
TUNNEL HOLDINGS PTY LTD,WA DAMA,02-Dec-2025,01-Dec-2030
THE PARADE 21 PTY LTD,South Australia Regional DAMA,02-Dec-2025,01-Dec-2030
BENCHMARK PAINTING PTY LTD,WA DAMA,02-Dec-2025,01-Dec-2030
SHUTAN PTY. LTD.,Northern Territory DAMA,02-Dec-2025,01-Dec-2030
LUMINOUSCARENDIS PTY LTD,South Australia Regional DAMA,03-Dec-2025,02-Dec-2030
HOMEWISE HEALTH PTY LIMITED,Industry - Aged Care,03-Dec-2025,02-Dec-2030
CARE STAFF SUPPORT AUSTRALIA PTY LTD,Industry - Aged Care,04-Dec-2025,03-Dec-2030
PICCOLO CUCINA CAIRNS PTY LTD,Far North Queensland DAMA,04-Dec-2025,03-Dec-2030
LIFTRITE HIRE AND SALES PTY LTD,WA DAMA,04-Dec-2025,04-Dec-2025
GOLDENFLIPP PTY LTD.,Orana DAMA,04-Dec-2025,03-Dec-2030
SA BUILDING & CONSTRUCTION SUPPLIER PTY LTD,Adelaide City Tech and Innovation DAMA,04-Dec-2025,03-Dec-2030
"BEVERIDGE, GEOFFREY",Industry - Dairy,04-Dec-2025,03-Dec-2030
THE TRUSTEE FOR CASHKALANI FAMILY TRUST & THE TRUSTEE FOR DUNSTALL FAMILY TRUST & THE TRUSTEE FOR MATOMIET TRUST,Northern Territory DAMA,04-Dec-2025,03-Dec-2030
B.J MCCRACKEN & M.L MCCRACKEN,Industry - Dairy,04-Dec-2025,03-Dec-2030
SNB HOLDINGS WA PTY LTD,Pilbara DAMA,04-Dec-2025,03-Dec-2030
LAWRENCE AGRICULTURE (TAS) PTY LTD,Industry - Dairy,04-Dec-2025,03-Dec-2030
Hydramech Engineering Pty Ltd,Goldfields DAMA,05-Dec-2025,04-Dec-2030
"WONG, HINGSTON GIN HING",Northern Territory DAMA,05-Dec-2025,04-Dec-2030
Friends Care Services Pty Ltd,South West DAMA,05-Dec-2025,04-Dec-2030
GOLDFIELDS AUTO-TECH PTY LTD,Goldfields DAMA,05-Dec-2025,04-Dec-2030
YRC TRANSPORT PTY LTD,Company Specific,05-Dec-2025,04-Dec-2030
E.V MUDIE & G.M MUDIE,Goldfields DAMA,05-Dec-2025,04-Dec-2030
"JADUE, JALIL",Northern Territory DAMA,05-Dec-2025,04-Dec-2030
RALMANA PTY. LTD.,WA DAMA,05-Dec-2025,04-Dec-2030
Hughes Corporate Holdings Pty Ltd,Townsville DAMA,05-Dec-2025,04-Dec-2030
TRAFFIC WERX NT PTY LTD,Northern Territory DAMA,05-Dec-2025,04-Dec-2030
TRUSFFLE PTY LTD,South West DAMA,05-Dec-2025,04-Dec-2030
Samra Transports Pty Ltd,Orana DAMA,05-Dec-2025,04-Dec-2030
IR SERVICES (AUSTRALIA) PTY LIMITED,Company Specific,05-Dec-2025,04-Dec-2030
SEME SOLUTIONS PTY LTD,WA DAMA,05-Dec-2025,04-Dec-2030
Medispring Pty Ltd,Orana DAMA,05-Dec-2025,04-Dec-2030
EL- JASBELLA GROUP HR PTY LTD,Industry - Aged Care,08-Dec-2025,07-Dec-2030
Gods Will Presbyterian Church,Industry - Minister of Religion,08-Dec-2025,07-Dec-2030
Ochre Support Services Pty Ltd,Northern Territory DAMA,08-Dec-2025,07-Dec-2030
INSPEC GROUP PTY LTD,Industry - On-Hire,08-Dec-2025,07-Dec-2030
RATTLIN CHAINS PTY LTD,Northern Territory DAMA,08-Dec-2025,07-Dec-2030
N EL SKAF & A HAQUE,South Australia Regional DAMA,08-Dec-2025,07-Dec-2030
The Woodhill Trust & A.J Whyte & B.K Whyte & T.J Whyte,WA DAMA,08-Dec-2025,07-Dec-2030
ANGAD GROUP PTY LTD,WA DAMA,08-Dec-2025,07-Dec-2030
THE UNITING CHURCH IN AUSTRALIA PROPERTY TRUST (Q.),Townsville DAMA,09-Dec-2025,08-Dec-2030
Sunrise and Star Pty Ltd,Townsville DAMA,09-Dec-2025,08-Dec-2030
Orchid Thai Pty Ltd,Great South Coast DAMA,09-Dec-2025,08-Dec-2030
TRODAN PRODUCE (WA) PTY LTD,South West DAMA,09-Dec-2025,08-Dec-2030
Avon Valley Poultry Pty Ltd,WA DAMA,09-Dec-2025,08-Dec-2030
TYRE AND AUTO PTY LTD,Goulburn Valley DAMA,09-Dec-2025,08-Dec-2030
Studio Schools of Australia,East Kimberley DAMA,09-Dec-2025,08-Dec-2030
HAWK-EYES SURVEILLANCE PTY. LTD.,South Australia Regional DAMA,09-Dec-2025,08-Dec-2030
TORBAY LIFESTYLES AND CARE LIMITED,Industry - Aged Care,09-Dec-2025,08-Dec-2030
J.P HARRIS & L.R HARRIS & HFC COMMODITIES PTY LIMITED & JP & LR HARRIS FAMILY TRUST,Orana DAMA,09-Dec-2025,08-Dec-2030
Sundown Foods Australia Pty Ltd,Goulburn Valley DAMA,10-Dec-2025,09-Dec-2030
Jancha Pty Ltd,South Australia Regional DAMA,10-Dec-2025,09-Dec-2030
CHARIS MANAGEMENT SERVICES PTY LTD,Northern Territory DAMA,10-Dec-2025,09-Dec-2030
Northern Trade Solutions (NT) Pty Ltd,Northern Territory DAMA,10-Dec-2025,09-Dec-2030
BML Ventures Pty Ltd,Goldfields DAMA,10-Dec-2025,09-Dec-2030
HPP MANAGEMENT PTY LTD,Northern Territory DAMA,10-Dec-2025,09-Dec-2030
Global Supply Line Pty Ltd,South Australia Regional DAMA,10-Dec-2025,09-Dec-2030
Golden Avenue Restaurant Pty Ltd,Industry – Premium Dining,10-Dec-2025,09-Dec-2030
ASPHALTECH PTY. LTD.,WA DAMA,10-Dec-2025,09-Dec-2030
Sellwood Enterprises Pty Ltd,Northern Territory DAMA,11-Dec-2025,10-Dec-2030
PSSG GROUP PTY LTD,Goldfields DAMA,11-Dec-2025,10-Dec-2030
MERENDA WHOLESALERS PTY LTD,South Australia Regional DAMA,11-Dec-2025,10-Dec-2030
COBUILD CIVIL PTY LTD,South West DAMA,11-Dec-2025,10-Dec-2030
Precision Group (NT) Pty Ltd,Northern Territory DAMA,11-Dec-2025,10-Dec-2030
TMP TRANSPORT & FARMS PTY. LTD.,Northern Territory DAMA,12-Dec-2025,11-Dec-2030
ANLUCA PTY. LTD,Industry – Premium Dining,12-Dec-2025,11-Dec-2030
KAM FREIGHT LINES PTY LTD,WA DAMA,12-Dec-2025,11-Dec-2030
B A Hirsch Family Trust & B.A Hirsch & J.M Hirsch,WA DAMA,12-Dec-2025,11-Dec-2030
IEL STREAM AVE PTY LTD,Orana DAMA,12-Dec-2025,11-Dec-2030
Garde Investments Pty Ltd,Far North Queensland DAMA,12-Dec-2025,11-Dec-2030
J-CORP RESORT SERVICES PTY LTD,South West DAMA,12-Dec-2025,11-Dec-2030
T & M CONCRETORS PTY LIMITED,Northern Territory DAMA,12-Dec-2025,11-Dec-2030
OJO MEDICAL PTY LTD,Northern Territory DAMA,15-Dec-2025,14-Dec-2030
JSM Civils Pty Ltd,Northern Territory DAMA,15-Dec-2025,14-Dec-2030
CPC Services (NQ) Pty. Ltd,Far North Queensland DAMA,15-Dec-2025,14-Dec-2030
LACHLAN COMMODITIES PTY. LIMITED,Orana DAMA,15-Dec-2025,14-Dec-2030
5 Tribes Group Pty Ltd,Far North Queensland DAMA,15-Dec-2025,14-Dec-2030
Electrotech Australia Pty Limited,WA DAMA,15-Dec-2025,14-Dec-2030
DEPARTMENT OF EDUCATION,Pilbara DAMA,15-Dec-2025,14-Dec-2030
AUSTRALIAN PROPERTY PROJECTS PTY. LTD.,Northern Territory DAMA,16-Dec-2025,15-Dec-2030
Newlight Ability Services Pty Ltd,WA DAMA,16-Dec-2025,15-Dec-2030
ANELLA HOLDINGS PTY LTD,Far North Queensland DAMA,16-Dec-2025,15-Dec-2030
Rowan Transport Pty Ltd,Orana DAMA,16-Dec-2025,15-Dec-2030
HORIZEN CAFE OPERATIONS PTY LTD,Northern Territory DAMA,16-Dec-2025,15-Dec-2030
KINTARO R.P. PTY LTD,South Australia Regional DAMA,16-Dec-2025,15-Dec-2030
VISION 2020 HOTEL GROUP PTY LTD,WA DAMA,16-Dec-2025,15-Dec-2030
DALE J SMITH PTY LTD,Northern Territory DAMA,16-Dec-2025,15-Dec-2030
SKS Waterfront Hotel Pty Ltd,WA DAMA,16-Dec-2025,15-Dec-2030
Angel Entertainment Corporation Pty Ltd,Far North Queensland DAMA,16-Dec-2025,15-Dec-2030
MMC AUSTRALIA PTY LTD,Northern Territory DAMA,16-Dec-2025,15-Dec-2030
NB AUTOMOTIVE PTY LTD,Northern Territory DAMA,16-Dec-2025,15-Dec-2030
BRETT CATTLE COMPANY PTY LTD,Northern Territory DAMA,16-Dec-2025,15-Dec-2030
GALJO PTY LTD,Northern Territory DAMA,17-Dec-2025,16-Dec-2030
TRE Bears Pty Ltd,Goldfields DAMA,17-Dec-2025,16-Dec-2030
ELITE SURFACE PROTECTION PTY LTD,WA DAMA,17-Dec-2025,16-Dec-2030
Altora Ag Services Pty Ltd,Orana DAMA,17-Dec-2025,16-Dec-2030
NAZ Pty Ltd,Orana DAMA,17-Dec-2025,16-Dec-2030
DELTA WATER NT PTY LIMITED,Northern Territory DAMA,17-Dec-2025,16-Dec-2030
DASSAI DARWIN PTY LTD,Northern Territory DAMA,17-Dec-2025,16-Dec-2030
JB FOODS PTY LTD,Pilbara DAMA,17-Dec-2025,16-Dec-2030
J & J DREAMS PTY LTD,South Australia Regional DAMA,17-Dec-2025,16-Dec-2030
TOP END STEEL SUPPLIES PTY LIMITED,Northern Territory DAMA,17-Dec-2025,16-Dec-2030
Zest DCA Pty Ltd,Northern Territory DAMA,17-Dec-2025,16-Dec-2030
LIVE BIRDS SERVICES PTY LTD,South Australia Regional DAMA,17-Dec-2025,16-Dec-2030
CMV Truck & Bus Pty Ltd,Goulburn Valley DAMA,17-Dec-2025,16-Dec-2030
TEHGO PTY LTD,Northern Territory DAMA,14-Nov-2025,13-Nov-2030
Youth With A Mission Whitsunday Inc.,Industry - Minister of Religion,12-Dec-2025,11-Dec-2030
THE MEATBALL & WINE BAR PTY. LTD.,Industry – Premium Dining,15-Dec-2025,14-Dec-2030
HILLS TRANSPLANTS PTY. LTD.,Industry - Horticulture,15-Dec-2025,14-Dec-2030
MISTY VALLEY PASTORAL PTY LTD,Industry - Dairy,15-Dec-2025,14-Dec-2030
Zakzak Company Pty Ltd,Industry – Premium Dining,15-Dec-2025,14-Dec-2030
NIJJAR TRANSPORT PTY LTD,Company Specific,16-Dec-2025,15-Dec-2030
THE MEAT & WINE CO - INTERCONTINENTAL PTY LTD,Industry – Premium Dining,16-Dec-2025,15-Dec-2030
GUNAWAN CONCEPT PTY LTD,Northern Territory DAMA,18-Dec-2025,17-Dec-2030
DARWIN AUTOMOTIVE PTY LTD,Northern Territory DAMA,18-Dec-2025,17-Dec-2030
PACK INVESTMENTS PTY LTD,South Australia Regional DAMA,18-Dec-2025,17-Dec-2030
ACTIVE CRANE HIRE PTY LTD,Company Specific,19-Dec-2025,18-Dec-2030
Cagney Sports Pty Ltd,Company Specific,23-Dec-2025,22-Dec-2030
KRSP Pty Ltd,East Kimberley DAMA,18-Dec-2025,17-Dec-2030
NT BUSINESS SERVICE PTY LTD,Northern Territory DAMA,18-Dec-2025,17-Dec-2030
L.T LE & S.H TRINH,South Australia Regional DAMA,18-Dec-2025,17-Dec-2030
NT FOOD SERVICE PTY LTD,Northern Territory DAMA,19-Dec-2025,18-Dec-2030
Glenample Pty Limited,Great South Coast DAMA,19-Dec-2025,18-Dec-2030
Red Leaf Fresh Fruits Pty Ltd,Goulburn Valley DAMA,19-Dec-2025,18-Dec-2030
MMM TRAN INVESTMENTS PTY LTD,Northern Territory DAMA,19-Dec-2025,18-Dec-2030
AUSWIDE SINGH TRANSPORTATION SERVICES PTY LTD,Northern Territory DAMA,19-Dec-2025,18-Dec-2030
AVID HOLDING PTY LTD,WA DAMA,19-Dec-2025,18-Dec-2030
RM Hickey & the Trustee for the BP Hickey Family Trust & The Trustee for JJ Hickey Family Trust,WA DAMA,19-Dec-2025,18-Dec-2030
PRECISION DRILLING AUSTRALIA PTY LTD,WA DAMA,19-Dec-2025,18-Dec-2030
Admire Care Pty Ltd,WA DAMA,19-Dec-2025,18-Dec-2030
LIME INDUSTRIES PTY LTD,WA DAMA,19-Dec-2025,18-Dec-2030
ROBERN MENZ (MFG) PTY LTD,South Australia Regional DAMA,20-Dec-2025,19-Dec-2030
JIABVA PTY LTD,East Kimberley DAMA,22-Dec-2025,21-Dec-2030
GCAC ENTERPRISES PTY LTD,Far North Queensland DAMA,22-Dec-2025,21-Dec-2030
Chillys Pizza Pty Ltd,Far North Queensland DAMA,05-Jan-2026,04-Jan-2031
TAMBAVALE (QLD) PTY LTD,Far North Queensland DAMA,05-Jan-2026,04-Jan-2031
Calypso Inn Pty Ltd,Far North Queensland DAMA,07-Jan-2026,06-Jan-2031
ACN 115186091 Pty Ltd,Far North Queensland DAMA,08-Jan-2026,07-Jan-2031
BENSON HOTEL PTY LTD,Far North Queensland DAMA,08-Jan-2026,07-Jan-2031
L & J Horsford Pty Ltd,Far North Queensland DAMA,13-Jan-2026,12-Jan-2031
ECHUCA MOTEL & RESORT PTY LTD,Goulburn Valley DAMA,22-Dec-2025,21-Dec-2030
TASWELD ENGINEERING PTY. LIMITED,Great South Coast DAMA,07-Jan-2026,06-Jan-2031
RV WELDING & FABRICATION PTY LTD,Northern Territory DAMA,22-Dec-2025,21-Dec-2030
GOR YUMBULL CHILDCARE PTY LTD,Northern Territory DAMA,22-Dec-2025,21-Dec-2030
"MAIDEN, BILLIE JEAN",Northern Territory DAMA,22-Dec-2025,21-Dec-2030
CLEAN AGRICULTURE & INTERNATIONAL TOURISM PTY LTD,Northern Territory DAMA,22-Dec-2025,21-Dec-2030
Compass Group Remote Hospitality Services Pty Ltd,Northern Territory DAMA,22-Dec-2025,21-Dec-2030
SGRD CAFE'S PTY LTD,Northern Territory DAMA,22-Dec-2025,21-Dec-2030
JACOVIA PTY LTD,Northern Territory DAMA,06-Jan-2026,05-Jan-2031
UNIQUE INDUSTRIES PTY LTD,Northern Territory DAMA,06-Jan-2026,05-Jan-2031
CENTRAL DESERT REGIONAL COUNCIL,Northern Territory DAMA,06-Jan-2026,05-Jan-2031
MALLARD NOMINEES PTY. LTD.,Northern Territory DAMA,06-Jan-2026,05-Jan-2031
Guthrie-Edwin Property Services Pty Ltd,Northern Territory DAMA,06-Jan-2026,05-Jan-2031
TDC Refrigeration Pty Ltd,Northern Territory DAMA,06-Jan-2026,05-Jan-2031
AITHE PTY LTD,Northern Territory DAMA,07-Jan-2026,06-Jan-2031
PLATOCON MANAGEMENT PTY LTD,Northern Territory DAMA,08-Jan-2026,07-Jan-2031
ALL ABOUT PIZZA PTY LTD,Northern Territory DAMA,12-Jan-2026,11-Jan-2031
FLICK ANTICIMEX PTY LTD,Northern Territory DAMA,13-Jan-2026,12-Jan-2031
GRACE RECORDS MANAGEMENT (AUSTRALIA) PTY LTD,Northern Territory DAMA,13-Jan-2026,12-Jan-2031
Dolan Civil Pty Ltd,Northern Territory DAMA,13-Jan-2026,12-Jan-2031
Acecom NT Pty Ltd,Northern Territory DAMA,16-Jan-2026,15-Jan-2031
MIKE EXCAVATIONS PTY. LTD.,Northern Territory DAMA,16-Jan-2026,15-Jan-2031
DEMLAR PTY LTD,Northern Territory DAMA,16-Jan-2026,15-Jan-2031
HOPE ONLINE PTY LTD,Northern Territory DAMA,20-Jan-2026,19-Jan-2031
NT WASTE AWAY PTY LTD,Northern Territory DAMA,20-Jan-2026,19-Jan-2031
Diamond Barbers Pty Ltd,Northern Territory DAMA,21-Jan-2026,20-Jan-2031
AMAZING GRACE COMMUNITY SERVICES PTY. LTD.,Northern Territory DAMA,27-Jan-2026,26-Jan-2031
GRIFFITH ALMET ENGINEERING PTY LTD,Orana DAMA,22-Dec-2025,21-Dec-2030
ORIENTAL HOTEL MUDGEE PTY LTD,Orana DAMA,22-Dec-2025,21-Dec-2030
Auswide Accommodation Pty Ltd,Orana DAMA,07-Jan-2026,06-Jan-2031
HOMETOWN TRADINGS PTY LTD,Orana DAMA,08-Jan-2026,07-Jan-2031
AH Wagga Hotel Pty Ltd,Orana DAMA,12-Jan-2026,11-Jan-2031
YADU HEALTH MOBILE DENTAL SERVICES AUSTRALIA PTY LTD,South Australia Regional DAMA,22-Dec-2025,21-Dec-2030
WORKSHOP NOMINEES PTY. LTD.,South Australia Regional DAMA,05-Jan-2026,04-Jan-2031
SRS Settlement Pty Ltd,South Australia Regional DAMA,06-Jan-2026,05-Jan-2031
NATHAN TRENT VOIGT AND BRUCE LESLIE WIGNEY,South Australia Regional DAMA,06-Jan-2026,05-Jan-2031
CMI TRUCK CENTRE ADELAIDE PTY LTD,South Australia Regional DAMA,07-Jan-2026,06-Jan-2031
CKSK Pty Ltd,South Australia Regional DAMA,07-Jan-2026,06-Jan-2031
OFFLINE CAMPERS PTY LTD,South Australia Regional DAMA,07-Jan-2026,06-Jan-2031
DAMAN ENTERPRISES PTY LTD,South Australia Regional DAMA,08-Jan-2026,07-Jan-2031
SA Construct Pty Ltd,South Australia Regional DAMA,09-Jan-2026,08-Jan-2031
V4U CARE SERVICES PTY LTD,South Australia Regional DAMA,09-Jan-2026,08-Jan-2031
SUSHIHIRO GROUP PTY LTD,South Australia Regional DAMA,21-Jan-2026,20-Jan-2031
ECK TRADING PTY LTD,South Australia Regional DAMA,22-Jan-2026,21-Jan-2031
DIRECT CARE (AUSTRALIA) PTY. LTD.,South Australia Regional DAMA,22-Jan-2026,21-Jan-2031
"SOUTHERN CROSS CARE (SA, NT & VIC) INCORPORATED",South Australia Regional DAMA,22-Jan-2026,21-Jan-2031
BETTER CARE DISABILITY SUPPORT SERVICES PTY LTD,South Australia Regional DAMA,27-Jan-2026,26-Jan-2031
SAFE PLACES FOR CHILDREN (WA) LIMITED,South West DAMA,23-Dec-2025,22-Dec-2030
NATACUS PTY LTD,South West DAMA,06-Jan-2026,05-Jan-2031
TOTAL HARVESTING PTY LTD,South West DAMA,06-Jan-2026,05-Jan-2031
B.M. & J.P. WATTS PTY LTD,South West DAMA,16-Jan-2026,15-Jan-2031
FAIRBRIDGE WA LIMITED,South West DAMA,21-Jan-2026,20-Jan-2031
BARRETT FUNERALS (WA) PTY LTD,South West DAMA,27-Jan-2026,26-Jan-2031
FRANCIS TRANSPORT GROUP PTY LTD,Townsville DAMA,29-Dec-2025,28-Dec-2030
Norwest Exploration Pty Ltd,Townsville DAMA,07-Jan-2026,06-Jan-2031
Bridgewater Q Pty Ltd,Townsville DAMA,07-Jan-2026,06-Jan-2030
AXR Group Pty Limited,Townsville DAMA,08-Jan-2026,07-Jan-2031
IGNATIUS PARK COLLEGE,Townsville DAMA,14-Jan-2026,13-Jan-2031
Green Leaves ELC Pty Ltd,Townsville DAMA,20-Jan-2026,19-Jan-2031
SWAN CHRISTIAN EDUCATION ASSN INC,WA DAMA,22-Dec-2025,21-Dec-2030
JB STRUCTURES PTY LTD,WA DAMA,22-Dec-2025,21-Dec-2030
PARAS CORPORATE PTY LTD,WA DAMA,22-Dec-2025,21-Dec-2030
JAGS HAULAGE PTY LTD,WA DAMA,07-Jan-2026,06-Jan-2031
ANNADALE WA PTY LTD,WA DAMA,07-Jan-2026,06-Jan-2031
LW's Grain Covering PTY LTD,WA DAMA,08-Jan-2026,07-Jan-2031
GIOCONDO PTY LTD,WA DAMA,08-Jan-2026,07-Jan-2031
JSK QUALITY HOLDINGS PTY LTD,WA DAMA,08-Jan-2026,07-Jan-2031
CLEIGHT PTY LTD,WA DAMA,08-Jan-2026,07-Jan-2031
HAYLEY ANN MARTIN,WA DAMA,09-Jan-2026,08-Jan-2031
RIVERLIGHT NOMINEES PTY LTD,WA DAMA,09-Jan-2026,08-Jan-2031
Reef Group Pty Ltd,WA DAMA,09-Jan-2026,08-Jan-2031
Bitumen Distributors Pty Ltd,WA DAMA,09-Jan-2026,08-Jan-2031
Hanssen Pty Ltd,WA DAMA,13-Jan-2026,12-Jan-2031
MAMMOTH CONTRACTING (WA) PTY LTD,WA DAMA,15-Jan-2026,14-Jan-2031
SG Carriers Pty Ltd,WA DAMA,15-Jan-2026,14-Jan-2031
ADC CONSTRUCTION PTY LIMITED,WA DAMA,15-Jan-2026,14-Jan-2031
CHRISTIAN ABORIGINAL PARENT DIRECTED SCHOOL,WA DAMA,15-Jan-2026,14-Jan-2031
ALPHA CARERS AUSTRALIA PTY LTD,WA DAMA,16-Jan-2026,15-Jan-2031
SWIFT HOLDINGS INVESTMENTS PTY LTD,WA DAMA,21-Jan-2026,20-Jan-2031
BT SERVICES ENTERPRISES PTY LTD,WA DAMA,23-Jan-2026,22-Jan-2031
NAZARETH CARE,WA DAMA,23-Jan-2026,22-Jan-2031
ORORA LIMITED,WA DAMA,27-Jan-2026,26-Jan-2031
DEPARTMENT OF EDUCATION,Goldfields DAMA,29-Dec-2025,28-Dec-2030
SKYWOOD NOMINEES PTY LTD,Goldfields DAMA,08-Jan-2026,07-Jan-2031
Arkle Farms (Operations) Pty Ltd,Goldfields DAMA,12-Jan-2026,11-Jan-2031
Bedingfeld Park Inc,Industry - Aged Care,16-Jan-2026,15-Jan-2031
Murravale Retirement Home LTD,Industry - Aged Care,19-Jan-2026,18-Jan-2031
Puunyart Partnership Pty Ltd,Industry - Dairy,08-Jan-2026,07-Jan-2031
Ashgrove Farms Tasmania Pty Ltd,Industry - Dairy,15-Jan-2026,14-Jan-2031
H&B PARRAMATTA PTY LTD,Fine Dining,19-Dec-2025,18-Dec-2030
CHU BRAND PTY LTD,Fine Dining,19-Dec-2025,18-Dec-2030
THE SANDERSON STEAK & OYSTERS PTY LTD,Fine Dining,19-Dec-2025,18-Dec-2030
The trustee for Chiswick Investment Trust & THE TRUSTEE FOR THE CHISWICK GARDENS TRUST,Fine Dining,08-Jan-2026,07-Jan-2031
POPOLO ITALIAN KITCHEN & BAR PTY LTD,Fine Dining,19-Jan-2026,18-Jan-2031
Spellbound Holdings Pty Ltd,Industry - Fishing,02-Jan-2026,01-Jan-2031
PAUL VIC GLAVOCICH,Industry - Horticulture,05-Jan-2026,04-Jan-2031
Cirillo Management Group Pty Ltd,Industry - Horticulture,15-Jan-2026,14-Jan-2031
DO FARMING INVESTMENT PTY LTD,Industry - Horticulture,19-Jan-2026,18-Jan-2031
INTERNATIONAL CENTER OF INTEGRAL THEOTHERAPY PTY LTD,Industry - Minister of Religion,06-Jan-2026,05-Jan-2031
ANAND ISHAR PTY. LTD.,Industry - Minister of Religion,08-Jan-2026,07-Jan-2031
WAT BUDDHA DHAMMA FOUNDATION LIMITED,Industry - Minister of Religion,22-Jan-2026,21-Jan-2031
Universal Builders Group Pty Ltd,Skilled Refugee Pilot,09-Jan-2026,08-Jan-2031
Improvision Group Pty Ltd,Skilled Refugee Pilot,09-Jan-2026,08-Jan-2031
I Rassa & A Rezayee,Skilled Refugee Pilot,14-Jan-2026,13-Jan-2031
G.S HUSSAINI & M HUSSAINI,Skilled Refugee Pilot,23-Jan-2026,22-Jan-2031
Singh Gill Farm Pty Ltd,Industry - Horticulture,06-Feb-2026,05-Feb-2031
UMAHANI PETROLEUM PTY LTD,Goulburn Valley DAMA,02-Feb-2026,01-Feb-2031
NJ FARMS GROUP PTY LTD,Industry - Dairy,17-Feb-2026,16-Feb-2031
CORD NOMINEES PTY LTD,WA DAMA,16-Feb-2026,15-Feb-2031
DCOH Services Pty Ltd,Northern Territory DAMA,10-Feb-2026,09-Feb-2031
CENTRE OF NEW LIFE SYDNEY INCORPORATED,Industry - Minister of Religion,06-Feb-2026,05-Feb-2031
JL Hunter Pty Ltd,Northern Territory DAMA,13-Feb-2026,12-Feb-2031
FOX ORCHARDS PTY LTD,South West DAMA,10-Feb-2026,09-Feb-2031
SINGH TRANS PTY LTD,WA DAMA,13-Feb-2026,12-Feb-2031
REI FONG PTY LTD,Company Specific,03-Feb-2026,02-Feb-2031
P.M MARTINEZ & R MARTINEZ & N TURNBULL,Orana DAMA,10-Feb-2026,09-Feb-2031
COLEMANS PRINTING ALICE SPRINGS PTY LTD,Northern Territory DAMA,10-Feb-2026,09-Feb-2031
DMCK PTY LTD,Industry - Dairy,17-Feb-2026,16-Feb-2031
Sweet World Company Pty Ltd,WA DAMA,03-Feb-2026,02-Feb-2031
ANDURANCE CARE SERVICE PTY LTD,Company Specific,13-Feb-2026,12-Feb-2031
MUTITJULU COMMUNITY ABORIGINAL CORPORATION,Northern Territory DAMA,13-Feb-2026,12-Feb-2031
FL Pools Pty Ltd,Northern Territory DAMA,18-Feb-2026,17-Feb-2031
INTRINSIC PROJECT PTY LTD,Company Specific,03-Feb-2026,02-Feb-2031
PREM PRAKASH MANDAL TEMPLE LTD.,Industry - Minister of Religion,11-Feb-2026,10-Feb-2031
EGU Panel Works Pty Ltd,Northern Territory DAMA,05-Feb-2026,04-Feb-2031
Silant Pty Ltd,Far North Queensland DAMA,04-Feb-2026,04-Feb-2031
Delvadee Pty Ltd,Industry - Pork,18-Feb-2026,17-Feb-2031
Oakey Beef Exports Pty Ltd,Industry - Meat,18-Feb-2026,17-Feb-2031
B.J FISCHER & K.L.M FISCHER,Industry - Dairy,13-Feb-2026,12-Feb-2031
WENG GROUP PTY LTD,South Australia Regional DAMA,09-Feb-2026,08-Feb-2031
A. M. CRANES & RIGGING PTY LTD,Northern Territory DAMA,29-Jan-2026,28-Jan-2031
CARPE DIEM COMMUNITY SERVICES PTY LTD,Northern Territory DAMA,30-Jan-2026,29-Jan-2031
CUCKOO VALLEY PTY LTD,Industry - Pork,10-Feb-2026,09-Feb-2031
Palmerston Camera House Pty Ltd,Northern Territory DAMA,09-Feb-2026,08-Feb-2031
HULA BAR PTY LTD,Pilbara DAMA,12-Feb-2026,11-Feb-2031
Yealeringa Pty Ltd,WA DAMA,10-Feb-2026,09-Feb-2031
THE Mining Pty Ltd,Northern Territory DAMA,10-Feb-2026,09-Feb-2031
Dais Build Pty Ltd,Skilled Refugee Pilot,29-Jan-2026,28-Jan-2031
PTM Pilbara Traffic Management Pty Ltd,WA DAMA,13-Feb-2026,12-Feb-2031
B WOODLEY & B.J WOODLEY,Far North Queensland DAMA,29-Jan-2026,28-Jan-2031
AUSTRALIAN REGIONAL AND REMOTE COMMUNITY SERVICES LIMITED,Industry - Aged Care,06-Feb-2026,05-Feb-2031
Gianotti Investment Pty. Ltd.,Townsville DAMA,29-Jan-2026,28-Jan-2031
SEALANES (1985) PTY LTD,Industry - Fishing,17-Feb-2026,16-Feb-2031
PRECISION VITICULTURE AUSTRALIA PTY LTD,South West DAMA,09-Feb-2026,08-Feb-2031
Jahani Tiling Pty Ltd,Skilled Refugee Pilot,05-Feb-2026,04-Feb-2031
Hair Obsession Nightcliff Pty Ltd,Northern Territory DAMA,11-Feb-2026,10-Feb-2031
NICOL & SON PRODUCE GROWERS PTY LTD,South Australia Regional DAMA,13-Feb-2026,12-Feb-2031
JOHN JAMIE VOGELS & ANDREW JOHN VOGELS,Industry - Dairy,18-Feb-2026,17-Feb-2031
K Food Land Pty Ltd,Northern Territory DAMA,02-Feb-2026,01-Feb-2031
CUNDA PTY LTD,Goulburn Valley DAMA,10-Feb-2026,09-Feb-2031
DAVID GORDON MAITLAND AND MARGOT JANE MAITLAND,South Australia Regional DAMA,02-Feb-2026,01-Feb-2031
INTEGRATED MANAGEMENT CONSULTANTS PTY LTD,WA DAMA,29-Jan-2026,28-Jan-2031
NGUYEN INVESTMENT AUS PTY LTD,Northern Territory DAMA,06-Feb-2026,05-Jun-2031
BOMBORA FISHING SERVICES PTY LTD,Industry - Fishing,03-Feb-2026,02-Feb-2031
WIGGINS ENTERPRISES WA PTY LTD & D WIGGINS & S WIGGINS,WA DAMA,04-Feb-2026,03-Feb-2031
ADELAIDE PAEDIATRICS PTY LTD,South Australia Regional DAMA,04-Feb-2026,03-Feb-2031
The Australian Asian Association of Western Australia Inc,WA DAMA,05-Feb-2026,04-Feb-2031
MIKA.ONE PTY LTD,Far North Queensland DAMA,09-Feb-2026,08-Feb-2031
DRILL-MAC PTY LTD,Company Specific,10-Feb-2026,09-Feb-2031
HamiltonJet Australia Pty Ltd,WA DAMA,08-Feb-2026,07-Feb-2031
TRUSTEES OF THE LEBANESE MARONITE ORDER,Industry - Minister of Religion,06-Feb-2026,05-Feb-2031
LEGACY DEVELOPMENTS PTY LTD,WA DAMA,06-Feb-2026,05-Feb-2031
SG FOODSERVICE PTY LTD,Industry – Premium Dining,03-Feb-2026,02-Feb-2031
HANDS ON PEOPLE PTY LTD,Northern Territory DAMA,04-Feb-2026,03-Feb-2031
KRASNA MOTORS PTY LTD,Company Specific,05-Feb-2026,04-Feb-2031
Burlington Berries Pty Ltd,Company Specific,05-Feb-2026,04-Feb-2031
LOCK DELTA PTY LTD,South Australia Regional DAMA,18-Feb-2026,17-Feb-2031
Robit Australia Pty Ltd,Goldfields DAMA,03-Feb-2026,02-Feb-2031
Wala-Anna Pty Ltd,Industry - Dairy,13-Feb-2026,12-Feb-2031
BETTAFIELD PIGGERY PTY. LTD.,Industry - Pork,10-Feb-2026,09-Feb-2031
STONEGOLD INVESTMENTS PTY. LTD.,Industry - Dairy,16-Feb-2026,15-Feb-2031
BROOKSTEAD FARMING COMPANY PTY. LTD.,East Kimberley DAMA,29-Jan-2026,28-Jan-2031
REMBRANDT LIVING INCORPORATED,Industry - Aged Care,06-Feb-2026,05-Feb-2031
CARRAMAR PTY LTD,Industry - Dairy,18-Feb-2026,17-Feb-2031
Springs cleaning & property services PTY LTD,Northern Territory DAMA,04-Feb-2026,03-Feb-2031
MACEDONIAN ORTHODOX CHURCH SAINT KLIMENT OF OHRID,Industry - Minister of Religion,16-Feb-2026,15-Feb-2031
JUST LIVING PTY LTD,South Australia Regional DAMA,05-Feb-2026,04-Feb-2031
